experiment_id,seed,panel_id,scenario,method,intervention,washout_batches,direction,n,accuracy,nll,brier,ece15,seconds,updates,skipped,recoveries,prediction_file
stage_a_uci_v1,17,uci_internal_fixed,noise_brightness_to_blur,source,none,0,ab,512,0.75390625,0.7397834825000255,0.357925374917637,0.07083422811046239,0.035688999996636994,0,0,0,predictions/17_uci_internal_fixed_noise_brightness_to_blur_source_w0_none_ab.npz
stage_a_uci_v1,17,uci_internal_fixed,noise_brightness_to_blur,source,none,0,ba,512,0.75390625,0.7397834825000255,0.357925374917637,0.07083422811046239,0.02017780000460334,0,0,0,predictions/17_uci_internal_fixed_noise_brightness_to_blur_source_w0_none_ba.npz
stage_a_uci_v1,17,uci_internal_fixed,noise_brightness_to_blur,source,all,0,ab,512,0.75390625,0.7397834825000255,0.357925374917637,0.07083422811046239,0.015885200002230704,0,0,0,predictions/17_uci_internal_fixed_noise_brightness_to_blur_source_w0_all_ab.npz
stage_a_uci_v1,17,uci_internal_fixed,noise_brightness_to_blur,source,all,0,ba,512,0.75390625,0.7397834825000255,0.357925374917637,0.07083422811046239,0.016793099988717586,0,0,0,predictions/17_uci_internal_fixed_noise_brightness_to_blur_source_w0_all_ba.npz
stage_a_uci_v1,17,uci_internal_fixed,noise_brightness_to_blur,source,none,4,ab,512,0.75390625,0.7397834825000255,0.357925374917637,0.07083422811046239,0.019543399990652688,0,0,0,predictions/17_uci_internal_fixed_noise_brightness_to_blur_source_w4_none_ab.npz
stage_a_uci_v1,17,uci_internal_fixed,noise_brightness_to_blur,source,none,4,ba,512,0.75390625,0.7397834825000255,0.357925374917637,0.07083422811046239,0.018651599995791912,0,0,0,predictions/17_uci_internal_fixed_noise_brightness_to_blur_source_w4_none_ba.npz
stage_a_uci_v1,17,uci_internal_fixed,noise_brightness_to_blur,source,all,4,ab,512,0.75390625,0.7397834825000255,0.357925374917637,0.07083422811046239,0.023436599993146956,0,0,0,predictions/17_uci_internal_fixed_noise_brightness_to_blur_source_w4_all_ab.npz
stage_a_uci_v1,17,uci_internal_fixed,noise_brightness_to_blur,source,all,4,ba,512,0.75390625,0.7397834825000255,0.357925374917637,0.07083422811046239,0.021638699996401556,0,0,0,predictions/17_uci_internal_fixed_noise_brightness_to_blur_source_w4_all_ba.npz
stage_a_uci_v1,17,uci_internal_fixed,noise_brightness_to_blur,norm,none,0,ab,512,0.734375,0.9610118482059603,0.40689097203931823,0.1526015961933057,0.0264008000085596,0,0,0,predictions/17_uci_internal_fixed_noise_brightness_to_blur_norm_w0_none_ab.npz
stage_a_uci_v1,17,uci_internal_fixed,noise_brightness_to_blur,norm,none,0,ba,512,0.734375,0.9610118482059603,0.40689097203931823,0.1526015961933057,0.027838400012115017,0,0,0,predictions/17_uci_internal_fixed_noise_brightness_to_blur_norm_w0_none_ba.npz
stage_a_uci_v1,17,uci_internal_fixed,noise_brightness_to_blur,norm,all,0,ab,512,0.734375,0.9610118482059603,0.40689097203931823,0.1526015961933057,0.026196899998467416,0,0,0,predictions/17_uci_internal_fixed_noise_brightness_to_blur_norm_w0_all_ab.npz
stage_a_uci_v1,17,uci_internal_fixed,noise_brightness_to_blur,norm,all,0,ba,512,0.734375,0.9610118482059603,0.40689097203931823,0.1526015961933057,0.02345160000550095,0,0,0,predictions/17_uci_internal_fixed_noise_brightness_to_blur_norm_w0_all_ba.npz
stage_a_uci_v1,17,uci_internal_fixed,noise_brightness_to_blur,norm,none,4,ab,512,0.734375,0.9610118482059603,0.40689097203931823,0.1526015961933057,0.025665099994512275,0,0,0,predictions/17_uci_internal_fixed_noise_brightness_to_blur_norm_w4_none_ab.npz
stage_a_uci_v1,17,uci_internal_fixed,noise_brightness_to_blur,norm,none,4,ba,512,0.734375,0.9610118482059603,0.40689097203931823,0.1526015961933057,0.02726750000147149,0,0,0,predictions/17_uci_internal_fixed_noise_brightness_to_blur_norm_w4_none_ba.npz
stage_a_uci_v1,17,uci_internal_fixed,noise_brightness_to_blur,norm,all,4,ab,512,0.734375,0.9610118482059603,0.40689097203931823,0.1526015961933057,0.023803999996744096,0,0,0,predictions/17_uci_internal_fixed_noise_brightness_to_blur_norm_w4_all_ab.npz
stage_a_uci_v1,17,uci_internal_fixed,noise_brightness_to_blur,norm,all,4,ba,512,0.734375,0.9610118482059603,0.40689097203931823,0.1526015961933057,0.02246720000403002,0,0,0,predictions/17_uci_internal_fixed_noise_brightness_to_blur_norm_w4_all_ba.npz
stage_a_uci_v1,17,uci_internal_fixed,noise_brightness_to_blur,tent,none,0,ab,512,0.73828125,0.9594604372027743,0.40631625907895574,0.1499081905128251,0.07267489998776,16,0,0,predictions/17_uci_internal_fixed_noise_brightness_to_blur_tent_w0_none_ab.npz
stage_a_uci_v1,17,uci_internal_fixed,noise_brightness_to_blur,tent,none,0,ba,512,0.736328125,0.9595101957422999,0.4063467299471312,0.15086200653209658,0.06711200000427198,16,0,0,predictions/17_uci_internal_fixed_noise_brightness_to_blur_tent_w0_none_ba.npz
stage_a_uci_v1,17,uci_internal_fixed,noise_brightness_to_blur,tent,parameters,0,ab,512,0.736328125,0.9603841960017033,0.4066517575381904,0.1507680852010501,0.059905499991145916,16,0,0,predictions/17_uci_internal_fixed_noise_brightness_to_blur_tent_w0_parameters_ab.npz
stage_a_uci_v1,17,uci_internal_fixed,noise_brightness_to_blur,tent,parameters,0,ba,512,0.736328125,0.9603447574432539,0.40662208593575516,0.15079228105678333,0.06710519999614917,16,0,0,predictions/17_uci_internal_fixed_noise_brightness_to_blur_tent_w0_parameters_ba.npz
stage_a_uci_v1,17,uci_internal_fixed,noise_brightness_to_blur,tent,optimizer,0,ab,512,0.73828125,0.9596418976788146,0.40637514797767843,0.14988741361884916,0.07093060000624973,16,0,0,predictions/17_uci_internal_fixed_noise_brightness_to_blur_tent_w0_optimizer_ab.npz
stage_a_uci_v1,17,uci_internal_fixed,noise_brightness_to_blur,tent,optimizer,0,ba,512,0.736328125,0.9597375394739966,0.4064371655078217,0.1508147037638371,0.0800868999940576,16,0,0,predictions/17_uci_internal_fixed_noise_brightness_to_blur_tent_w0_optimizer_ba.npz
stage_a_uci_v1,17,uci_internal_fixed,noise_brightness_to_blur,tent,parameters_optimizer,0,ab,512,0.736328125,0.9605633492946245,0.4067108090991757,0.15074453254865308,0.08031819999450818,16,0,0,predictions/17_uci_internal_fixed_noise_brightness_to_blur_tent_w0_parameters_optimizer_ab.npz
stage_a_uci_v1,17,uci_internal_fixed,noise_brightness_to_blur,tent,parameters_optimizer,0,ba,512,0.736328125,0.9605633492946245,0.4067108090991757,0.15074453254865308,0.07785859999421518,16,0,0,predictions/17_uci_internal_fixed_noise_brightness_to_blur_tent_w0_parameters_optimizer_ba.npz
stage_a_uci_v1,17,uci_internal_fixed,noise_brightness_to_blur,tent,aux,0,ab,512,0.73828125,0.9594604372027743,0.40631625907895574,0.1499081905128251,0.07842469999741297,16,0,0,predictions/17_uci_internal_fixed_noise_brightness_to_blur_tent_w0_aux_ab.npz
stage_a_uci_v1,17,uci_internal_fixed,noise_brightness_to_blur,tent,aux,0,ba,512,0.736328125,0.9595101957422999,0.4063467299471312,0.15086200653209658,0.07371120000607334,16,0,0,predictions/17_uci_internal_fixed_noise_brightness_to_blur_tent_w0_aux_ba.npz
stage_a_uci_v1,17,uci_internal_fixed,noise_brightness_to_blur,tent,parameters_aux,0,ab,512,0.736328125,0.9603841960017033,0.4066517575381904,0.1507680852010501,0.07930359999591019,16,0,0,predictions/17_uci_internal_fixed_noise_brightness_to_blur_tent_w0_parameters_aux_ab.npz
stage_a_uci_v1,17,uci_internal_fixed,noise_brightness_to_blur,tent,parameters_aux,0,ba,512,0.736328125,0.9603447574432539,0.40662208593575516,0.15079228105678333,0.06811809999635443,16,0,0,predictions/17_uci_internal_fixed_noise_brightness_to_blur_tent_w0_parameters_aux_ba.npz
stage_a_uci_v1,17,uci_internal_fixed,noise_brightness_to_blur,tent,optimizer_aux,0,ab,512,0.73828125,0.9596418976788146,0.40637514797767843,0.14988741361884916,0.06469710000965279,16,0,0,predictions/17_uci_internal_fixed_noise_brightness_to_blur_tent_w0_optimizer_aux_ab.npz
stage_a_uci_v1,17,uci_internal_fixed,noise_brightness_to_blur,tent,optimizer_aux,0,ba,512,0.736328125,0.9597375394739966,0.4064371655078217,0.1508147037638371,0.06291790000977926,16,0,0,predictions/17_uci_internal_fixed_noise_brightness_to_blur_tent_w0_optimizer_aux_ba.npz
stage_a_uci_v1,17,uci_internal_fixed,noise_brightness_to_blur,tent,parameters_optimizer_aux,0,ab,512,0.736328125,0.9605633492946245,0.4067108090991757,0.15074453254865308,0.06939289999718312,16,0,0,predictions/17_uci_internal_fixed_noise_brightness_to_blur_tent_w0_parameters_optimizer_aux_ab.npz
stage_a_uci_v1,17,uci_internal_fixed,noise_brightness_to_blur,tent,parameters_optimizer_aux,0,ba,512,0.736328125,0.9605633492946245,0.4067108090991757,0.15074453254865308,0.06153259999700822,16,0,0,predictions/17_uci_internal_fixed_noise_brightness_to_blur_tent_w0_parameters_optimizer_aux_ba.npz
stage_a_uci_v1,17,uci_internal_fixed,noise_brightness_to_blur,tent,all,0,ab,512,0.736328125,0.9605633492946245,0.4067108090991757,0.15074453254865308,0.060582799997064285,16,0,0,predictions/17_uci_internal_fixed_noise_brightness_to_blur_tent_w0_all_ab.npz
stage_a_uci_v1,17,uci_internal_fixed,noise_brightness_to_blur,tent,all,0,ba,512,0.736328125,0.9605633492946245,0.4067108090991757,0.15074453254865308,0.07359609998820815,16,0,0,predictions/17_uci_internal_fixed_noise_brightness_to_blur_tent_w0_all_ba.npz
stage_a_uci_v1,17,uci_internal_fixed,noise_brightness_to_blur,tent,none,4,ab,512,0.740234375,0.9590098242500515,0.40615028215392496,0.151610802434183,0.07931929999904241,16,0,0,predictions/17_uci_internal_fixed_noise_brightness_to_blur_tent_w4_none_ab.npz
stage_a_uci_v1,17,uci_internal_fixed,noise_brightness_to_blur,tent,none,4,ba,512,0.740234375,0.9590460082015724,0.40617105620912064,0.1515987119569554,0.06607960000110324,16,0,0,predictions/17_uci_internal_fixed_noise_brightness_to_blur_tent_w4_none_ba.npz
stage_a_uci_v1,17,uci_internal_fixed,noise_brightness_to_blur,tent,parameters,4,ab,512,0.736328125,0.9602622755506314,0.40659644375220527,0.1508094445948125,0.06895600000279956,16,0,0,predictions/17_uci_internal_fixed_noise_brightness_to_blur_tent_w4_parameters_ab.npz
stage_a_uci_v1,17,uci_internal_fixed,noise_brightness_to_blur,tent,parameters,4,ba,512,0.736328125,0.9602380330627535,0.4065772737932776,0.15082538928994405,0.0652031000063289,16,0,0,predictions/17_uci_internal_fixed_noise_brightness_to_blur_tent_w4_parameters_ba.npz
stage_a_uci_v1,17,uci_internal_fixed,noise_brightness_to_blur,tent,optimizer,4,ab,512,0.740234375,0.9593098016605295,0.40626353023037964,0.15156999243863478,0.062105099990731105,16,0,0,predictions/17_uci_internal_fixed_noise_brightness_to_blur_tent_w4_optimizer_ab.npz
stage_a_uci_v1,17,uci_internal_fixed,noise_brightness_to_blur,tent,optimizer,4,ba,512,0.740234375,0.9593718649893949,0.4063037396874638,0.15154655102487602,0.06785469999886118,16,0,0,predictions/17_uci_internal_fixed_noise_brightness_to_blur_tent_w4_optimizer_ba.npz
stage_a_uci_v1,17,uci_internal_fixed,noise_brightness_to_blur,tent,parameters_optimizer,4,ab,512,0.736328125,0.9605633492946245,0.4067108090991757,0.15074453254865308,0.06527979999373201,16,0,0,predictions/17_uci_internal_fixed_noise_brightness_to_blur_tent_w4_parameters_optimizer_ab.npz
stage_a_uci_v1,17,uci_internal_fixed,noise_brightness_to_blur,tent,parameters_optimizer,4,ba,512,0.736328125,0.9605633492946245,0.4067108090991757,0.15074453254865308,0.09981770000013057,16,0,0,predictions/17_uci_internal_fixed_noise_brightness_to_blur_tent_w4_parameters_optimizer_ba.npz
stage_a_uci_v1,17,uci_internal_fixed,noise_brightness_to_blur,tent,aux,4,ab,512,0.740234375,0.9590098242500515,0.40615028215392496,0.151610802434183,0.0809618000057526,16,0,0,predictions/17_uci_internal_fixed_noise_brightness_to_blur_tent_w4_aux_ab.npz
stage_a_uci_v1,17,uci_internal_fixed,noise_brightness_to_blur,tent,aux,4,ba,512,0.740234375,0.9590460082015724,0.40617105620912064,0.1515987119569554,0.06568990000232588,16,0,0,predictions/17_uci_internal_fixed_noise_brightness_to_blur_tent_w4_aux_ba.npz
stage_a_uci_v1,17,uci_internal_fixed,noise_brightness_to_blur,tent,parameters_aux,4,ab,512,0.736328125,0.9602622755506314,0.40659644375220527,0.1508094445948125,0.06545330000517424,16,0,0,predictions/17_uci_internal_fixed_noise_brightness_to_blur_tent_w4_parameters_aux_ab.npz
stage_a_uci_v1,17,uci_internal_fixed,noise_brightness_to_blur,tent,parameters_aux,4,ba,512,0.736328125,0.9602380330627535,0.4065772737932776,0.15082538928994405,0.0701136999996379,16,0,0,predictions/17_uci_internal_fixed_noise_brightness_to_blur_tent_w4_parameters_aux_ba.npz
stage_a_uci_v1,17,uci_internal_fixed,noise_brightness_to_blur,tent,optimizer_aux,4,ab,512,0.740234375,0.9593098016605295,0.40626353023037964,0.15156999243863478,0.08699589999741875,16,0,0,predictions/17_uci_internal_fixed_noise_brightness_to_blur_tent_w4_optimizer_aux_ab.npz
stage_a_uci_v1,17,uci_internal_fixed,noise_brightness_to_blur,tent,optimizer_aux,4,ba,512,0.740234375,0.9593718649893949,0.4063037396874638,0.15154655102487602,0.08726790000218898,16,0,0,predictions/17_uci_internal_fixed_noise_brightness_to_blur_tent_w4_optimizer_aux_ba.npz
stage_a_uci_v1,17,uci_internal_fixed,noise_brightness_to_blur,tent,parameters_optimizer_aux,4,ab,512,0.736328125,0.9605633492946245,0.4067108090991757,0.15074453254865308,0.07694880000781268,16,0,0,predictions/17_uci_internal_fixed_noise_brightness_to_blur_tent_w4_parameters_optimizer_aux_ab.npz
stage_a_uci_v1,17,uci_internal_fixed,noise_brightness_to_blur,tent,parameters_optimizer_aux,4,ba,512,0.736328125,0.9605633492946245,0.4067108090991757,0.15074453254865308,0.07637320000503678,16,0,0,predictions/17_uci_internal_fixed_noise_brightness_to_blur_tent_w4_parameters_optimizer_aux_ba.npz
stage_a_uci_v1,17,uci_internal_fixed,noise_brightness_to_blur,tent,all,4,ab,512,0.736328125,0.9605633492946245,0.4067108090991757,0.15074453254865308,0.06772840001212899,16,0,0,predictions/17_uci_internal_fixed_noise_brightness_to_blur_tent_w4_all_ab.npz
stage_a_uci_v1,17,uci_internal_fixed,noise_brightness_to_blur,tent,all,4,ba,512,0.736328125,0.9605633492946245,0.4067108090991757,0.15074453254865308,0.07531029998790473,16,0,0,predictions/17_uci_internal_fixed_noise_brightness_to_blur_tent_w4_all_ba.npz
stage_a_uci_v1,17,uci_internal_fixed,noise_brightness_to_blur,sar_complete,none,0,ab,512,0.734375,0.9613360030555298,0.40695210075995086,0.15260972183631985,0.14084910000383388,16,0,8,predictions/17_uci_internal_fixed_noise_brightness_to_blur_sar_complete_w0_none_ab.npz
stage_a_uci_v1,17,uci_internal_fixed,noise_brightness_to_blur,sar_complete,none,0,ba,512,0.734375,0.961019777068937,0.4068709520632842,0.1526150608388271,0.1481954000046244,16,0,7,predictions/17_uci_internal_fixed_noise_brightness_to_blur_sar_complete_w0_none_ba.npz
stage_a_uci_v1,17,uci_internal_fixed,noise_brightness_to_blur,sar_complete,parameters,0,ab,512,0.734375,0.9613360030555298,0.40695210075995086,0.15260972183631985,0.14914709998993203,16,0,8,predictions/17_uci_internal_fixed_noise_brightness_to_blur_sar_complete_w0_parameters_ab.npz
stage_a_uci_v1,17,uci_internal_fixed,noise_brightness_to_blur,sar_complete,parameters,0,ba,512,0.734375,0.961019777068937,0.4068709520632842,0.1526150608388271,0.1264831000007689,16,0,7,predictions/17_uci_internal_fixed_noise_brightness_to_blur_sar_complete_w0_parameters_ba.npz
stage_a_uci_v1,17,uci_internal_fixed,noise_brightness_to_blur,sar_complete,optimizer,0,ab,512,0.734375,0.9613360030555298,0.40695210075995086,0.15260972183631985,0.13301570000476204,16,0,8,predictions/17_uci_internal_fixed_noise_brightness_to_blur_sar_complete_w0_optimizer_ab.npz
stage_a_uci_v1,17,uci_internal_fixed,noise_brightness_to_blur,sar_complete,optimizer,0,ba,512,0.734375,0.961019777068937,0.4068709520632842,0.1526150608388271,0.21603320000576787,16,0,7,predictions/17_uci_internal_fixed_noise_brightness_to_blur_sar_complete_w0_optimizer_ba.npz
stage_a_uci_v1,17,uci_internal_fixed,noise_brightness_to_blur,sar_complete,parameters_optimizer,0,ab,512,0.734375,0.9613360030555298,0.40695210075995086,0.15260972183631985,0.3253030000050785,16,0,8,predictions/17_uci_internal_fixed_noise_brightness_to_blur_sar_complete_w0_parameters_optimizer_ab.npz
stage_a_uci_v1,17,uci_internal_fixed,noise_brightness_to_blur,sar_complete,parameters_optimizer,0,ba,512,0.734375,0.961019777068937,0.4068709520632842,0.1526150608388271,0.22655639999720734,16,0,7,predictions/17_uci_internal_fixed_noise_brightness_to_blur_sar_complete_w0_parameters_optimizer_ba.npz
stage_a_uci_v1,17,uci_internal_fixed,noise_brightness_to_blur,sar_complete,aux,0,ab,512,0.736328125,0.9603507420088834,0.4066663972076374,0.1507088977169873,0.17993270000442863,16,0,2,predictions/17_uci_internal_fixed_noise_brightness_to_blur_sar_complete_w0_aux_ab.npz
stage_a_uci_v1,17,uci_internal_fixed,noise_brightness_to_blur,sar_complete,aux,0,ba,512,0.736328125,0.9603507420088834,0.4066663972076374,0.1507088977169873,0.14628429998992942,16,0,2,predictions/17_uci_internal_fixed_noise_brightness_to_blur_sar_complete_w0_aux_ba.npz
stage_a_uci_v1,17,uci_internal_fixed,noise_brightness_to_blur,sar_complete,parameters_aux,0,ab,512,0.736328125,0.9603507420088834,0.4066663972076374,0.1507088977169873,0.1402232999971602,16,0,2,predictions/17_uci_internal_fixed_noise_brightness_to_blur_sar_complete_w0_parameters_aux_ab.npz
stage_a_uci_v1,17,uci_internal_fixed,noise_brightness_to_blur,sar_complete,parameters_aux,0,ba,512,0.736328125,0.9603507420088834,0.4066663972076374,0.1507088977169873,0.15158289999817498,16,0,2,predictions/17_uci_internal_fixed_noise_brightness_to_blur_sar_complete_w0_parameters_aux_ba.npz
stage_a_uci_v1,17,uci_internal_fixed,noise_brightness_to_blur,sar_complete,optimizer_aux,0,ab,512,0.736328125,0.9603507420088834,0.4066663972076374,0.1507088977169873,0.1390845999994781,16,0,2,predictions/17_uci_internal_fixed_noise_brightness_to_blur_sar_complete_w0_optimizer_aux_ab.npz
stage_a_uci_v1,17,uci_internal_fixed,noise_brightness_to_blur,sar_complete,optimizer_aux,0,ba,512,0.736328125,0.9603507420088834,0.4066663972076374,0.1507088977169873,0.14019659999758005,16,0,2,predictions/17_uci_internal_fixed_noise_brightness_to_blur_sar_complete_w0_optimizer_aux_ba.npz
stage_a_uci_v1,17,uci_internal_fixed,noise_brightness_to_blur,sar_complete,parameters_optimizer_aux,0,ab,512,0.736328125,0.9603507420088834,0.4066663972076374,0.1507088977169873,0.1487463000084972,16,0,2,predictions/17_uci_internal_fixed_noise_brightness_to_blur_sar_complete_w0_parameters_optimizer_aux_ab.npz
stage_a_uci_v1,17,uci_internal_fixed,noise_brightness_to_blur,sar_complete,parameters_optimizer_aux,0,ba,512,0.736328125,0.9603507420088834,0.4066663972076374,0.1507088977169873,0.1574940999998944,16,0,2,predictions/17_uci_internal_fixed_noise_brightness_to_blur_sar_complete_w0_parameters_optimizer_aux_ba.npz
stage_a_uci_v1,17,uci_internal_fixed,noise_brightness_to_blur,sar_complete,all,0,ab,512,0.736328125,0.9603507420088834,0.4066663972076374,0.1507088977169873,0.1465530999994371,16,0,2,predictions/17_uci_internal_fixed_noise_brightness_to_blur_sar_complete_w0_all_ab.npz
stage_a_uci_v1,17,uci_internal_fixed,noise_brightness_to_blur,sar_complete,all,0,ba,512,0.736328125,0.9603507420088834,0.4066663972076374,0.1507088977169873,0.1456937999901129,16,0,2,predictions/17_uci_internal_fixed_noise_brightness_to_blur_sar_complete_w0_all_ba.npz
stage_a_uci_v1,17,uci_internal_fixed,noise_brightness_to_blur,sar_complete,none,4,ab,512,0.734375,0.9604790366360408,0.40673223547515736,0.15263482280623772,0.1575761000131024,16,0,4,predictions/17_uci_internal_fixed_noise_brightness_to_blur_sar_complete_w4_none_ab.npz
stage_a_uci_v1,17,uci_internal_fixed,noise_brightness_to_blur,sar_complete,none,4,ba,512,0.736328125,0.9606542769426936,0.4067619218096379,0.15069375820965408,0.20854950000648387,16,0,3,predictions/17_uci_internal_fixed_noise_brightness_to_blur_sar_complete_w4_none_ba.npz
stage_a_uci_v1,17,uci_internal_fixed,noise_brightness_to_blur,sar_complete,parameters,4,ab,512,0.734375,0.9604790366360408,0.40673223547515736,0.15263482280623772,0.16619150000042282,16,0,4,predictions/17_uci_internal_fixed_noise_brightness_to_blur_sar_complete_w4_parameters_ab.npz
stage_a_uci_v1,17,uci_internal_fixed,noise_brightness_to_blur,sar_complete,parameters,4,ba,512,0.736328125,0.9606542769426936,0.4067619218096379,0.15069375820965408,0.15930569999909494,16,0,3,predictions/17_uci_internal_fixed_noise_brightness_to_blur_sar_complete_w4_parameters_ba.npz
stage_a_uci_v1,17,uci_internal_fixed,noise_brightness_to_blur,sar_complete,optimizer,4,ab,512,0.734375,0.9604790366360408,0.40673223547515736,0.15263482280623772,0.1652687000023434,16,0,4,predictions/17_uci_internal_fixed_noise_brightness_to_blur_sar_complete_w4_optimizer_ab.npz
stage_a_uci_v1,17,uci_internal_fixed,noise_brightness_to_blur,sar_complete,optimizer,4,ba,512,0.736328125,0.9606542769426936,0.4067619218096379,0.15069375820965408,0.1426361000048928,16,0,3,predictions/17_uci_internal_fixed_noise_brightness_to_blur_sar_complete_w4_optimizer_ba.npz
stage_a_uci_v1,17,uci_internal_fixed,noise_brightness_to_blur,sar_complete,parameters_optimizer,4,ab,512,0.734375,0.9604790366360408,0.40673223547515736,0.15263482280623772,0.1493903000082355,16,0,4,predictions/17_uci_internal_fixed_noise_brightness_to_blur_sar_complete_w4_parameters_optimizer_ab.npz
stage_a_uci_v1,17,uci_internal_fixed,noise_brightness_to_blur,sar_complete,parameters_optimizer,4,ba,512,0.736328125,0.9606542769426936,0.4067619218096379,0.15069375820965408,0.2336003999953391,16,0,3,predictions/17_uci_internal_fixed_noise_brightness_to_blur_sar_complete_w4_parameters_optimizer_ba.npz
stage_a_uci_v1,17,uci_internal_fixed,noise_brightness_to_blur,sar_complete,aux,4,ab,512,0.736328125,0.9603507420088834,0.4066663972076374,0.1507088977169873,0.21084349999728147,16,0,2,predictions/17_uci_internal_fixed_noise_brightness_to_blur_sar_complete_w4_aux_ab.npz
stage_a_uci_v1,17,uci_internal_fixed,noise_brightness_to_blur,sar_complete,aux,4,ba,512,0.736328125,0.9603507420088834,0.4066663972076374,0.1507088977169873,0.1892546000017319,16,0,2,predictions/17_uci_internal_fixed_noise_brightness_to_blur_sar_complete_w4_aux_ba.npz
stage_a_uci_v1,17,uci_internal_fixed,noise_brightness_to_blur,sar_complete,parameters_aux,4,ab,512,0.736328125,0.9603507420088834,0.4066663972076374,0.1507088977169873,0.1454948000027798,16,0,2,predictions/17_uci_internal_fixed_noise_brightness_to_blur_sar_complete_w4_parameters_aux_ab.npz
stage_a_uci_v1,17,uci_internal_fixed,noise_brightness_to_blur,sar_complete,parameters_aux,4,ba,512,0.736328125,0.9603507420088834,0.4066663972076374,0.1507088977169873,0.13623540000116918,16,0,2,predictions/17_uci_internal_fixed_noise_brightness_to_blur_sar_complete_w4_parameters_aux_ba.npz
stage_a_uci_v1,17,uci_internal_fixed,noise_brightness_to_blur,sar_complete,optimizer_aux,4,ab,512,0.736328125,0.9603507420088834,0.4066663972076374,0.1507088977169873,0.15717079999740236,16,0,2,predictions/17_uci_internal_fixed_noise_brightness_to_blur_sar_complete_w4_optimizer_aux_ab.npz
stage_a_uci_v1,17,uci_internal_fixed,noise_brightness_to_blur,sar_complete,optimizer_aux,4,ba,512,0.736328125,0.9603507420088834,0.4066663972076374,0.1507088977169873,0.1573015000030864,16,0,2,predictions/17_uci_internal_fixed_noise_brightness_to_blur_sar_complete_w4_optimizer_aux_ba.npz
stage_a_uci_v1,17,uci_internal_fixed,noise_brightness_to_blur,sar_complete,parameters_optimizer_aux,4,ab,512,0.736328125,0.9603507420088834,0.4066663972076374,0.1507088977169873,0.16173190000699833,16,0,2,predictions/17_uci_internal_fixed_noise_brightness_to_blur_sar_complete_w4_parameters_optimizer_aux_ab.npz
stage_a_uci_v1,17,uci_internal_fixed,noise_brightness_to_blur,sar_complete,parameters_optimizer_aux,4,ba,512,0.736328125,0.9603507420088834,0.4066663972076374,0.1507088977169873,0.14615580000099726,16,0,2,predictions/17_uci_internal_fixed_noise_brightness_to_blur_sar_complete_w4_parameters_optimizer_aux_ba.npz
stage_a_uci_v1,17,uci_internal_fixed,noise_brightness_to_blur,sar_complete,all,4,ab,512,0.736328125,0.9603507420088834,0.4066663972076374,0.1507088977169873,0.1457310999976471,16,0,2,predictions/17_uci_internal_fixed_noise_brightness_to_blur_sar_complete_w4_all_ab.npz
stage_a_uci_v1,17,uci_internal_fixed,noise_brightness_to_blur,sar_complete,all,4,ba,512,0.736328125,0.9603507420088834,0.4066663972076374,0.1507088977169873,0.12952020000375342,16,0,2,predictions/17_uci_internal_fixed_noise_brightness_to_blur_sar_complete_w4_all_ba.npz
stage_a_uci_v1,17,uci_internal_fixed,blur_noise_to_clean,source,none,0,ab,512,0.982421875,0.047598319850492045,0.02681884945284931,0.011677268181317885,0.04205730000103358,0,0,0,predictions/17_uci_internal_fixed_blur_noise_to_clean_source_w0_none_ab.npz
stage_a_uci_v1,17,uci_internal_fixed,blur_noise_to_clean,source,none,0,ba,512,0.982421875,0.047598319850492045,0.02681884945284931,0.011677268181317885,0.022053199994843453,0,0,0,predictions/17_uci_internal_fixed_blur_noise_to_clean_source_w0_none_ba.npz
stage_a_uci_v1,17,uci_internal_fixed,blur_noise_to_clean,source,all,0,ab,512,0.982421875,0.047598319850492045,0.02681884945284931,0.011677268181317885,0.026881300000241026,0,0,0,predictions/17_uci_internal_fixed_blur_noise_to_clean_source_w0_all_ab.npz
stage_a_uci_v1,17,uci_internal_fixed,blur_noise_to_clean,source,all,0,ba,512,0.982421875,0.047598319850492045,0.02681884945284931,0.011677268181317885,0.023489400002290495,0,0,0,predictions/17_uci_internal_fixed_blur_noise_to_clean_source_w0_all_ba.npz
stage_a_uci_v1,17,uci_internal_fixed,blur_noise_to_clean,source,none,4,ab,512,0.982421875,0.047598319850492045,0.02681884945284931,0.011677268181317885,0.023793700005626306,0,0,0,predictions/17_uci_internal_fixed_blur_noise_to_clean_source_w4_none_ab.npz
stage_a_uci_v1,17,uci_internal_fixed,blur_noise_to_clean,source,none,4,ba,512,0.982421875,0.047598319850492045,0.02681884945284931,0.011677268181317885,0.02515549999952782,0,0,0,predictions/17_uci_internal_fixed_blur_noise_to_clean_source_w4_none_ba.npz
stage_a_uci_v1,17,uci_internal_fixed,blur_noise_to_clean,source,all,4,ab,512,0.982421875,0.047598319850492045,0.02681884945284931,0.011677268181317885,0.02119370001310017,0,0,0,predictions/17_uci_internal_fixed_blur_noise_to_clean_source_w4_all_ab.npz
stage_a_uci_v1,17,uci_internal_fixed,blur_noise_to_clean,source,all,4,ba,512,0.982421875,0.047598319850492045,0.02681884945284931,0.011677268181317885,0.0220846000011079,0,0,0,predictions/17_uci_internal_fixed_blur_noise_to_clean_source_w4_all_ba.npz
stage_a_uci_v1,17,uci_internal_fixed,blur_noise_to_clean,norm,none,0,ab,512,0.982421875,0.04704926062471622,0.026422348183274824,0.010442534385854442,0.02814359999320004,0,0,0,predictions/17_uci_internal_fixed_blur_noise_to_clean_norm_w0_none_ab.npz
stage_a_uci_v1,17,uci_internal_fixed,blur_noise_to_clean,norm,none,0,ba,512,0.982421875,0.04704926062471622,0.026422348183274824,0.010442534385854442,0.02820390000124462,0,0,0,predictions/17_uci_internal_fixed_blur_noise_to_clean_norm_w0_none_ba.npz
stage_a_uci_v1,17,uci_internal_fixed,blur_noise_to_clean,norm,all,0,ab,512,0.982421875,0.04704926062471622,0.026422348183274824,0.010442534385854442,0.026415399988763966,0,0,0,predictions/17_uci_internal_fixed_blur_noise_to_clean_norm_w0_all_ab.npz
stage_a_uci_v1,17,uci_internal_fixed,blur_noise_to_clean,norm,all,0,ba,512,0.982421875,0.04704926062471622,0.026422348183274824,0.010442534385854442,0.027162899990798905,0,0,0,predictions/17_uci_internal_fixed_blur_noise_to_clean_norm_w0_all_ba.npz
stage_a_uci_v1,17,uci_internal_fixed,blur_noise_to_clean,norm,none,4,ab,512,0.982421875,0.04704926062471622,0.026422348183274824,0.010442534385854442,0.02814169999328442,0,0,0,predictions/17_uci_internal_fixed_blur_noise_to_clean_norm_w4_none_ab.npz
stage_a_uci_v1,17,uci_internal_fixed,blur_noise_to_clean,norm,none,4,ba,512,0.982421875,0.04704926062471622,0.026422348183274824,0.010442534385854442,0.03613370000675786,0,0,0,predictions/17_uci_internal_fixed_blur_noise_to_clean_norm_w4_none_ba.npz
stage_a_uci_v1,17,uci_internal_fixed,blur_noise_to_clean,norm,all,4,ab,512,0.982421875,0.04704926062471622,0.026422348183274824,0.010442534385854442,0.03500509999867063,0,0,0,predictions/17_uci_internal_fixed_blur_noise_to_clean_norm_w4_all_ab.npz
stage_a_uci_v1,17,uci_internal_fixed,blur_noise_to_clean,norm,all,4,ba,512,0.982421875,0.04704926062471622,0.026422348183274824,0.010442534385854442,0.02928670000983402,0,0,0,predictions/17_uci_internal_fixed_blur_noise_to_clean_norm_w4_all_ba.npz
stage_a_uci_v1,17,uci_internal_fixed,blur_noise_to_clean,tent,none,0,ab,512,0.982421875,0.047197624736233436,0.02649655817228355,0.010465692538676987,0.06610759999603033,16,0,0,predictions/17_uci_internal_fixed_blur_noise_to_clean_tent_w0_none_ab.npz
stage_a_uci_v1,17,uci_internal_fixed,blur_noise_to_clean,tent,none,0,ba,512,0.982421875,0.04719376567663619,0.026493965486702263,0.010466304122255691,0.08744200000364799,16,0,0,predictions/17_uci_internal_fixed_blur_noise_to_clean_tent_w0_none_ba.npz
stage_a_uci_v1,17,uci_internal_fixed,blur_noise_to_clean,tent,parameters,0,ab,512,0.982421875,0.0470872400479072,0.026442266867630147,0.010445898404837586,0.08446909999474883,16,0,0,predictions/17_uci_internal_fixed_blur_noise_to_clean_tent_w0_parameters_ab.npz
stage_a_uci_v1,17,uci_internal_fixed,blur_noise_to_clean,tent,parameters,0,ba,512,0.982421875,0.047099708730176645,0.026446054074458387,0.010445952142805482,0.12808649998623878,16,0,0,predictions/17_uci_internal_fixed_blur_noise_to_clean_tent_w0_parameters_ba.npz
stage_a_uci_v1,17,uci_internal_fixed,blur_noise_to_clean,tent,optimizer,0,ab,512,0.982421875,0.047165607925104124,0.02647902882926049,0.010460971830532899,0.12474090000614524,16,0,0,predictions/17_uci_internal_fixed_blur_noise_to_clean_tent_w0_optimizer_ab.npz
stage_a_uci_v1,17,uci_internal_fixed,blur_noise_to_clean,tent,optimizer,0,ba,512,0.982421875,0.0471491026997956,0.026472497784846505,0.010461461235910583,0.09483680000994354,16,0,0,predictions/17_uci_internal_fixed_blur_noise_to_clean_tent_w0_optimizer_ba.npz
stage_a_uci_v1,17,uci_internal_fixed,blur_noise_to_clean,tent,parameters_optimizer,0,ab,512,0.982421875,0.047055488386600966,0.026424613874614505,0.01044073158824804,0.0795737000007648,16,0,0,predictions/17_uci_internal_fixed_blur_noise_to_clean_tent_w0_parameters_optimizer_ab.npz
stage_a_uci_v1,17,uci_internal_fixed,blur_noise_to_clean,tent,parameters_optimizer,0,ba,512,0.982421875,0.047055488386600966,0.026424613874614505,0.01044073158824804,0.0853140999970492,16,0,0,predictions/17_uci_internal_fixed_blur_noise_to_clean_tent_w0_parameters_optimizer_ba.npz
stage_a_uci_v1,17,uci_internal_fixed,blur_noise_to_clean,tent,aux,0,ab,512,0.982421875,0.047197624736233436,0.02649655817228355,0.010465692538676987,0.08709369999996852,16,0,0,predictions/17_uci_internal_fixed_blur_noise_to_clean_tent_w0_aux_ab.npz
stage_a_uci_v1,17,uci_internal_fixed,blur_noise_to_clean,tent,aux,0,ba,512,0.982421875,0.04719376567663619,0.026493965486702263,0.010466304122255691,0.07891910000762437,16,0,0,predictions/17_uci_internal_fixed_blur_noise_to_clean_tent_w0_aux_ba.npz
stage_a_uci_v1,17,uci_internal_fixed,blur_noise_to_clean,tent,parameters_aux,0,ab,512,0.982421875,0.0470872400479072,0.026442266867630147,0.010445898404837586,0.07629739999538288,16,0,0,predictions/17_uci_internal_fixed_blur_noise_to_clean_tent_w0_parameters_aux_ab.npz
stage_a_uci_v1,17,uci_internal_fixed,blur_noise_to_clean,tent,parameters_aux,0,ba,512,0.982421875,0.047099708730176645,0.026446054074458387,0.010445952142805482,0.07638569999835454,16,0,0,predictions/17_uci_internal_fixed_blur_noise_to_clean_tent_w0_parameters_aux_ba.npz
stage_a_uci_v1,17,uci_internal_fixed,blur_noise_to_clean,tent,optimizer_aux,0,ab,512,0.982421875,0.047165607925104124,0.02647902882926049,0.010460971830532899,0.06771450000815094,16,0,0,predictions/17_uci_internal_fixed_blur_noise_to_clean_tent_w0_optimizer_aux_ab.npz
stage_a_uci_v1,17,uci_internal_fixed,blur_noise_to_clean,tent,optimizer_aux,0,ba,512,0.982421875,0.0471491026997956,0.026472497784846505,0.010461461235910583,0.1138931000023149,16,0,0,predictions/17_uci_internal_fixed_blur_noise_to_clean_tent_w0_optimizer_aux_ba.npz
stage_a_uci_v1,17,uci_internal_fixed,blur_noise_to_clean,tent,parameters_optimizer_aux,0,ab,512,0.982421875,0.047055488386600966,0.026424613874614505,0.01044073158824804,0.07017069999710657,16,0,0,predictions/17_uci_internal_fixed_blur_noise_to_clean_tent_w0_parameters_optimizer_aux_ab.npz
stage_a_uci_v1,17,uci_internal_fixed,blur_noise_to_clean,tent,parameters_optimizer_aux,0,ba,512,0.982421875,0.047055488386600966,0.026424613874614505,0.01044073158824804,0.0748574000026565,16,0,0,predictions/17_uci_internal_fixed_blur_noise_to_clean_tent_w0_parameters_optimizer_aux_ba.npz
stage_a_uci_v1,17,uci_internal_fixed,blur_noise_to_clean,tent,all,0,ab,512,0.982421875,0.047055488386600966,0.026424613874614505,0.01044073158824804,0.08011580001038965,16,0,0,predictions/17_uci_internal_fixed_blur_noise_to_clean_tent_w0_all_ab.npz
stage_a_uci_v1,17,uci_internal_fixed,blur_noise_to_clean,tent,all,0,ba,512,0.982421875,0.047055488386600966,0.026424613874614505,0.01044073158824804,0.06822109999484383,16,0,0,predictions/17_uci_internal_fixed_blur_noise_to_clean_tent_w0_all_ba.npz
stage_a_uci_v1,17,uci_internal_fixed,blur_noise_to_clean,tent,none,4,ab,512,0.982421875,0.047210902658496826,0.026502015847540458,0.010473303482428023,0.08648669999092817,16,0,0,predictions/17_uci_internal_fixed_blur_noise_to_clean_tent_w4_none_ab.npz
stage_a_uci_v1,17,uci_internal_fixed,blur_noise_to_clean,tent,none,4,ba,512,0.982421875,0.04720864107759114,0.026500354831148383,0.010473748561039874,0.09592520000296645,16,0,0,predictions/17_uci_internal_fixed_blur_noise_to_clean_tent_w4_none_ba.npz
stage_a_uci_v1,17,uci_internal_fixed,blur_noise_to_clean,tent,parameters,4,ab,512,0.982421875,0.04707520854105769,0.026434888876882015,0.010445705661909171,0.09958470000128727,16,0,0,predictions/17_uci_internal_fixed_blur_noise_to_clean_tent_w4_parameters_ab.npz
stage_a_uci_v1,17,uci_internal_fixed,blur_noise_to_clean,tent,parameters,4,ba,512,0.982421875,0.04708335064908669,0.026437354495529676,0.010445759998045335,0.09947250000550412,16,0,0,predictions/17_uci_internal_fixed_blur_noise_to_clean_tent_w4_parameters_ba.npz
stage_a_uci_v1,17,uci_internal_fixed,blur_noise_to_clean,tent,optimizer,4,ab,512,0.982421875,0.04719110379934268,0.02649190283054539,0.010468633652365328,0.17108590000134427,16,0,0,predictions/17_uci_internal_fixed_blur_noise_to_clean_tent_w4_optimizer_ab.npz
stage_a_uci_v1,17,uci_internal_fixed,blur_noise_to_clean,tent,optimizer,4,ba,512,0.982421875,0.0471806091459863,0.026487704987969644,0.01046901586131616,0.09564059998956509,16,0,0,predictions/17_uci_internal_fixed_blur_noise_to_clean_tent_w4_optimizer_ba.npz
stage_a_uci_v1,17,uci_internal_fixed,blur_noise_to_clean,tent,parameters_optimizer,4,ab,512,0.982421875,0.047055488386600966,0.026424613874614505,0.01044073158824804,0.10275419999379665,16,0,0,predictions/17_uci_internal_fixed_blur_noise_to_clean_tent_w4_parameters_optimizer_ab.npz
stage_a_uci_v1,17,uci_internal_fixed,blur_noise_to_clean,tent,parameters_optimizer,4,ba,512,0.982421875,0.047055488386600966,0.026424613874614505,0.01044073158824804,0.09968329999537673,16,0,0,predictions/17_uci_internal_fixed_blur_noise_to_clean_tent_w4_parameters_optimizer_ba.npz
stage_a_uci_v1,17,uci_internal_fixed,blur_noise_to_clean,tent,aux,4,ab,512,0.982421875,0.047210902658496826,0.026502015847540458,0.010473303482428023,0.08074299999861978,16,0,0,predictions/17_uci_internal_fixed_blur_noise_to_clean_tent_w4_aux_ab.npz
stage_a_uci_v1,17,uci_internal_fixed,blur_noise_to_clean,tent,aux,4,ba,512,0.982421875,0.04720864107759114,0.026500354831148383,0.010473748561039874,0.07714679998753127,16,0,0,predictions/17_uci_internal_fixed_blur_noise_to_clean_tent_w4_aux_ba.npz
stage_a_uci_v1,17,uci_internal_fixed,blur_noise_to_clean,tent,parameters_aux,4,ab,512,0.982421875,0.04707520854105769,0.026434888876882015,0.010445705661909171,0.07351550000021234,16,0,0,predictions/17_uci_internal_fixed_blur_noise_to_clean_tent_w4_parameters_aux_ab.npz
stage_a_uci_v1,17,uci_internal_fixed,blur_noise_to_clean,tent,parameters_aux,4,ba,512,0.982421875,0.04708335064908669,0.026437354495529676,0.010445759998045335,0.07158179998805281,16,0,0,predictions/17_uci_internal_fixed_blur_noise_to_clean_tent_w4_parameters_aux_ba.npz
stage_a_uci_v1,17,uci_internal_fixed,blur_noise_to_clean,tent,optimizer_aux,4,ab,512,0.982421875,0.04719110379934268,0.02649190283054539,0.010468633652365328,0.07503490000090096,16,0,0,predictions/17_uci_internal_fixed_blur_noise_to_clean_tent_w4_optimizer_aux_ab.npz
stage_a_uci_v1,17,uci_internal_fixed,blur_noise_to_clean,tent,optimizer_aux,4,ba,512,0.982421875,0.0471806091459863,0.026487704987969644,0.01046901586131616,0.07590769999660552,16,0,0,predictions/17_uci_internal_fixed_blur_noise_to_clean_tent_w4_optimizer_aux_ba.npz
stage_a_uci_v1,17,uci_internal_fixed,blur_noise_to_clean,tent,parameters_optimizer_aux,4,ab,512,0.982421875,0.047055488386600966,0.026424613874614505,0.01044073158824804,0.07005989999743178,16,0,0,predictions/17_uci_internal_fixed_blur_noise_to_clean_tent_w4_parameters_optimizer_aux_ab.npz
stage_a_uci_v1,17,uci_internal_fixed,blur_noise_to_clean,tent,parameters_optimizer_aux,4,ba,512,0.982421875,0.047055488386600966,0.026424613874614505,0.01044073158824804,0.07306660000176635,16,0,0,predictions/17_uci_internal_fixed_blur_noise_to_clean_tent_w4_parameters_optimizer_aux_ba.npz
stage_a_uci_v1,17,uci_internal_fixed,blur_noise_to_clean,tent,all,4,ab,512,0.982421875,0.047055488386600966,0.026424613874614505,0.01044073158824804,0.07766930000798311,16,0,0,predictions/17_uci_internal_fixed_blur_noise_to_clean_tent_w4_all_ab.npz
stage_a_uci_v1,17,uci_internal_fixed,blur_noise_to_clean,tent,all,4,ba,512,0.982421875,0.047055488386600966,0.026424613874614505,0.01044073158824804,0.08364409999921918,16,0,0,predictions/17_uci_internal_fixed_blur_noise_to_clean_tent_w4_all_ba.npz
stage_a_uci_v1,17,uci_internal_fixed,blur_noise_to_clean,sar_complete,none,0,ab,512,0.982421875,0.04704612325819917,0.026421075002759926,0.010445086300104465,0.13525289999961387,16,0,15,predictions/17_uci_internal_fixed_blur_noise_to_clean_sar_complete_w0_none_ab.npz
stage_a_uci_v1,17,uci_internal_fixed,blur_noise_to_clean,sar_complete,none,0,ba,512,0.982421875,0.04704638163946355,0.026421043545384843,0.010444731048253029,0.1639967999944929,16,0,14,predictions/17_uci_internal_fixed_blur_noise_to_clean_sar_complete_w0_none_ba.npz
stage_a_uci_v1,17,uci_internal_fixed,blur_noise_to_clean,sar_complete,parameters,0,ab,512,0.982421875,0.04704923792864931,0.026422347983665526,0.01044255700979737,0.14087540000036824,16,0,15,predictions/17_uci_internal_fixed_blur_noise_to_clean_sar_complete_w0_parameters_ab.npz
stage_a_uci_v1,17,uci_internal_fixed,blur_noise_to_clean,sar_complete,parameters,0,ba,512,0.982421875,0.04704916267442457,0.026422296080590692,0.010442579732596421,0.13718860001245048,16,0,14,predictions/17_uci_internal_fixed_blur_noise_to_clean_sar_complete_w0_parameters_ba.npz
stage_a_uci_v1,17,uci_internal_fixed,blur_noise_to_clean,sar_complete,optimizer,0,ab,512,0.982421875,0.04704614078051926,0.026421075038124187,0.010445068802823542,0.13714240000990685,16,0,15,predictions/17_uci_internal_fixed_blur_noise_to_clean_sar_complete_w0_optimizer_ab.npz
stage_a_uci_v1,17,uci_internal_fixed,blur_noise_to_clean,sar_complete,optimizer,0,ba,512,0.982421875,0.04704650924050691,0.02642110978805784,0.010444661679271553,0.13493870000820607,16,0,14,predictions/17_uci_internal_fixed_blur_noise_to_clean_sar_complete_w0_optimizer_ba.npz
stage_a_uci_v1,17,uci_internal_fixed,blur_noise_to_clean,sar_complete,parameters_optimizer,0,ab,512,0.982421875,0.047049256935227685,0.026422348058464107,0.010442538040876892,0.21590909999213181,16,0,15,predictions/17_uci_internal_fixed_blur_noise_to_clean_sar_complete_w0_parameters_optimizer_ab.npz
stage_a_uci_v1,17,uci_internal_fixed,blur_noise_to_clean,sar_complete,parameters_optimizer,0,ba,512,0.982421875,0.04704930031723268,0.026422367438881808,0.010442502707606684,0.14107569999760017,16,0,14,predictions/17_uci_internal_fixed_blur_noise_to_clean_sar_complete_w0_parameters_optimizer_ba.npz
stage_a_uci_v1,17,uci_internal_fixed,blur_noise_to_clean,sar_complete,aux,0,ab,512,0.982421875,0.04704635779826678,0.02642107411822498,0.010444851285414397,0.1322364999941783,16,0,16,predictions/17_uci_internal_fixed_blur_noise_to_clean_sar_complete_w0_aux_ab.npz
stage_a_uci_v1,17,uci_internal_fixed,blur_noise_to_clean,sar_complete,aux,0,ba,512,0.982421875,0.04704783561174473,0.026421687600213246,0.010443646574317735,0.13208769999619108,16,0,16,predictions/17_uci_internal_fixed_blur_noise_to_clean_sar_complete_w0_aux_ba.npz
stage_a_uci_v1,17,uci_internal_fixed,blur_noise_to_clean,sar_complete,parameters_aux,0,ab,512,0.982421875,0.04704926062471622,0.026422348183274824,0.010442534385854442,0.13507669999671634,16,0,16,predictions/17_uci_internal_fixed_blur_noise_to_clean_sar_complete_w0_parameters_aux_ab.npz
stage_a_uci_v1,17,uci_internal_fixed,blur_noise_to_clean,sar_complete,parameters_aux,0,ba,512,0.982421875,0.04704926062471622,0.026422348183274824,0.010442534385854442,0.14503509999485686,16,0,16,predictions/17_uci_internal_fixed_blur_noise_to_clean_sar_complete_w0_parameters_aux_ba.npz
stage_a_uci_v1,17,uci_internal_fixed,blur_noise_to_clean,sar_complete,optimizer_aux,0,ab,512,0.982421875,0.04704635779826678,0.02642107411822498,0.010444851285414397,0.13122340000700206,16,0,16,predictions/17_uci_internal_fixed_blur_noise_to_clean_sar_complete_w0_optimizer_aux_ab.npz
stage_a_uci_v1,17,uci_internal_fixed,blur_noise_to_clean,sar_complete,optimizer_aux,0,ba,512,0.982421875,0.04704783561174473,0.026421687600213246,0.010443646574317735,0.1887544000055641,16,0,16,predictions/17_uci_internal_fixed_blur_noise_to_clean_sar_complete_w0_optimizer_aux_ba.npz
stage_a_uci_v1,17,uci_internal_fixed,blur_noise_to_clean,sar_complete,parameters_optimizer_aux,0,ab,512,0.982421875,0.04704926062471622,0.026422348183274824,0.010442534385854442,0.18988079999689944,16,0,16,predictions/17_uci_internal_fixed_blur_noise_to_clean_sar_complete_w0_parameters_optimizer_aux_ab.npz
stage_a_uci_v1,17,uci_internal_fixed,blur_noise_to_clean,sar_complete,parameters_optimizer_aux,0,ba,512,0.982421875,0.04704926062471622,0.026422348183274824,0.010442534385854442,0.9259357000119053,16,0,16,predictions/17_uci_internal_fixed_blur_noise_to_clean_sar_complete_w0_parameters_optimizer_aux_ba.npz
stage_a_uci_v1,17,uci_internal_fixed,blur_noise_to_clean,sar_complete,all,0,ab,512,0.982421875,0.04704926062471622,0.026422348183274824,0.010442534385854442,0.2464172000036342,16,0,16,predictions/17_uci_internal_fixed_blur_noise_to_clean_sar_complete_w0_all_ab.npz
stage_a_uci_v1,17,uci_internal_fixed,blur_noise_to_clean,sar_complete,all,0,ba,512,0.982421875,0.04704926062471622,0.026422348183274824,0.010442534385854442,0.21401919999334496,16,0,16,predictions/17_uci_internal_fixed_blur_noise_to_clean_sar_complete_w0_all_ba.npz
stage_a_uci_v1,17,uci_internal_fixed,blur_noise_to_clean,sar_complete,none,4,ab,512,0.982421875,0.04704926062471622,0.026422348183274824,0.010442534385854442,0.16633140000340063,16,0,16,predictions/17_uci_internal_fixed_blur_noise_to_clean_sar_complete_w4_none_ab.npz
stage_a_uci_v1,17,uci_internal_fixed,blur_noise_to_clean,sar_complete,none,4,ba,512,0.982421875,0.04704926062471622,0.026422348183274824,0.010442534385854442,0.18387789999542292,16,0,16,predictions/17_uci_internal_fixed_blur_noise_to_clean_sar_complete_w4_none_ba.npz
stage_a_uci_v1,17,uci_internal_fixed,blur_noise_to_clean,sar_complete,parameters,4,ab,512,0.982421875,0.04704926062471622,0.026422348183274824,0.010442534385854442,0.15585389999614563,16,0,16,predictions/17_uci_internal_fixed_blur_noise_to_clean_sar_complete_w4_parameters_ab.npz
stage_a_uci_v1,17,uci_internal_fixed,blur_noise_to_clean,sar_complete,parameters,4,ba,512,0.982421875,0.04704926062471622,0.026422348183274824,0.010442534385854442,0.15640730000450276,16,0,16,predictions/17_uci_internal_fixed_blur_noise_to_clean_sar_complete_w4_parameters_ba.npz
stage_a_uci_v1,17,uci_internal_fixed,blur_noise_to_clean,sar_complete,optimizer,4,ab,512,0.982421875,0.04704926062471622,0.026422348183274824,0.010442534385854442,0.14918069999839645,16,0,16,predictions/17_uci_internal_fixed_blur_noise_to_clean_sar_complete_w4_optimizer_ab.npz
stage_a_uci_v1,17,uci_internal_fixed,blur_noise_to_clean,sar_complete,optimizer,4,ba,512,0.982421875,0.04704926062471622,0.026422348183274824,0.010442534385854442,0.15606670000124723,16,0,16,predictions/17_uci_internal_fixed_blur_noise_to_clean_sar_complete_w4_optimizer_ba.npz
stage_a_uci_v1,17,uci_internal_fixed,blur_noise_to_clean,sar_complete,parameters_optimizer,4,ab,512,0.982421875,0.04704926062471622,0.026422348183274824,0.010442534385854442,0.1465786000044318,16,0,16,predictions/17_uci_internal_fixed_blur_noise_to_clean_sar_complete_w4_parameters_optimizer_ab.npz
stage_a_uci_v1,17,uci_internal_fixed,blur_noise_to_clean,sar_complete,parameters_optimizer,4,ba,512,0.982421875,0.04704926062471622,0.026422348183274824,0.010442534385854442,0.13868260000890587,16,0,16,predictions/17_uci_internal_fixed_blur_noise_to_clean_sar_complete_w4_parameters_optimizer_ba.npz
stage_a_uci_v1,17,uci_internal_fixed,blur_noise_to_clean,sar_complete,aux,4,ab,512,0.982421875,0.04704926062471622,0.026422348183274824,0.010442534385854442,0.16701970000576694,16,0,16,predictions/17_uci_internal_fixed_blur_noise_to_clean_sar_complete_w4_aux_ab.npz
stage_a_uci_v1,17,uci_internal_fixed,blur_noise_to_clean,sar_complete,aux,4,ba,512,0.982421875,0.04704926062471622,0.026422348183274824,0.010442534385854442,0.1591708999912953,16,0,16,predictions/17_uci_internal_fixed_blur_noise_to_clean_sar_complete_w4_aux_ba.npz
stage_a_uci_v1,17,uci_internal_fixed,blur_noise_to_clean,sar_complete,parameters_aux,4,ab,512,0.982421875,0.04704926062471622,0.026422348183274824,0.010442534385854442,0.19774670001061168,16,0,16,predictions/17_uci_internal_fixed_blur_noise_to_clean_sar_complete_w4_parameters_aux_ab.npz
stage_a_uci_v1,17,uci_internal_fixed,blur_noise_to_clean,sar_complete,parameters_aux,4,ba,512,0.982421875,0.04704926062471622,0.026422348183274824,0.010442534385854442,0.16893880000861827,16,0,16,predictions/17_uci_internal_fixed_blur_noise_to_clean_sar_complete_w4_parameters_aux_ba.npz
stage_a_uci_v1,17,uci_internal_fixed,blur_noise_to_clean,sar_complete,optimizer_aux,4,ab,512,0.982421875,0.04704926062471622,0.026422348183274824,0.010442534385854442,0.1614996999996947,16,0,16,predictions/17_uci_internal_fixed_blur_noise_to_clean_sar_complete_w4_optimizer_aux_ab.npz
stage_a_uci_v1,17,uci_internal_fixed,blur_noise_to_clean,sar_complete,optimizer_aux,4,ba,512,0.982421875,0.04704926062471622,0.026422348183274824,0.010442534385854442,0.15447340000537224,16,0,16,predictions/17_uci_internal_fixed_blur_noise_to_clean_sar_complete_w4_optimizer_aux_ba.npz
stage_a_uci_v1,17,uci_internal_fixed,blur_noise_to_clean,sar_complete,parameters_optimizer_aux,4,ab,512,0.982421875,0.04704926062471622,0.026422348183274824,0.010442534385854442,0.1641925000003539,16,0,16,predictions/17_uci_internal_fixed_blur_noise_to_clean_sar_complete_w4_parameters_optimizer_aux_ab.npz
stage_a_uci_v1,17,uci_internal_fixed,blur_noise_to_clean,sar_complete,parameters_optimizer_aux,4,ba,512,0.982421875,0.04704926062471622,0.026422348183274824,0.010442534385854442,0.183162799992715,16,0,16,predictions/17_uci_internal_fixed_blur_noise_to_clean_sar_complete_w4_parameters_optimizer_aux_ba.npz
stage_a_uci_v1,17,uci_internal_fixed,blur_noise_to_clean,sar_complete,all,4,ab,512,0.982421875,0.04704926062471622,0.026422348183274824,0.010442534385854442,0.1603843000048073,16,0,16,predictions/17_uci_internal_fixed_blur_noise_to_clean_sar_complete_w4_all_ab.npz
stage_a_uci_v1,17,uci_internal_fixed,blur_noise_to_clean,sar_complete,all,4,ba,512,0.982421875,0.04704926062471622,0.026422348183274824,0.010442534385854442,0.1518316000001505,16,0,16,predictions/17_uci_internal_fixed_blur_noise_to_clean_sar_complete_w4_all_ba.npz
stage_a_uci_v1,29,uci_internal_fixed,noise_brightness_to_blur,source,none,0,ab,512,0.70703125,0.9370656536284072,0.44204351041497936,0.067832174193007,0.04593760000716429,0,0,0,predictions/29_uci_internal_fixed_noise_brightness_to_blur_source_w0_none_ab.npz
stage_a_uci_v1,29,uci_internal_fixed,noise_brightness_to_blur,source,none,0,ba,512,0.70703125,0.9370656536284072,0.44204351041497936,0.067832174193007,0.035876900001312606,0,0,0,predictions/29_uci_internal_fixed_noise_brightness_to_blur_source_w0_none_ba.npz
stage_a_uci_v1,29,uci_internal_fixed,noise_brightness_to_blur,source,all,0,ab,512,0.70703125,0.9370656536284072,0.44204351041497936,0.067832174193007,0.03251309999905061,0,0,0,predictions/29_uci_internal_fixed_noise_brightness_to_blur_source_w0_all_ab.npz
stage_a_uci_v1,29,uci_internal_fixed,noise_brightness_to_blur,source,all,0,ba,512,0.70703125,0.9370656536284072,0.44204351041497936,0.067832174193007,0.028820299994549714,0,0,0,predictions/29_uci_internal_fixed_noise_brightness_to_blur_source_w0_all_ba.npz
stage_a_uci_v1,29,uci_internal_fixed,noise_brightness_to_blur,source,none,4,ab,512,0.70703125,0.9370656536284072,0.44204351041497936,0.067832174193007,0.03560089999518823,0,0,0,predictions/29_uci_internal_fixed_noise_brightness_to_blur_source_w4_none_ab.npz
stage_a_uci_v1,29,uci_internal_fixed,noise_brightness_to_blur,source,none,4,ba,512,0.70703125,0.9370656536284072,0.44204351041497936,0.067832174193007,0.0352744999981951,0,0,0,predictions/29_uci_internal_fixed_noise_brightness_to_blur_source_w4_none_ba.npz
stage_a_uci_v1,29,uci_internal_fixed,noise_brightness_to_blur,source,all,4,ab,512,0.70703125,0.9370656536284072,0.44204351041497936,0.067832174193007,0.036484700001892634,0,0,0,predictions/29_uci_internal_fixed_noise_brightness_to_blur_source_w4_all_ab.npz
stage_a_uci_v1,29,uci_internal_fixed,noise_brightness_to_blur,source,all,4,ba,512,0.70703125,0.9370656536284072,0.44204351041497936,0.067832174193007,0.0340857999981381,0,0,0,predictions/29_uci_internal_fixed_noise_brightness_to_blur_source_w4_all_ba.npz
stage_a_uci_v1,29,uci_internal_fixed,noise_brightness_to_blur,norm,none,0,ab,512,0.708984375,1.1999969637818402,0.4606116633406198,0.17334951078674077,0.0854401999968104,0,0,0,predictions/29_uci_internal_fixed_noise_brightness_to_blur_norm_w0_none_ab.npz
stage_a_uci_v1,29,uci_internal_fixed,noise_brightness_to_blur,norm,none,0,ba,512,0.708984375,1.1999969637818402,0.4606116633406198,0.17334951078674077,0.03662110000732355,0,0,0,predictions/29_uci_internal_fixed_noise_brightness_to_blur_norm_w0_none_ba.npz
stage_a_uci_v1,29,uci_internal_fixed,noise_brightness_to_blur,norm,all,0,ab,512,0.708984375,1.1999969637818402,0.4606116633406198,0.17334951078674077,0.035506500003975816,0,0,0,predictions/29_uci_internal_fixed_noise_brightness_to_blur_norm_w0_all_ab.npz
stage_a_uci_v1,29,uci_internal_fixed,noise_brightness_to_blur,norm,all,0,ba,512,0.708984375,1.1999969637818402,0.4606116633406198,0.17334951078674077,0.03324839999550022,0,0,0,predictions/29_uci_internal_fixed_noise_brightness_to_blur_norm_w0_all_ba.npz
stage_a_uci_v1,29,uci_internal_fixed,noise_brightness_to_blur,norm,none,4,ab,512,0.708984375,1.1999969637818402,0.4606116633406198,0.17334951078674077,0.11360620000050403,0,0,0,predictions/29_uci_internal_fixed_noise_brightness_to_blur_norm_w4_none_ab.npz
stage_a_uci_v1,29,uci_internal_fixed,noise_brightness_to_blur,norm,none,4,ba,512,0.708984375,1.1999969637818402,0.4606116633406198,0.17334951078674077,0.08123920000798535,0,0,0,predictions/29_uci_internal_fixed_noise_brightness_to_blur_norm_w4_none_ba.npz
stage_a_uci_v1,29,uci_internal_fixed,noise_brightness_to_blur,norm,all,4,ab,512,0.708984375,1.1999969637818402,0.4606116633406198,0.17334951078674077,0.0352905999898212,0,0,0,predictions/29_uci_internal_fixed_noise_brightness_to_blur_norm_w4_all_ab.npz
stage_a_uci_v1,29,uci_internal_fixed,noise_brightness_to_blur,norm,all,4,ba,512,0.708984375,1.1999969637818402,0.4606116633406198,0.17334951078674077,0.03540070001326967,0,0,0,predictions/29_uci_internal_fixed_noise_brightness_to_blur_norm_w4_all_ba.npz
stage_a_uci_v1,29,uci_internal_fixed,noise_brightness_to_blur,tent,none,0,ab,512,0.708984375,1.202930896663499,0.4609834815635432,0.17500395746670072,0.08832399999664631,16,0,0,predictions/29_uci_internal_fixed_noise_brightness_to_blur_tent_w0_none_ab.npz
stage_a_uci_v1,29,uci_internal_fixed,noise_brightness_to_blur,tent,none,0,ba,512,0.708984375,1.2028813006770727,0.46099311958318734,0.17498753987958615,0.0754847000062,16,0,0,predictions/29_uci_internal_fixed_noise_brightness_to_blur_tent_w0_none_ba.npz
stage_a_uci_v1,29,uci_internal_fixed,noise_brightness_to_blur,tent,parameters,0,ab,512,0.708984375,1.2035175940658482,0.46123174421505453,0.17362469553244764,0.06779010000173002,16,0,0,predictions/29_uci_internal_fixed_noise_brightness_to_blur_tent_w0_parameters_ab.npz
stage_a_uci_v1,29,uci_internal_fixed,noise_brightness_to_blur,tent,parameters,0,ba,512,0.708984375,1.203554410549923,0.4612173145432859,0.17363729461919153,0.07192699999723118,16,0,0,predictions/29_uci_internal_fixed_noise_brightness_to_blur_tent_w0_parameters_ba.npz
stage_a_uci_v1,29,uci_internal_fixed,noise_brightness_to_blur,tent,optimizer,0,ab,512,0.708984375,1.2035049471433652,0.4611294485208236,0.17499109298308063,0.09623199999623466,16,0,0,predictions/29_uci_internal_fixed_noise_brightness_to_blur_tent_w0_optimizer_ab.npz
stage_a_uci_v1,29,uci_internal_fixed,noise_brightness_to_blur,tent,optimizer,0,ba,512,0.708984375,1.2034144790172354,0.4611527611933795,0.1736600698135642,0.09293219998653512,16,0,0,predictions/29_uci_internal_fixed_noise_brightness_to_blur_tent_w0_optimizer_ba.npz
stage_a_uci_v1,29,uci_internal_fixed,noise_brightness_to_blur,tent,parameters_optimizer,0,ab,512,0.708984375,1.2040946946338045,0.4613787224605811,0.17361187584852472,0.09072360000573099,16,0,0,predictions/29_uci_internal_fixed_noise_brightness_to_blur_tent_w0_parameters_optimizer_ab.npz
stage_a_uci_v1,29,uci_internal_fixed,noise_brightness_to_blur,tent,parameters_optimizer,0,ba,512,0.708984375,1.2040946946338045,0.4613787224605811,0.17361187584852472,0.06865349999861792,16,0,0,predictions/29_uci_internal_fixed_noise_brightness_to_blur_tent_w0_parameters_optimizer_ba.npz
stage_a_uci_v1,29,uci_internal_fixed,noise_brightness_to_blur,tent,aux,0,ab,512,0.708984375,1.202930896663499,0.4609834815635432,0.17500395746670072,0.07427740001003258,16,0,0,predictions/29_uci_internal_fixed_noise_brightness_to_blur_tent_w0_aux_ab.npz
stage_a_uci_v1,29,uci_internal_fixed,noise_brightness_to_blur,tent,aux,0,ba,512,0.708984375,1.2028813006770727,0.46099311958318734,0.17498753987958615,0.07678740000119433,16,0,0,predictions/29_uci_internal_fixed_noise_brightness_to_blur_tent_w0_aux_ba.npz
stage_a_uci_v1,29,uci_internal_fixed,noise_brightness_to_blur,tent,parameters_aux,0,ab,512,0.708984375,1.2035175940658482,0.46123174421505453,0.17362469553244764,0.07411010000214446,16,0,0,predictions/29_uci_internal_fixed_noise_brightness_to_blur_tent_w0_parameters_aux_ab.npz
stage_a_uci_v1,29,uci_internal_fixed,noise_brightness_to_blur,tent,parameters_aux,0,ba,512,0.708984375,1.203554410549923,0.4612173145432859,0.17363729461919153,0.07399809999333229,16,0,0,predictions/29_uci_internal_fixed_noise_brightness_to_blur_tent_w0_parameters_aux_ba.npz
stage_a_uci_v1,29,uci_internal_fixed,noise_brightness_to_blur,tent,optimizer_aux,0,ab,512,0.708984375,1.2035049471433652,0.4611294485208236,0.17499109298308063,0.06999079999513924,16,0,0,predictions/29_uci_internal_fixed_noise_brightness_to_blur_tent_w0_optimizer_aux_ab.npz
stage_a_uci_v1,29,uci_internal_fixed,noise_brightness_to_blur,tent,optimizer_aux,0,ba,512,0.708984375,1.2034144790172354,0.4611527611933795,0.1736600698135642,0.07642070000292733,16,0,0,predictions/29_uci_internal_fixed_noise_brightness_to_blur_tent_w0_optimizer_aux_ba.npz
stage_a_uci_v1,29,uci_internal_fixed,noise_brightness_to_blur,tent,parameters_optimizer_aux,0,ab,512,0.708984375,1.2040946946338045,0.4613787224605811,0.17361187584852472,0.08336489999783225,16,0,0,predictions/29_uci_internal_fixed_noise_brightness_to_blur_tent_w0_parameters_optimizer_aux_ab.npz
stage_a_uci_v1,29,uci_internal_fixed,noise_brightness_to_blur,tent,parameters_optimizer_aux,0,ba,512,0.708984375,1.2040946946338045,0.4613787224605811,0.17361187584852472,0.08247990001109429,16,0,0,predictions/29_uci_internal_fixed_noise_brightness_to_blur_tent_w0_parameters_optimizer_aux_ba.npz
stage_a_uci_v1,29,uci_internal_fixed,noise_brightness_to_blur,tent,all,0,ab,512,0.708984375,1.2040946946338045,0.4613787224605811,0.17361187584852472,0.07997809999505989,16,0,0,predictions/29_uci_internal_fixed_noise_brightness_to_blur_tent_w0_all_ab.npz
stage_a_uci_v1,29,uci_internal_fixed,noise_brightness_to_blur,tent,all,0,ba,512,0.708984375,1.2040946946338045,0.4613787224605811,0.17361187584852472,0.07978179999918211,16,0,0,predictions/29_uci_internal_fixed_noise_brightness_to_blur_tent_w0_all_ba.npz
stage_a_uci_v1,29,uci_internal_fixed,noise_brightness_to_blur,tent,none,4,ab,512,0.708984375,1.2080050289859743,0.46205668091689855,0.17230015501338194,0.08078360000217799,16,0,0,predictions/29_uci_internal_fixed_noise_brightness_to_blur_tent_w4_none_ab.npz
stage_a_uci_v1,29,uci_internal_fixed,noise_brightness_to_blur,tent,none,4,ba,512,0.708984375,1.2079667699294894,0.4620610266276196,0.1722813209794671,0.07383290000143461,16,0,0,predictions/29_uci_internal_fixed_noise_brightness_to_blur_tent_w4_none_ba.npz
stage_a_uci_v1,29,uci_internal_fixed,noise_brightness_to_blur,tent,parameters,4,ab,512,0.708984375,1.20747233504584,0.4620831133462958,0.17378840858482753,0.06972450000466779,16,0,0,predictions/29_uci_internal_fixed_noise_brightness_to_blur_tent_w4_parameters_ab.npz
stage_a_uci_v1,29,uci_internal_fixed,noise_brightness_to_blur,tent,parameters,4,ba,512,0.708984375,1.2074906210929057,0.4620715812869922,0.1727548841273107,0.06599960000312421,16,0,0,predictions/29_uci_internal_fixed_noise_brightness_to_blur_tent_w4_parameters_ba.npz
stage_a_uci_v1,29,uci_internal_fixed,noise_brightness_to_blur,tent,optimizer,4,ab,512,0.708984375,1.2046196969428116,0.4613501239866879,0.1724600232401815,0.06959169999754522,16,0,0,predictions/29_uci_internal_fixed_noise_brightness_to_blur_tent_w4_optimizer_ab.npz
stage_a_uci_v1,29,uci_internal_fixed,noise_brightness_to_blur,tent,optimizer,4,ba,512,0.708984375,1.2045593431186115,0.46136481235001087,0.17244229823249613,0.22718600000371225,16,0,0,predictions/29_uci_internal_fixed_noise_brightness_to_blur_tent_w4_optimizer_ba.npz
stage_a_uci_v1,29,uci_internal_fixed,noise_brightness_to_blur,tent,parameters_optimizer,4,ab,512,0.708984375,1.2040946946338045,0.4613787224605811,0.17361187584852472,0.08344620000571012,16,0,0,predictions/29_uci_internal_fixed_noise_brightness_to_blur_tent_w4_parameters_optimizer_ab.npz
stage_a_uci_v1,29,uci_internal_fixed,noise_brightness_to_blur,tent,parameters_optimizer,4,ba,512,0.708984375,1.2040946946338045,0.4613787224605811,0.17361187584852472,0.08984800000325777,16,0,0,predictions/29_uci_internal_fixed_noise_brightness_to_blur_tent_w4_parameters_optimizer_ba.npz
stage_a_uci_v1,29,uci_internal_fixed,noise_brightness_to_blur,tent,aux,4,ab,512,0.708984375,1.2080050289859743,0.46205668091689855,0.17230015501338194,0.09142419999989215,16,0,0,predictions/29_uci_internal_fixed_noise_brightness_to_blur_tent_w4_aux_ab.npz
stage_a_uci_v1,29,uci_internal_fixed,noise_brightness_to_blur,tent,aux,4,ba,512,0.708984375,1.2079667699294894,0.4620610266276196,0.1722813209794671,0.1654417999961879,16,0,0,predictions/29_uci_internal_fixed_noise_brightness_to_blur_tent_w4_aux_ba.npz
stage_a_uci_v1,29,uci_internal_fixed,noise_brightness_to_blur,tent,parameters_aux,4,ab,512,0.708984375,1.20747233504584,0.4620831133462958,0.17378840858482753,0.08789099998830352,16,0,0,predictions/29_uci_internal_fixed_noise_brightness_to_blur_tent_w4_parameters_aux_ab.npz
stage_a_uci_v1,29,uci_internal_fixed,noise_brightness_to_blur,tent,parameters_aux,4,ba,512,0.708984375,1.2074906210929057,0.4620715812869922,0.1727548841273107,0.09026260000246111,16,0,0,predictions/29_uci_internal_fixed_noise_brightness_to_blur_tent_w4_parameters_aux_ba.npz
stage_a_uci_v1,29,uci_internal_fixed,noise_brightness_to_blur,tent,optimizer_aux,4,ab,512,0.708984375,1.2046196969428116,0.4613501239866879,0.1724600232401815,0.0884957999951439,16,0,0,predictions/29_uci_internal_fixed_noise_brightness_to_blur_tent_w4_optimizer_aux_ab.npz
stage_a_uci_v1,29,uci_internal_fixed,noise_brightness_to_blur,tent,optimizer_aux,4,ba,512,0.708984375,1.2045593431186115,0.46136481235001087,0.17244229823249613,0.09117169999808539,16,0,0,predictions/29_uci_internal_fixed_noise_brightness_to_blur_tent_w4_optimizer_aux_ba.npz
stage_a_uci_v1,29,uci_internal_fixed,noise_brightness_to_blur,tent,parameters_optimizer_aux,4,ab,512,0.708984375,1.2040946946338045,0.4613787224605811,0.17361187584852472,0.0859920999937458,16,0,0,predictions/29_uci_internal_fixed_noise_brightness_to_blur_tent_w4_parameters_optimizer_aux_ab.npz
stage_a_uci_v1,29,uci_internal_fixed,noise_brightness_to_blur,tent,parameters_optimizer_aux,4,ba,512,0.708984375,1.2040946946338045,0.4613787224605811,0.17361187584852472,0.09949759999290109,16,0,0,predictions/29_uci_internal_fixed_noise_brightness_to_blur_tent_w4_parameters_optimizer_aux_ba.npz
stage_a_uci_v1,29,uci_internal_fixed,noise_brightness_to_blur,tent,all,4,ab,512,0.708984375,1.2040946946338045,0.4613787224605811,0.17361187584852472,0.09069599999929778,16,0,0,predictions/29_uci_internal_fixed_noise_brightness_to_blur_tent_w4_all_ab.npz
stage_a_uci_v1,29,uci_internal_fixed,noise_brightness_to_blur,tent,all,4,ba,512,0.708984375,1.2040946946338045,0.4613787224605811,0.17361187584852472,0.0870876999979373,16,0,0,predictions/29_uci_internal_fixed_noise_brightness_to_blur_tent_w4_all_ba.npz
stage_a_uci_v1,29,uci_internal_fixed,noise_brightness_to_blur,sar_complete,none,0,ab,512,0.708984375,1.2002385006995853,0.46064107572514723,0.17336725891553684,0.17363440000917763,16,0,11,predictions/29_uci_internal_fixed_noise_brightness_to_blur_sar_complete_w0_none_ab.npz
stage_a_uci_v1,29,uci_internal_fixed,noise_brightness_to_blur,sar_complete,none,0,ba,512,0.708984375,1.2002483879288006,0.4606431467620914,0.17336640033787068,0.14749049999227282,16,0,10,predictions/29_uci_internal_fixed_noise_brightness_to_blur_sar_complete_w0_none_ba.npz
stage_a_uci_v1,29,uci_internal_fixed,noise_brightness_to_blur,sar_complete,parameters,0,ab,512,0.708984375,1.2002385006995853,0.46064107572514723,0.17336725891553684,0.14691579999634996,16,0,11,predictions/29_uci_internal_fixed_noise_brightness_to_blur_sar_complete_w0_parameters_ab.npz
stage_a_uci_v1,29,uci_internal_fixed,noise_brightness_to_blur,sar_complete,parameters,0,ba,512,0.708984375,1.2002483879288006,0.4606431467620914,0.17336640033787068,0.14968460000818595,16,0,10,predictions/29_uci_internal_fixed_noise_brightness_to_blur_sar_complete_w0_parameters_ba.npz
stage_a_uci_v1,29,uci_internal_fixed,noise_brightness_to_blur,sar_complete,optimizer,0,ab,512,0.708984375,1.2002385006995853,0.46064107572514723,0.17336725891553684,0.13564720000431407,16,0,11,predictions/29_uci_internal_fixed_noise_brightness_to_blur_sar_complete_w0_optimizer_ab.npz
stage_a_uci_v1,29,uci_internal_fixed,noise_brightness_to_blur,sar_complete,optimizer,0,ba,512,0.708984375,1.2002483879288006,0.4606431467620914,0.17336640033787068,0.2957183999969857,16,0,10,predictions/29_uci_internal_fixed_noise_brightness_to_blur_sar_complete_w0_optimizer_ba.npz
stage_a_uci_v1,29,uci_internal_fixed,noise_brightness_to_blur,sar_complete,parameters_optimizer,0,ab,512,0.708984375,1.2002385006995853,0.46064107572514723,0.17336725891553684,0.20095149999542627,16,0,11,predictions/29_uci_internal_fixed_noise_brightness_to_blur_sar_complete_w0_parameters_optimizer_ab.npz
stage_a_uci_v1,29,uci_internal_fixed,noise_brightness_to_blur,sar_complete,parameters_optimizer,0,ba,512,0.708984375,1.2002483879288006,0.4606431467620914,0.17336640033787068,0.2431063000112772,16,0,10,predictions/29_uci_internal_fixed_noise_brightness_to_blur_sar_complete_w0_parameters_optimizer_ba.npz
stage_a_uci_v1,29,uci_internal_fixed,noise_brightness_to_blur,sar_complete,aux,0,ab,512,0.708984375,1.2018451376150765,0.46087562768386264,0.1735352998280438,0.22642750000522938,16,0,1,predictions/29_uci_internal_fixed_noise_brightness_to_blur_sar_complete_w0_aux_ab.npz
stage_a_uci_v1,29,uci_internal_fixed,noise_brightness_to_blur,sar_complete,aux,0,ba,512,0.708984375,1.2018451376150765,0.46087562768386264,0.1735352998280438,0.7114346000016667,16,0,1,predictions/29_uci_internal_fixed_noise_brightness_to_blur_sar_complete_w0_aux_ba.npz
stage_a_uci_v1,29,uci_internal_fixed,noise_brightness_to_blur,sar_complete,parameters_aux,0,ab,512,0.708984375,1.2018451376150765,0.46087562768386264,0.1735352998280438,0.5781963000044925,16,0,1,predictions/29_uci_internal_fixed_noise_brightness_to_blur_sar_complete_w0_parameters_aux_ab.npz
stage_a_uci_v1,29,uci_internal_fixed,noise_brightness_to_blur,sar_complete,parameters_aux,0,ba,512,0.708984375,1.2018451376150765,0.46087562768386264,0.1735352998280438,0.21112510000239126,16,0,1,predictions/29_uci_internal_fixed_noise_brightness_to_blur_sar_complete_w0_parameters_aux_ba.npz
stage_a_uci_v1,29,uci_internal_fixed,noise_brightness_to_blur,sar_complete,optimizer_aux,0,ab,512,0.708984375,1.2018451376150765,0.46087562768386264,0.1735352998280438,0.2283876000001328,16,0,1,predictions/29_uci_internal_fixed_noise_brightness_to_blur_sar_complete_w0_optimizer_aux_ab.npz
stage_a_uci_v1,29,uci_internal_fixed,noise_brightness_to_blur,sar_complete,optimizer_aux,0,ba,512,0.708984375,1.2018451376150765,0.46087562768386264,0.1735352998280438,0.32513209999888204,16,0,1,predictions/29_uci_internal_fixed_noise_brightness_to_blur_sar_complete_w0_optimizer_aux_ba.npz
stage_a_uci_v1,29,uci_internal_fixed,noise_brightness_to_blur,sar_complete,parameters_optimizer_aux,0,ab,512,0.708984375,1.2018451376150765,0.46087562768386264,0.1735352998280438,0.1795784999994794,16,0,1,predictions/29_uci_internal_fixed_noise_brightness_to_blur_sar_complete_w0_parameters_optimizer_aux_ab.npz
stage_a_uci_v1,29,uci_internal_fixed,noise_brightness_to_blur,sar_complete,parameters_optimizer_aux,0,ba,512,0.708984375,1.2018451376150765,0.46087562768386264,0.1735352998280438,0.19374449999304488,16,0,1,predictions/29_uci_internal_fixed_noise_brightness_to_blur_sar_complete_w0_parameters_optimizer_aux_ba.npz
stage_a_uci_v1,29,uci_internal_fixed,noise_brightness_to_blur,sar_complete,all,0,ab,512,0.708984375,1.2018451376150765,0.46087562768386264,0.1735352998280438,0.3437035999959335,16,0,1,predictions/29_uci_internal_fixed_noise_brightness_to_blur_sar_complete_w0_all_ab.npz
stage_a_uci_v1,29,uci_internal_fixed,noise_brightness_to_blur,sar_complete,all,0,ba,512,0.708984375,1.2018451376150765,0.46087562768386264,0.1735352998280438,0.251586700003827,16,0,1,predictions/29_uci_internal_fixed_noise_brightness_to_blur_sar_complete_w0_all_ba.npz
stage_a_uci_v1,29,uci_internal_fixed,noise_brightness_to_blur,sar_complete,none,4,ab,512,0.708984375,1.202247873749452,0.4609862516626618,0.17354161078928068,0.28214260000095237,16,0,2,predictions/29_uci_internal_fixed_noise_brightness_to_blur_sar_complete_w4_none_ab.npz
stage_a_uci_v1,29,uci_internal_fixed,noise_brightness_to_blur,sar_complete,none,4,ba,512,0.708984375,1.202247873749452,0.4609862516626618,0.17354161078928068,0.23297929999534972,16,0,2,predictions/29_uci_internal_fixed_noise_brightness_to_blur_sar_complete_w4_none_ba.npz
stage_a_uci_v1,29,uci_internal_fixed,noise_brightness_to_blur,sar_complete,parameters,4,ab,512,0.708984375,1.202247873749452,0.4609862516626618,0.17354161078928068,0.1693063999991864,16,0,2,predictions/29_uci_internal_fixed_noise_brightness_to_blur_sar_complete_w4_parameters_ab.npz
stage_a_uci_v1,29,uci_internal_fixed,noise_brightness_to_blur,sar_complete,parameters,4,ba,512,0.708984375,1.202247873749452,0.4609862516626618,0.17354161078928068,0.15241260000038892,16,0,2,predictions/29_uci_internal_fixed_noise_brightness_to_blur_sar_complete_w4_parameters_ba.npz
stage_a_uci_v1,29,uci_internal_fixed,noise_brightness_to_blur,sar_complete,optimizer,4,ab,512,0.708984375,1.202247873749452,0.4609862516626618,0.17354161078928068,0.14566939999349415,16,0,2,predictions/29_uci_internal_fixed_noise_brightness_to_blur_sar_complete_w4_optimizer_ab.npz
stage_a_uci_v1,29,uci_internal_fixed,noise_brightness_to_blur,sar_complete,optimizer,4,ba,512,0.708984375,1.202247873749452,0.4609862516626618,0.17354161078928068,0.13602030000765808,16,0,2,predictions/29_uci_internal_fixed_noise_brightness_to_blur_sar_complete_w4_optimizer_ba.npz
stage_a_uci_v1,29,uci_internal_fixed,noise_brightness_to_blur,sar_complete,parameters_optimizer,4,ab,512,0.708984375,1.202247873749452,0.4609862516626618,0.17354161078928068,0.13085119999595918,16,0,2,predictions/29_uci_internal_fixed_noise_brightness_to_blur_sar_complete_w4_parameters_optimizer_ab.npz
stage_a_uci_v1,29,uci_internal_fixed,noise_brightness_to_blur,sar_complete,parameters_optimizer,4,ba,512,0.708984375,1.202247873749452,0.4609862516626618,0.17354161078928068,0.1530606999876909,16,0,2,predictions/29_uci_internal_fixed_noise_brightness_to_blur_sar_complete_w4_parameters_optimizer_ba.npz
stage_a_uci_v1,29,uci_internal_fixed,noise_brightness_to_blur,sar_complete,aux,4,ab,512,0.708984375,1.2018451376150765,0.46087562768386264,0.1735352998280438,0.12807959999190643,16,0,1,predictions/29_uci_internal_fixed_noise_brightness_to_blur_sar_complete_w4_aux_ab.npz
stage_a_uci_v1,29,uci_internal_fixed,noise_brightness_to_blur,sar_complete,aux,4,ba,512,0.708984375,1.2018451376150765,0.46087562768386264,0.1735352998280438,0.1326559000008274,16,0,1,predictions/29_uci_internal_fixed_noise_brightness_to_blur_sar_complete_w4_aux_ba.npz
stage_a_uci_v1,29,uci_internal_fixed,noise_brightness_to_blur,sar_complete,parameters_aux,4,ab,512,0.708984375,1.2018451376150765,0.46087562768386264,0.1735352998280438,0.15500119999342132,16,0,1,predictions/29_uci_internal_fixed_noise_brightness_to_blur_sar_complete_w4_parameters_aux_ab.npz
stage_a_uci_v1,29,uci_internal_fixed,noise_brightness_to_blur,sar_complete,parameters_aux,4,ba,512,0.708984375,1.2018451376150765,0.46087562768386264,0.1735352998280438,0.1329939999995986,16,0,1,predictions/29_uci_internal_fixed_noise_brightness_to_blur_sar_complete_w4_parameters_aux_ba.npz
stage_a_uci_v1,29,uci_internal_fixed,noise_brightness_to_blur,sar_complete,optimizer_aux,4,ab,512,0.708984375,1.2018451376150765,0.46087562768386264,0.1735352998280438,0.16214129999571014,16,0,1,predictions/29_uci_internal_fixed_noise_brightness_to_blur_sar_complete_w4_optimizer_aux_ab.npz
stage_a_uci_v1,29,uci_internal_fixed,noise_brightness_to_blur,sar_complete,optimizer_aux,4,ba,512,0.708984375,1.2018451376150765,0.46087562768386264,0.1735352998280438,0.23798979999264702,16,0,1,predictions/29_uci_internal_fixed_noise_brightness_to_blur_sar_complete_w4_optimizer_aux_ba.npz
stage_a_uci_v1,29,uci_internal_fixed,noise_brightness_to_blur,sar_complete,parameters_optimizer_aux,4,ab,512,0.708984375,1.2018451376150765,0.46087562768386264,0.1735352998280438,0.25068719999399036,16,0,1,predictions/29_uci_internal_fixed_noise_brightness_to_blur_sar_complete_w4_parameters_optimizer_aux_ab.npz
stage_a_uci_v1,29,uci_internal_fixed,noise_brightness_to_blur,sar_complete,parameters_optimizer_aux,4,ba,512,0.708984375,1.2018451376150765,0.46087562768386264,0.1735352998280438,0.34280389999912586,16,0,1,predictions/29_uci_internal_fixed_noise_brightness_to_blur_sar_complete_w4_parameters_optimizer_aux_ba.npz
stage_a_uci_v1,29,uci_internal_fixed,noise_brightness_to_blur,sar_complete,all,4,ab,512,0.708984375,1.2018451376150765,0.46087562768386264,0.1735352998280438,0.17047989999991842,16,0,1,predictions/29_uci_internal_fixed_noise_brightness_to_blur_sar_complete_w4_all_ab.npz
stage_a_uci_v1,29,uci_internal_fixed,noise_brightness_to_blur,sar_complete,all,4,ba,512,0.708984375,1.2018451376150765,0.46087562768386264,0.1735352998280438,0.14969840001140255,16,0,1,predictions/29_uci_internal_fixed_noise_brightness_to_blur_sar_complete_w4_all_ba.npz
stage_a_uci_v1,29,uci_internal_fixed,blur_noise_to_clean,source,none,0,ab,512,0.98046875,0.062244817978721105,0.030343409620623794,0.011360374280226552,0.0384014000010211,0,0,0,predictions/29_uci_internal_fixed_blur_noise_to_clean_source_w0_none_ab.npz
stage_a_uci_v1,29,uci_internal_fixed,blur_noise_to_clean,source,none,0,ba,512,0.98046875,0.062244817978721105,0.030343409620623794,0.011360374280226552,0.026721300004282966,0,0,0,predictions/29_uci_internal_fixed_blur_noise_to_clean_source_w0_none_ba.npz
stage_a_uci_v1,29,uci_internal_fixed,blur_noise_to_clean,source,all,0,ab,512,0.98046875,0.062244817978721105,0.030343409620623794,0.011360374280226552,0.026252399999066256,0,0,0,predictions/29_uci_internal_fixed_blur_noise_to_clean_source_w0_all_ab.npz
stage_a_uci_v1,29,uci_internal_fixed,blur_noise_to_clean,source,all,0,ba,512,0.98046875,0.062244817978721105,0.030343409620623794,0.011360374280226552,0.02547559999220539,0,0,0,predictions/29_uci_internal_fixed_blur_noise_to_clean_source_w0_all_ba.npz
stage_a_uci_v1,29,uci_internal_fixed,blur_noise_to_clean,source,none,4,ab,512,0.98046875,0.062244817978721105,0.030343409620623794,0.011360374280226552,0.02281689998926595,0,0,0,predictions/29_uci_internal_fixed_blur_noise_to_clean_source_w4_none_ab.npz
stage_a_uci_v1,29,uci_internal_fixed,blur_noise_to_clean,source,none,4,ba,512,0.98046875,0.062244817978721105,0.030343409620623794,0.011360374280226552,0.02318139999988489,0,0,0,predictions/29_uci_internal_fixed_blur_noise_to_clean_source_w4_none_ba.npz
stage_a_uci_v1,29,uci_internal_fixed,blur_noise_to_clean,source,all,4,ab,512,0.98046875,0.062244817978721105,0.030343409620623794,0.011360374280226552,0.026521200008573942,0,0,0,predictions/29_uci_internal_fixed_blur_noise_to_clean_source_w4_all_ab.npz
stage_a_uci_v1,29,uci_internal_fixed,blur_noise_to_clean,source,all,4,ba,512,0.98046875,0.062244817978721105,0.030343409620623794,0.011360374280226552,0.025173799993353896,0,0,0,predictions/29_uci_internal_fixed_blur_noise_to_clean_source_w4_all_ba.npz
stage_a_uci_v1,29,uci_internal_fixed,blur_noise_to_clean,norm,none,0,ab,512,0.98046875,0.061841622606431015,0.02962886907066929,0.013449294468806012,0.025071700001717545,0,0,0,predictions/29_uci_internal_fixed_blur_noise_to_clean_norm_w0_none_ab.npz
stage_a_uci_v1,29,uci_internal_fixed,blur_noise_to_clean,norm,none,0,ba,512,0.98046875,0.061841622606431015,0.02962886907066929,0.013449294468806012,0.027541400006157346,0,0,0,predictions/29_uci_internal_fixed_blur_noise_to_clean_norm_w0_none_ba.npz
stage_a_uci_v1,29,uci_internal_fixed,blur_noise_to_clean,norm,all,0,ab,512,0.98046875,0.061841622606431015,0.02962886907066929,0.013449294468806012,0.023786799996742047,0,0,0,predictions/29_uci_internal_fixed_blur_noise_to_clean_norm_w0_all_ab.npz
stage_a_uci_v1,29,uci_internal_fixed,blur_noise_to_clean,norm,all,0,ba,512,0.98046875,0.061841622606431015,0.02962886907066929,0.013449294468806012,0.02465229999506846,0,0,0,predictions/29_uci_internal_fixed_blur_noise_to_clean_norm_w0_all_ba.npz
stage_a_uci_v1,29,uci_internal_fixed,blur_noise_to_clean,norm,none,4,ab,512,0.98046875,0.061841622606431015,0.02962886907066929,0.013449294468806012,0.02798740001162514,0,0,0,predictions/29_uci_internal_fixed_blur_noise_to_clean_norm_w4_none_ab.npz
stage_a_uci_v1,29,uci_internal_fixed,blur_noise_to_clean,norm,none,4,ba,512,0.98046875,0.061841622606431015,0.02962886907066929,0.013449294468806012,0.023073599993949756,0,0,0,predictions/29_uci_internal_fixed_blur_noise_to_clean_norm_w4_none_ba.npz
stage_a_uci_v1,29,uci_internal_fixed,blur_noise_to_clean,norm,all,4,ab,512,0.98046875,0.061841622606431015,0.02962886907066929,0.013449294468806012,0.0313462000049185,0,0,0,predictions/29_uci_internal_fixed_blur_noise_to_clean_norm_w4_all_ab.npz
stage_a_uci_v1,29,uci_internal_fixed,blur_noise_to_clean,norm,all,4,ba,512,0.98046875,0.061841622606431015,0.02962886907066929,0.013449294468806012,0.03392400000302587,0,0,0,predictions/29_uci_internal_fixed_blur_noise_to_clean_norm_w4_all_ba.npz
stage_a_uci_v1,29,uci_internal_fixed,blur_noise_to_clean,tent,none,0,ab,512,0.98046875,0.06194087985953373,0.029750305089118148,0.013426996973776702,0.08101039999746718,16,0,0,predictions/29_uci_internal_fixed_blur_noise_to_clean_tent_w0_none_ab.npz
stage_a_uci_v1,29,uci_internal_fixed,blur_noise_to_clean,tent,none,0,ba,512,0.98046875,0.06195487647199764,0.029745933525557756,0.013433847931043769,0.06734890000370797,16,0,0,predictions/29_uci_internal_fixed_blur_noise_to_clean_tent_w0_none_ba.npz
stage_a_uci_v1,29,uci_internal_fixed,blur_noise_to_clean,tent,parameters,0,ab,512,0.98046875,0.06188957280461913,0.029669582767378414,0.013445718846828648,0.05911339999875054,16,0,0,predictions/29_uci_internal_fixed_blur_noise_to_clean_tent_w0_parameters_ab.npz
stage_a_uci_v1,29,uci_internal_fixed,blur_noise_to_clean,tent,parameters,0,ba,512,0.98046875,0.0618846440639383,0.0296811992734863,0.013439158760436975,0.08423980000952724,16,0,0,predictions/29_uci_internal_fixed_blur_noise_to_clean_tent_w0_parameters_ba.npz
stage_a_uci_v1,29,uci_internal_fixed,blur_noise_to_clean,tent,optimizer,0,ab,512,0.98046875,0.06190573884251914,0.029716630292141288,0.013430932286499712,0.06655109999701381,16,0,0,predictions/29_uci_internal_fixed_blur_noise_to_clean_tent_w0_optimizer_ab.npz
stage_a_uci_v1,29,uci_internal_fixed,blur_noise_to_clean,tent,optimizer,0,ba,512,0.98046875,0.06192470069901173,0.02970063973243265,0.013444309331774491,0.0629276999970898,16,0,0,predictions/29_uci_internal_fixed_blur_noise_to_clean_tent_w0_optimizer_ba.npz
stage_a_uci_v1,29,uci_internal_fixed,blur_noise_to_clean,tent,parameters_optimizer,0,ab,512,0.98046875,0.06185581993571382,0.02963677895613805,0.013449396582008472,0.06093069999769796,16,0,0,predictions/29_uci_internal_fixed_blur_noise_to_clean_tent_w0_parameters_optimizer_ab.npz
stage_a_uci_v1,29,uci_internal_fixed,blur_noise_to_clean,tent,parameters_optimizer,0,ba,512,0.98046875,0.06185581993571382,0.02963677895613805,0.013449396582008472,0.06439279999176506,16,0,0,predictions/29_uci_internal_fixed_blur_noise_to_clean_tent_w0_parameters_optimizer_ba.npz
stage_a_uci_v1,29,uci_internal_fixed,blur_noise_to_clean,tent,aux,0,ab,512,0.98046875,0.06194087985953373,0.029750305089118148,0.013426996973776702,0.06614770001033321,16,0,0,predictions/29_uci_internal_fixed_blur_noise_to_clean_tent_w0_aux_ab.npz
stage_a_uci_v1,29,uci_internal_fixed,blur_noise_to_clean,tent,aux,0,ba,512,0.98046875,0.06195487647199764,0.029745933525557756,0.013433847931043769,0.06889880000380799,16,0,0,predictions/29_uci_internal_fixed_blur_noise_to_clean_tent_w0_aux_ba.npz
stage_a_uci_v1,29,uci_internal_fixed,blur_noise_to_clean,tent,parameters_aux,0,ab,512,0.98046875,0.06188957280461913,0.029669582767378414,0.013445718846828648,0.061144199993577786,16,0,0,predictions/29_uci_internal_fixed_blur_noise_to_clean_tent_w0_parameters_aux_ab.npz
stage_a_uci_v1,29,uci_internal_fixed,blur_noise_to_clean,tent,parameters_aux,0,ba,512,0.98046875,0.0618846440639383,0.0296811992734863,0.013439158760436975,0.06366689999413211,16,0,0,predictions/29_uci_internal_fixed_blur_noise_to_clean_tent_w0_parameters_aux_ba.npz
stage_a_uci_v1,29,uci_internal_fixed,blur_noise_to_clean,tent,optimizer_aux,0,ab,512,0.98046875,0.06190573884251914,0.029716630292141288,0.013430932286499712,0.0838256000133697,16,0,0,predictions/29_uci_internal_fixed_blur_noise_to_clean_tent_w0_optimizer_aux_ab.npz
stage_a_uci_v1,29,uci_internal_fixed,blur_noise_to_clean,tent,optimizer_aux,0,ba,512,0.98046875,0.06192470069901173,0.02970063973243265,0.013444309331774491,0.0709696999983862,16,0,0,predictions/29_uci_internal_fixed_blur_noise_to_clean_tent_w0_optimizer_aux_ba.npz
stage_a_uci_v1,29,uci_internal_fixed,blur_noise_to_clean,tent,parameters_optimizer_aux,0,ab,512,0.98046875,0.06185581993571382,0.02963677895613805,0.013449396582008472,0.06855440000072122,16,0,0,predictions/29_uci_internal_fixed_blur_noise_to_clean_tent_w0_parameters_optimizer_aux_ab.npz
stage_a_uci_v1,29,uci_internal_fixed,blur_noise_to_clean,tent,parameters_optimizer_aux,0,ba,512,0.98046875,0.06185581993571382,0.02963677895613805,0.013449396582008472,0.07876889999897685,16,0,0,predictions/29_uci_internal_fixed_blur_noise_to_clean_tent_w0_parameters_optimizer_aux_ba.npz
stage_a_uci_v1,29,uci_internal_fixed,blur_noise_to_clean,tent,all,0,ab,512,0.98046875,0.06185581993571382,0.02963677895613805,0.013449396582008472,0.13915289999567904,16,0,0,predictions/29_uci_internal_fixed_blur_noise_to_clean_tent_w0_all_ab.npz
stage_a_uci_v1,29,uci_internal_fixed,blur_noise_to_clean,tent,all,0,ba,512,0.98046875,0.06185581993571382,0.02963677895613805,0.013449396582008472,0.13525639999716077,16,0,0,predictions/29_uci_internal_fixed_blur_noise_to_clean_tent_w0_all_ba.npz
stage_a_uci_v1,29,uci_internal_fixed,blur_noise_to_clean,tent,none,4,ab,512,0.98046875,0.061954648002288365,0.029759511918498273,0.01342711764511581,0.09041299999807961,16,0,0,predictions/29_uci_internal_fixed_blur_noise_to_clean_tent_w4_none_ab.npz
stage_a_uci_v1,29,uci_internal_fixed,blur_noise_to_clean,tent,none,4,ba,512,0.98046875,0.061963856276186204,0.0297564909574555,0.01343163848128363,0.07747370000288356,16,0,0,predictions/29_uci_internal_fixed_blur_noise_to_clean_tent_w4_none_ba.npz
stage_a_uci_v1,29,uci_internal_fixed,blur_noise_to_clean,tent,parameters,4,ab,512,0.98046875,0.061879752401230094,0.029657511139408288,0.013447614343269475,0.0727508999989368,16,0,0,predictions/29_uci_internal_fixed_blur_noise_to_clean_tent_w4_parameters_ab.npz
stage_a_uci_v1,29,uci_internal_fixed,blur_noise_to_clean,tent,parameters,4,ba,512,0.98046875,0.06187633192602183,0.029665047044000206,0.013443328481051595,0.07050979998894036,16,0,0,predictions/29_uci_internal_fixed_blur_noise_to_clean_tent_w4_parameters_ba.npz
stage_a_uci_v1,29,uci_internal_fixed,blur_noise_to_clean,tent,optimizer,4,ab,512,0.98046875,0.06192972093925028,0.02973805714587322,0.013429062243716029,0.06290839999564923,16,0,0,predictions/29_uci_internal_fixed_blur_noise_to_clean_tent_w4_optimizer_ab.npz
stage_a_uci_v1,29,uci_internal_fixed,blur_noise_to_clean,tent,optimizer,4,ba,512,0.98046875,0.061942121082520896,0.02972737737953219,0.013437932498636996,0.06398759999137837,16,0,0,predictions/29_uci_internal_fixed_blur_noise_to_clean_tent_w4_optimizer_ba.npz
stage_a_uci_v1,29,uci_internal_fixed,blur_noise_to_clean,tent,parameters_optimizer,4,ab,512,0.98046875,0.06185581993571382,0.02963677895613805,0.013449396582008472,0.0660788999957731,16,0,0,predictions/29_uci_internal_fixed_blur_noise_to_clean_tent_w4_parameters_optimizer_ab.npz
stage_a_uci_v1,29,uci_internal_fixed,blur_noise_to_clean,tent,parameters_optimizer,4,ba,512,0.98046875,0.06185581993571382,0.02963677895613805,0.013449396582008472,0.060899000003701076,16,0,0,predictions/29_uci_internal_fixed_blur_noise_to_clean_tent_w4_parameters_optimizer_ba.npz
stage_a_uci_v1,29,uci_internal_fixed,blur_noise_to_clean,tent,aux,4,ab,512,0.98046875,0.061954648002288365,0.029759511918498273,0.01342711764511581,0.06271040000137873,16,0,0,predictions/29_uci_internal_fixed_blur_noise_to_clean_tent_w4_aux_ab.npz
stage_a_uci_v1,29,uci_internal_fixed,blur_noise_to_clean,tent,aux,4,ba,512,0.98046875,0.061963856276186204,0.0297564909574555,0.01343163848128363,0.0831865999934962,16,0,0,predictions/29_uci_internal_fixed_blur_noise_to_clean_tent_w4_aux_ba.npz
stage_a_uci_v1,29,uci_internal_fixed,blur_noise_to_clean,tent,parameters_aux,4,ab,512,0.98046875,0.061879752401230094,0.029657511139408288,0.013447614343269475,0.08011340000666678,16,0,0,predictions/29_uci_internal_fixed_blur_noise_to_clean_tent_w4_parameters_aux_ab.npz
stage_a_uci_v1,29,uci_internal_fixed,blur_noise_to_clean,tent,parameters_aux,4,ba,512,0.98046875,0.06187633192602183,0.029665047044000206,0.013443328481051595,0.06650640000589192,16,0,0,predictions/29_uci_internal_fixed_blur_noise_to_clean_tent_w4_parameters_aux_ba.npz
stage_a_uci_v1,29,uci_internal_fixed,blur_noise_to_clean,tent,optimizer_aux,4,ab,512,0.98046875,0.06192972093925028,0.02973805714587322,0.013429062243716029,0.06466770000406541,16,0,0,predictions/29_uci_internal_fixed_blur_noise_to_clean_tent_w4_optimizer_aux_ab.npz
stage_a_uci_v1,29,uci_internal_fixed,blur_noise_to_clean,tent,optimizer_aux,4,ba,512,0.98046875,0.061942121082520896,0.02972737737953219,0.013437932498636996,0.058637299996917136,16,0,0,predictions/29_uci_internal_fixed_blur_noise_to_clean_tent_w4_optimizer_aux_ba.npz
stage_a_uci_v1,29,uci_internal_fixed,blur_noise_to_clean,tent,parameters_optimizer_aux,4,ab,512,0.98046875,0.06185581993571382,0.02963677895613805,0.013449396582008472,0.06191599999147002,16,0,0,predictions/29_uci_internal_fixed_blur_noise_to_clean_tent_w4_parameters_optimizer_aux_ab.npz
stage_a_uci_v1,29,uci_internal_fixed,blur_noise_to_clean,tent,parameters_optimizer_aux,4,ba,512,0.98046875,0.06185581993571382,0.02963677895613805,0.013449396582008472,0.06452600000193343,16,0,0,predictions/29_uci_internal_fixed_blur_noise_to_clean_tent_w4_parameters_optimizer_aux_ba.npz
stage_a_uci_v1,29,uci_internal_fixed,blur_noise_to_clean,tent,all,4,ab,512,0.98046875,0.06185581993571382,0.02963677895613805,0.013449396582008472,0.0781664000096498,16,0,0,predictions/29_uci_internal_fixed_blur_noise_to_clean_tent_w4_all_ab.npz
stage_a_uci_v1,29,uci_internal_fixed,blur_noise_to_clean,tent,all,4,ba,512,0.98046875,0.06185581993571382,0.02963677895613805,0.013449396582008472,0.07309010000608396,16,0,0,predictions/29_uci_internal_fixed_blur_noise_to_clean_tent_w4_all_ba.npz
stage_a_uci_v1,29,uci_internal_fixed,blur_noise_to_clean,sar_complete,none,0,ab,512,0.98046875,0.06184189171563411,0.02962907835153757,0.013449224958816291,0.13882969999394845,16,0,16,predictions/29_uci_internal_fixed_blur_noise_to_clean_sar_complete_w0_none_ab.npz
stage_a_uci_v1,29,uci_internal_fixed,blur_noise_to_clean,sar_complete,none,0,ba,512,0.98046875,0.06184166414187828,0.029628907531975213,0.013449195218744357,0.1335832000040682,16,0,16,predictions/29_uci_internal_fixed_blur_noise_to_clean_sar_complete_w0_none_ba.npz
stage_a_uci_v1,29,uci_internal_fixed,blur_noise_to_clean,sar_complete,parameters,0,ab,512,0.98046875,0.061841622606431015,0.02962886907066929,0.013449294468806012,0.1360438000119757,16,0,16,predictions/29_uci_internal_fixed_blur_noise_to_clean_sar_complete_w0_parameters_ab.npz
stage_a_uci_v1,29,uci_internal_fixed,blur_noise_to_clean,sar_complete,parameters,0,ba,512,0.98046875,0.061841622606431015,0.02962886907066929,0.013449294468806012,0.134551700000884,16,0,16,predictions/29_uci_internal_fixed_blur_noise_to_clean_sar_complete_w0_parameters_ba.npz
stage_a_uci_v1,29,uci_internal_fixed,blur_noise_to_clean,sar_complete,optimizer,0,ab,512,0.98046875,0.06184189171563411,0.02962907835153757,0.013449224958816291,0.13380149999284185,16,0,16,predictions/29_uci_internal_fixed_blur_noise_to_clean_sar_complete_w0_optimizer_ab.npz
stage_a_uci_v1,29,uci_internal_fixed,blur_noise_to_clean,sar_complete,optimizer,0,ba,512,0.98046875,0.06184166414187828,0.029628907531975213,0.013449195218744357,0.13258430000860244,16,0,16,predictions/29_uci_internal_fixed_blur_noise_to_clean_sar_complete_w0_optimizer_ba.npz
stage_a_uci_v1,29,uci_internal_fixed,blur_noise_to_clean,sar_complete,parameters_optimizer,0,ab,512,0.98046875,0.061841622606431015,0.02962886907066929,0.013449294468806012,0.1276990000042133,16,0,16,predictions/29_uci_internal_fixed_blur_noise_to_clean_sar_complete_w0_parameters_optimizer_ab.npz
stage_a_uci_v1,29,uci_internal_fixed,blur_noise_to_clean,sar_complete,parameters_optimizer,0,ba,512,0.98046875,0.061841622606431015,0.02962886907066929,0.013449294468806012,0.12109410000266507,16,0,16,predictions/29_uci_internal_fixed_blur_noise_to_clean_sar_complete_w0_parameters_optimizer_ba.npz
stage_a_uci_v1,29,uci_internal_fixed,blur_noise_to_clean,sar_complete,aux,0,ab,512,0.98046875,0.06184189171563411,0.02962907835153757,0.013449224958816291,0.13161210001271684,16,0,16,predictions/29_uci_internal_fixed_blur_noise_to_clean_sar_complete_w0_aux_ab.npz
stage_a_uci_v1,29,uci_internal_fixed,blur_noise_to_clean,sar_complete,aux,0,ba,512,0.98046875,0.06184166414187828,0.029628907531975213,0.013449195218744357,0.12686160000157543,16,0,16,predictions/29_uci_internal_fixed_blur_noise_to_clean_sar_complete_w0_aux_ba.npz
stage_a_uci_v1,29,uci_internal_fixed,blur_noise_to_clean,sar_complete,parameters_aux,0,ab,512,0.98046875,0.061841622606431015,0.02962886907066929,0.013449294468806012,0.15687290001369547,16,0,16,predictions/29_uci_internal_fixed_blur_noise_to_clean_sar_complete_w0_parameters_aux_ab.npz
stage_a_uci_v1,29,uci_internal_fixed,blur_noise_to_clean,sar_complete,parameters_aux,0,ba,512,0.98046875,0.061841622606431015,0.02962886907066929,0.013449294468806012,0.14720330000272952,16,0,16,predictions/29_uci_internal_fixed_blur_noise_to_clean_sar_complete_w0_parameters_aux_ba.npz
stage_a_uci_v1,29,uci_internal_fixed,blur_noise_to_clean,sar_complete,optimizer_aux,0,ab,512,0.98046875,0.06184189171563411,0.02962907835153757,0.013449224958816291,0.14733639999758452,16,0,16,predictions/29_uci_internal_fixed_blur_noise_to_clean_sar_complete_w0_optimizer_aux_ab.npz
stage_a_uci_v1,29,uci_internal_fixed,blur_noise_to_clean,sar_complete,optimizer_aux,0,ba,512,0.98046875,0.06184166414187828,0.029628907531975213,0.013449195218744357,0.16812669999490026,16,0,16,predictions/29_uci_internal_fixed_blur_noise_to_clean_sar_complete_w0_optimizer_aux_ba.npz
stage_a_uci_v1,29,uci_internal_fixed,blur_noise_to_clean,sar_complete,parameters_optimizer_aux,0,ab,512,0.98046875,0.061841622606431015,0.02962886907066929,0.013449294468806012,0.20076690000132658,16,0,16,predictions/29_uci_internal_fixed_blur_noise_to_clean_sar_complete_w0_parameters_optimizer_aux_ab.npz
stage_a_uci_v1,29,uci_internal_fixed,blur_noise_to_clean,sar_complete,parameters_optimizer_aux,0,ba,512,0.98046875,0.061841622606431015,0.02962886907066929,0.013449294468806012,0.2990641000069445,16,0,16,predictions/29_uci_internal_fixed_blur_noise_to_clean_sar_complete_w0_parameters_optimizer_aux_ba.npz
stage_a_uci_v1,29,uci_internal_fixed,blur_noise_to_clean,sar_complete,all,0,ab,512,0.98046875,0.061841622606431015,0.02962886907066929,0.013449294468806012,0.3339283999957843,16,0,16,predictions/29_uci_internal_fixed_blur_noise_to_clean_sar_complete_w0_all_ab.npz
stage_a_uci_v1,29,uci_internal_fixed,blur_noise_to_clean,sar_complete,all,0,ba,512,0.98046875,0.061841622606431015,0.02962886907066929,0.013449294468806012,0.1594671000057133,16,0,16,predictions/29_uci_internal_fixed_blur_noise_to_clean_sar_complete_w0_all_ba.npz
stage_a_uci_v1,29,uci_internal_fixed,blur_noise_to_clean,sar_complete,none,4,ab,512,0.98046875,0.061841622606431015,0.02962886907066929,0.013449294468806012,0.14347120000456925,16,0,16,predictions/29_uci_internal_fixed_blur_noise_to_clean_sar_complete_w4_none_ab.npz
stage_a_uci_v1,29,uci_internal_fixed,blur_noise_to_clean,sar_complete,none,4,ba,512,0.98046875,0.061841622606431015,0.02962886907066929,0.013449294468806012,0.14850130000559147,16,0,16,predictions/29_uci_internal_fixed_blur_noise_to_clean_sar_complete_w4_none_ba.npz
stage_a_uci_v1,29,uci_internal_fixed,blur_noise_to_clean,sar_complete,parameters,4,ab,512,0.98046875,0.061841622606431015,0.02962886907066929,0.013449294468806012,0.16669729999557603,16,0,16,predictions/29_uci_internal_fixed_blur_noise_to_clean_sar_complete_w4_parameters_ab.npz
stage_a_uci_v1,29,uci_internal_fixed,blur_noise_to_clean,sar_complete,parameters,4,ba,512,0.98046875,0.061841622606431015,0.02962886907066929,0.013449294468806012,0.1328769999963697,16,0,16,predictions/29_uci_internal_fixed_blur_noise_to_clean_sar_complete_w4_parameters_ba.npz
stage_a_uci_v1,29,uci_internal_fixed,blur_noise_to_clean,sar_complete,optimizer,4,ab,512,0.98046875,0.061841622606431015,0.02962886907066929,0.013449294468806012,0.12547369999811053,16,0,16,predictions/29_uci_internal_fixed_blur_noise_to_clean_sar_complete_w4_optimizer_ab.npz
stage_a_uci_v1,29,uci_internal_fixed,blur_noise_to_clean,sar_complete,optimizer,4,ba,512,0.98046875,0.061841622606431015,0.02962886907066929,0.013449294468806012,0.13097229998675175,16,0,16,predictions/29_uci_internal_fixed_blur_noise_to_clean_sar_complete_w4_optimizer_ba.npz
stage_a_uci_v1,29,uci_internal_fixed,blur_noise_to_clean,sar_complete,parameters_optimizer,4,ab,512,0.98046875,0.061841622606431015,0.02962886907066929,0.013449294468806012,0.1334288999933051,16,0,16,predictions/29_uci_internal_fixed_blur_noise_to_clean_sar_complete_w4_parameters_optimizer_ab.npz
stage_a_uci_v1,29,uci_internal_fixed,blur_noise_to_clean,sar_complete,parameters_optimizer,4,ba,512,0.98046875,0.061841622606431015,0.02962886907066929,0.013449294468806012,0.12936510000145063,16,0,16,predictions/29_uci_internal_fixed_blur_noise_to_clean_sar_complete_w4_parameters_optimizer_ba.npz
stage_a_uci_v1,29,uci_internal_fixed,blur_noise_to_clean,sar_complete,aux,4,ab,512,0.98046875,0.061841622606431015,0.02962886907066929,0.013449294468806012,0.1338737000041874,16,0,16,predictions/29_uci_internal_fixed_blur_noise_to_clean_sar_complete_w4_aux_ab.npz
stage_a_uci_v1,29,uci_internal_fixed,blur_noise_to_clean,sar_complete,aux,4,ba,512,0.98046875,0.061841622606431015,0.02962886907066929,0.013449294468806012,0.1613606000028085,16,0,16,predictions/29_uci_internal_fixed_blur_noise_to_clean_sar_complete_w4_aux_ba.npz
stage_a_uci_v1,29,uci_internal_fixed,blur_noise_to_clean,sar_complete,parameters_aux,4,ab,512,0.98046875,0.061841622606431015,0.02962886907066929,0.013449294468806012,0.152759699994931,16,0,16,predictions/29_uci_internal_fixed_blur_noise_to_clean_sar_complete_w4_parameters_aux_ab.npz
stage_a_uci_v1,29,uci_internal_fixed,blur_noise_to_clean,sar_complete,parameters_aux,4,ba,512,0.98046875,0.061841622606431015,0.02962886907066929,0.013449294468806012,0.15656139999919105,16,0,16,predictions/29_uci_internal_fixed_blur_noise_to_clean_sar_complete_w4_parameters_aux_ba.npz
stage_a_uci_v1,29,uci_internal_fixed,blur_noise_to_clean,sar_complete,optimizer_aux,4,ab,512,0.98046875,0.061841622606431015,0.02962886907066929,0.013449294468806012,0.138351400004467,16,0,16,predictions/29_uci_internal_fixed_blur_noise_to_clean_sar_complete_w4_optimizer_aux_ab.npz
stage_a_uci_v1,29,uci_internal_fixed,blur_noise_to_clean,sar_complete,optimizer_aux,4,ba,512,0.98046875,0.061841622606431015,0.02962886907066929,0.013449294468806012,0.13623849999567028,16,0,16,predictions/29_uci_internal_fixed_blur_noise_to_clean_sar_complete_w4_optimizer_aux_ba.npz
stage_a_uci_v1,29,uci_internal_fixed,blur_noise_to_clean,sar_complete,parameters_optimizer_aux,4,ab,512,0.98046875,0.061841622606431015,0.02962886907066929,0.013449294468806012,0.1499314999964554,16,0,16,predictions/29_uci_internal_fixed_blur_noise_to_clean_sar_complete_w4_parameters_optimizer_aux_ab.npz
stage_a_uci_v1,29,uci_internal_fixed,blur_noise_to_clean,sar_complete,parameters_optimizer_aux,4,ba,512,0.98046875,0.061841622606431015,0.02962886907066929,0.013449294468806012,0.284450499995728,16,0,16,predictions/29_uci_internal_fixed_blur_noise_to_clean_sar_complete_w4_parameters_optimizer_aux_ba.npz
stage_a_uci_v1,29,uci_internal_fixed,blur_noise_to_clean,sar_complete,all,4,ab,512,0.98046875,0.061841622606431015,0.02962886907066929,0.013449294468806012,0.1735253999941051,16,0,16,predictions/29_uci_internal_fixed_blur_noise_to_clean_sar_complete_w4_all_ab.npz
stage_a_uci_v1,29,uci_internal_fixed,blur_noise_to_clean,sar_complete,all,4,ba,512,0.98046875,0.061841622606431015,0.02962886907066929,0.013449294468806012,0.14960939998854883,16,0,16,predictions/29_uci_internal_fixed_blur_noise_to_clean_sar_complete_w4_all_ba.npz
stage_a_uci_v1,43,uci_internal_fixed,noise_brightness_to_blur,source,none,0,ab,512,0.4765625,1.468689168766372,0.7526744435275183,0.28832046473562956,0.03079309999884572,0,0,0,predictions/43_uci_internal_fixed_noise_brightness_to_blur_source_w0_none_ab.npz
stage_a_uci_v1,43,uci_internal_fixed,noise_brightness_to_blur,source,none,0,ba,512,0.4765625,1.468689168766372,0.7526744435275183,0.28832046473562956,0.02153490000637248,0,0,0,predictions/43_uci_internal_fixed_noise_brightness_to_blur_source_w0_none_ba.npz
stage_a_uci_v1,43,uci_internal_fixed,noise_brightness_to_blur,source,all,0,ab,512,0.4765625,1.468689168766372,0.7526744435275183,0.28832046473562956,0.02703050000127405,0,0,0,predictions/43_uci_internal_fixed_noise_brightness_to_blur_source_w0_all_ab.npz
stage_a_uci_v1,43,uci_internal_fixed,noise_brightness_to_blur,source,all,0,ba,512,0.4765625,1.468689168766372,0.7526744435275183,0.28832046473562956,0.026703099996666424,0,0,0,predictions/43_uci_internal_fixed_noise_brightness_to_blur_source_w0_all_ba.npz
stage_a_uci_v1,43,uci_internal_fixed,noise_brightness_to_blur,source,none,4,ab,512,0.4765625,1.468689168766372,0.7526744435275183,0.28832046473562956,0.025749599997652695,0,0,0,predictions/43_uci_internal_fixed_noise_brightness_to_blur_source_w4_none_ab.npz
stage_a_uci_v1,43,uci_internal_fixed,noise_brightness_to_blur,source,none,4,ba,512,0.4765625,1.468689168766372,0.7526744435275183,0.28832046473562956,0.022822099999757484,0,0,0,predictions/43_uci_internal_fixed_noise_brightness_to_blur_source_w4_none_ba.npz
stage_a_uci_v1,43,uci_internal_fixed,noise_brightness_to_blur,source,all,4,ab,512,0.4765625,1.468689168766372,0.7526744435275183,0.28832046473562956,0.021982100006425753,0,0,0,predictions/43_uci_internal_fixed_noise_brightness_to_blur_source_w4_all_ab.npz
stage_a_uci_v1,43,uci_internal_fixed,noise_brightness_to_blur,source,all,4,ba,512,0.4765625,1.468689168766372,0.7526744435275183,0.28832046473562956,0.0260887000040384,0,0,0,predictions/43_uci_internal_fixed_noise_brightness_to_blur_source_w4_all_ba.npz
stage_a_uci_v1,43,uci_internal_fixed,noise_brightness_to_blur,norm,none,0,ab,512,0.77734375,0.7562436362144684,0.3335623218259094,0.11552461653985491,0.02756529999896884,0,0,0,predictions/43_uci_internal_fixed_noise_brightness_to_blur_norm_w0_none_ab.npz
stage_a_uci_v1,43,uci_internal_fixed,noise_brightness_to_blur,norm,none,0,ba,512,0.77734375,0.7562436362144684,0.3335623218259094,0.11552461653985491,0.03353390000120271,0,0,0,predictions/43_uci_internal_fixed_noise_brightness_to_blur_norm_w0_none_ba.npz
stage_a_uci_v1,43,uci_internal_fixed,noise_brightness_to_blur,norm,all,0,ab,512,0.77734375,0.7562436362144684,0.3335623218259094,0.11552461653985491,0.03435669999453239,0,0,0,predictions/43_uci_internal_fixed_noise_brightness_to_blur_norm_w0_all_ab.npz
stage_a_uci_v1,43,uci_internal_fixed,noise_brightness_to_blur,norm,all,0,ba,512,0.77734375,0.7562436362144684,0.3335623218259094,0.11552461653985491,0.028174599996418692,0,0,0,predictions/43_uci_internal_fixed_noise_brightness_to_blur_norm_w0_all_ba.npz
stage_a_uci_v1,43,uci_internal_fixed,noise_brightness_to_blur,norm,none,4,ab,512,0.77734375,0.7562436362144684,0.3335623218259094,0.11552461653985491,0.035117499995976686,0,0,0,predictions/43_uci_internal_fixed_noise_brightness_to_blur_norm_w4_none_ab.npz
stage_a_uci_v1,43,uci_internal_fixed,noise_brightness_to_blur,norm,none,4,ba,512,0.77734375,0.7562436362144684,0.3335623218259094,0.11552461653985491,0.028556800010846928,0,0,0,predictions/43_uci_internal_fixed_noise_brightness_to_blur_norm_w4_none_ba.npz
stage_a_uci_v1,43,uci_internal_fixed,noise_brightness_to_blur,norm,all,4,ab,512,0.77734375,0.7562436362144684,0.3335623218259094,0.11552461653985491,0.03157890000147745,0,0,0,predictions/43_uci_internal_fixed_noise_brightness_to_blur_norm_w4_all_ab.npz
stage_a_uci_v1,43,uci_internal_fixed,noise_brightness_to_blur,norm,all,4,ba,512,0.77734375,0.7562436362144684,0.3335623218259094,0.11552461653985491,0.03757640000549145,0,0,0,predictions/43_uci_internal_fixed_noise_brightness_to_blur_norm_w4_all_ba.npz
stage_a_uci_v1,43,uci_internal_fixed,noise_brightness_to_blur,tent,none,0,ab,512,0.77734375,0.7553841243330894,0.3331505257989489,0.11584217607186911,0.10233500000322238,16,0,0,predictions/43_uci_internal_fixed_noise_brightness_to_blur_tent_w0_none_ab.npz
stage_a_uci_v1,43,uci_internal_fixed,noise_brightness_to_blur,tent,none,0,ba,512,0.77734375,0.7552157239919786,0.3331037570321169,0.11580494656187768,0.14724270001170225,16,0,0,predictions/43_uci_internal_fixed_noise_brightness_to_blur_tent_w0_none_ba.npz
stage_a_uci_v1,43,uci_internal_fixed,noise_brightness_to_blur,tent,parameters,0,ab,512,0.77734375,0.7548095779581389,0.3330484577333475,0.11566816382192205,0.0917020000051707,16,0,0,predictions/43_uci_internal_fixed_noise_brightness_to_blur_tent_w0_parameters_ab.npz
stage_a_uci_v1,43,uci_internal_fixed,noise_brightness_to_blur,tent,parameters,0,ba,512,0.77734375,0.7550380350887904,0.3331021105805304,0.11570320006725335,0.09741119999671355,16,0,0,predictions/43_uci_internal_fixed_noise_brightness_to_blur_tent_w0_parameters_ba.npz
stage_a_uci_v1,43,uci_internal_fixed,noise_brightness_to_blur,tent,optimizer,0,ab,512,0.77734375,0.7552593627230442,0.33313533055182987,0.11580659777505083,0.09300040001107845,16,0,0,predictions/43_uci_internal_fixed_noise_brightness_to_blur_tent_w0_optimizer_ab.npz
stage_a_uci_v1,43,uci_internal_fixed,noise_brightness_to_blur,tent,optimizer,0,ba,512,0.77734375,0.754859772726574,0.33303399387711885,0.11573421185704799,0.08853550000640098,16,0,0,predictions/43_uci_internal_fixed_noise_brightness_to_blur_tent_w0_optimizer_ba.npz
stage_a_uci_v1,43,uci_internal_fixed,noise_brightness_to_blur,tent,parameters_optimizer,0,ab,512,0.77734375,0.754686714556546,0.3330340044560777,0.11563242170494148,0.1287449000083143,16,0,0,predictions/43_uci_internal_fixed_noise_brightness_to_blur_tent_w0_parameters_optimizer_ab.npz
stage_a_uci_v1,43,uci_internal_fixed,noise_brightness_to_blur,tent,parameters_optimizer,0,ba,512,0.77734375,0.754686714556546,0.3330340044560777,0.11563242170494148,0.11115450000215787,16,0,0,predictions/43_uci_internal_fixed_noise_brightness_to_blur_tent_w0_parameters_optimizer_ba.npz
stage_a_uci_v1,43,uci_internal_fixed,noise_brightness_to_blur,tent,aux,0,ab,512,0.77734375,0.7553841243330894,0.3331505257989489,0.11584217607186911,0.09771110001020133,16,0,0,predictions/43_uci_internal_fixed_noise_brightness_to_blur_tent_w0_aux_ab.npz
stage_a_uci_v1,43,uci_internal_fixed,noise_brightness_to_blur,tent,aux,0,ba,512,0.77734375,0.7552157239919786,0.3331037570321169,0.11580494656187768,0.10099099999933969,16,0,0,predictions/43_uci_internal_fixed_noise_brightness_to_blur_tent_w0_aux_ba.npz
stage_a_uci_v1,43,uci_internal_fixed,noise_brightness_to_blur,tent,parameters_aux,0,ab,512,0.77734375,0.7548095779581389,0.3330484577333475,0.11566816382192205,0.22942249999323394,16,0,0,predictions/43_uci_internal_fixed_noise_brightness_to_blur_tent_w0_parameters_aux_ab.npz
stage_a_uci_v1,43,uci_internal_fixed,noise_brightness_to_blur,tent,parameters_aux,0,ba,512,0.77734375,0.7550380350887904,0.3331021105805304,0.11570320006725335,0.10955970000941306,16,0,0,predictions/43_uci_internal_fixed_noise_brightness_to_blur_tent_w0_parameters_aux_ba.npz
stage_a_uci_v1,43,uci_internal_fixed,noise_brightness_to_blur,tent,optimizer_aux,0,ab,512,0.77734375,0.7552593627230442,0.33313533055182987,0.11580659777505083,0.07919760000368115,16,0,0,predictions/43_uci_internal_fixed_noise_brightness_to_blur_tent_w0_optimizer_aux_ab.npz
stage_a_uci_v1,43,uci_internal_fixed,noise_brightness_to_blur,tent,optimizer_aux,0,ba,512,0.77734375,0.754859772726574,0.33303399387711885,0.11573421185704799,0.08525170000211801,16,0,0,predictions/43_uci_internal_fixed_noise_brightness_to_blur_tent_w0_optimizer_aux_ba.npz
stage_a_uci_v1,43,uci_internal_fixed,noise_brightness_to_blur,tent,parameters_optimizer_aux,0,ab,512,0.77734375,0.754686714556546,0.3330340044560777,0.11563242170494148,0.08324269999866374,16,0,0,predictions/43_uci_internal_fixed_noise_brightness_to_blur_tent_w0_parameters_optimizer_aux_ab.npz
stage_a_uci_v1,43,uci_internal_fixed,noise_brightness_to_blur,tent,parameters_optimizer_aux,0,ba,512,0.77734375,0.754686714556546,0.3330340044560777,0.11563242170494148,0.07377010000345763,16,0,0,predictions/43_uci_internal_fixed_noise_brightness_to_blur_tent_w0_parameters_optimizer_aux_ba.npz
stage_a_uci_v1,43,uci_internal_fixed,noise_brightness_to_blur,tent,all,0,ab,512,0.77734375,0.754686714556546,0.3330340044560777,0.11563242170494148,0.13963919998786878,16,0,0,predictions/43_uci_internal_fixed_noise_brightness_to_blur_tent_w0_all_ab.npz
stage_a_uci_v1,43,uci_internal_fixed,noise_brightness_to_blur,tent,all,0,ba,512,0.77734375,0.754686714556546,0.3330340044560777,0.11563242170494148,0.07101780000084545,16,0,0,predictions/43_uci_internal_fixed_noise_brightness_to_blur_tent_w0_all_ba.npz
stage_a_uci_v1,43,uci_internal_fixed,noise_brightness_to_blur,tent,none,4,ab,512,0.77734375,0.7536536060760055,0.33256003915684906,0.11594090163126627,0.07107749998976942,16,0,0,predictions/43_uci_internal_fixed_noise_brightness_to_blur_tent_w4_none_ab.npz
stage_a_uci_v1,43,uci_internal_fixed,noise_brightness_to_blur,tent,none,4,ba,512,0.77734375,0.7535443221554343,0.3325300279790102,0.11591642154243068,0.09115990001009777,16,0,0,predictions/43_uci_internal_fixed_noise_brightness_to_blur_tent_w4_none_ba.npz
stage_a_uci_v1,43,uci_internal_fixed,noise_brightness_to_blur,tent,parameters,4,ab,512,0.77734375,0.7537022748208251,0.33267981334520075,0.11571072621344923,0.0717154999874765,16,0,0,predictions/43_uci_internal_fixed_noise_brightness_to_blur_tent_w4_parameters_ab.npz
stage_a_uci_v1,43,uci_internal_fixed,noise_brightness_to_blur,tent,parameters,4,ba,512,0.77734375,0.7538547023645753,0.3327159129955049,0.11573380880025849,0.1465293999935966,16,0,0,predictions/43_uci_internal_fixed_noise_brightness_to_blur_tent_w4_parameters_ba.npz
stage_a_uci_v1,43,uci_internal_fixed,noise_brightness_to_blur,tent,optimizer,4,ab,512,0.77734375,0.7546309010141614,0.3329113633865587,0.11586357659495708,0.07544559999951161,16,0,0,predictions/43_uci_internal_fixed_noise_brightness_to_blur_tent_w4_optimizer_ab.npz
stage_a_uci_v1,43,uci_internal_fixed,noise_brightness_to_blur,tent,optimizer,4,ba,512,0.77734375,0.7543670888302085,0.3328444042399963,0.11581619719054972,0.06533670000499114,16,0,0,predictions/43_uci_internal_fixed_noise_brightness_to_blur_tent_w4_optimizer_ba.npz
stage_a_uci_v1,43,uci_internal_fixed,noise_brightness_to_blur,tent,parameters_optimizer,4,ab,512,0.77734375,0.754686714556546,0.3330340044560777,0.11563242170494148,0.07606550000491552,16,0,0,predictions/43_uci_internal_fixed_noise_brightness_to_blur_tent_w4_parameters_optimizer_ab.npz
stage_a_uci_v1,43,uci_internal_fixed,noise_brightness_to_blur,tent,parameters_optimizer,4,ba,512,0.77734375,0.754686714556546,0.3330340044560777,0.11563242170494148,0.06510849999904167,16,0,0,predictions/43_uci_internal_fixed_noise_brightness_to_blur_tent_w4_parameters_optimizer_ba.npz
stage_a_uci_v1,43,uci_internal_fixed,noise_brightness_to_blur,tent,aux,4,ab,512,0.77734375,0.7536536060760055,0.33256003915684906,0.11594090163126627,0.13651430000027176,16,0,0,predictions/43_uci_internal_fixed_noise_brightness_to_blur_tent_w4_aux_ab.npz
stage_a_uci_v1,43,uci_internal_fixed,noise_brightness_to_blur,tent,aux,4,ba,512,0.77734375,0.7535443221554343,0.3325300279790102,0.11591642154243068,0.10610730000189506,16,0,0,predictions/43_uci_internal_fixed_noise_brightness_to_blur_tent_w4_aux_ba.npz
stage_a_uci_v1,43,uci_internal_fixed,noise_brightness_to_blur,tent,parameters_aux,4,ab,512,0.77734375,0.7537022748208251,0.33267981334520075,0.11571072621344923,0.10523499999544583,16,0,0,predictions/43_uci_internal_fixed_noise_brightness_to_blur_tent_w4_parameters_aux_ab.npz
stage_a_uci_v1,43,uci_internal_fixed,noise_brightness_to_blur,tent,parameters_aux,4,ba,512,0.77734375,0.7538547023645753,0.3327159129955049,0.11573380880025849,0.07171770000422839,16,0,0,predictions/43_uci_internal_fixed_noise_brightness_to_blur_tent_w4_parameters_aux_ba.npz
stage_a_uci_v1,43,uci_internal_fixed,noise_brightness_to_blur,tent,optimizer_aux,4,ab,512,0.77734375,0.7546309010141614,0.3329113633865587,0.11586357659495708,0.0784748000005493,16,0,0,predictions/43_uci_internal_fixed_noise_brightness_to_blur_tent_w4_optimizer_aux_ab.npz
stage_a_uci_v1,43,uci_internal_fixed,noise_brightness_to_blur,tent,optimizer_aux,4,ba,512,0.77734375,0.7543670888302085,0.3328444042399963,0.11581619719054972,0.07361130000208504,16,0,0,predictions/43_uci_internal_fixed_noise_brightness_to_blur_tent_w4_optimizer_aux_ba.npz
stage_a_uci_v1,43,uci_internal_fixed,noise_brightness_to_blur,tent,parameters_optimizer_aux,4,ab,512,0.77734375,0.754686714556546,0.3330340044560777,0.11563242170494148,0.0731794000021182,16,0,0,predictions/43_uci_internal_fixed_noise_brightness_to_blur_tent_w4_parameters_optimizer_aux_ab.npz
stage_a_uci_v1,43,uci_internal_fixed,noise_brightness_to_blur,tent,parameters_optimizer_aux,4,ba,512,0.77734375,0.754686714556546,0.3330340044560777,0.11563242170494148,0.0640282000094885,16,0,0,predictions/43_uci_internal_fixed_noise_brightness_to_blur_tent_w4_parameters_optimizer_aux_ba.npz
stage_a_uci_v1,43,uci_internal_fixed,noise_brightness_to_blur,tent,all,4,ab,512,0.77734375,0.754686714556546,0.3330340044560777,0.11563242170494148,0.06921000000147615,16,0,0,predictions/43_uci_internal_fixed_noise_brightness_to_blur_tent_w4_all_ab.npz
stage_a_uci_v1,43,uci_internal_fixed,noise_brightness_to_blur,tent,all,4,ba,512,0.77734375,0.754686714556546,0.3330340044560777,0.11563242170494148,0.06594790000235662,16,0,0,predictions/43_uci_internal_fixed_noise_brightness_to_blur_tent_w4_all_ba.npz
stage_a_uci_v1,43,uci_internal_fixed,noise_brightness_to_blur,sar_complete,none,0,ab,512,0.77734375,0.7562410801316872,0.3335572935938803,0.11552472683627182,0.15927960000408348,16,0,11,predictions/43_uci_internal_fixed_noise_brightness_to_blur_sar_complete_w0_none_ab.npz
stage_a_uci_v1,43,uci_internal_fixed,noise_brightness_to_blur,sar_complete,none,0,ba,512,0.77734375,0.7562410801316872,0.3335572935938803,0.11552472683627182,0.1976868000056129,16,0,11,predictions/43_uci_internal_fixed_noise_brightness_to_blur_sar_complete_w0_none_ba.npz
stage_a_uci_v1,43,uci_internal_fixed,noise_brightness_to_blur,sar_complete,parameters,0,ab,512,0.77734375,0.7562410801316872,0.3335572935938803,0.11552472683627182,0.15667770001164172,16,0,11,predictions/43_uci_internal_fixed_noise_brightness_to_blur_sar_complete_w0_parameters_ab.npz
stage_a_uci_v1,43,uci_internal_fixed,noise_brightness_to_blur,sar_complete,parameters,0,ba,512,0.77734375,0.7562410801316872,0.3335572935938803,0.11552472683627182,0.20854150000377558,16,0,11,predictions/43_uci_internal_fixed_noise_brightness_to_blur_sar_complete_w0_parameters_ba.npz
stage_a_uci_v1,43,uci_internal_fixed,noise_brightness_to_blur,sar_complete,optimizer,0,ab,512,0.77734375,0.7562410801316872,0.3335572935938803,0.11552472683627182,0.2604762999981176,16,0,11,predictions/43_uci_internal_fixed_noise_brightness_to_blur_sar_complete_w0_optimizer_ab.npz
stage_a_uci_v1,43,uci_internal_fixed,noise_brightness_to_blur,sar_complete,optimizer,0,ba,512,0.77734375,0.7562410801316872,0.3335572935938803,0.11552472683627182,0.19674219998705667,16,0,11,predictions/43_uci_internal_fixed_noise_brightness_to_blur_sar_complete_w0_optimizer_ba.npz
stage_a_uci_v1,43,uci_internal_fixed,noise_brightness_to_blur,sar_complete,parameters_optimizer,0,ab,512,0.77734375,0.7562410801316872,0.3335572935938803,0.11552472683627182,0.17434949999733362,16,0,11,predictions/43_uci_internal_fixed_noise_brightness_to_blur_sar_complete_w0_parameters_optimizer_ab.npz
stage_a_uci_v1,43,uci_internal_fixed,noise_brightness_to_blur,sar_complete,parameters_optimizer,0,ba,512,0.77734375,0.7562410801316872,0.3335572935938803,0.11552472683627182,0.15218040000763722,16,0,11,predictions/43_uci_internal_fixed_noise_brightness_to_blur_sar_complete_w0_parameters_optimizer_ba.npz
stage_a_uci_v1,43,uci_internal_fixed,noise_brightness_to_blur,sar_complete,aux,0,ab,512,0.77734375,0.7544481808589543,0.33296911154327874,0.11563559420642022,0.15165260000503622,16,0,0,predictions/43_uci_internal_fixed_noise_brightness_to_blur_sar_complete_w0_aux_ab.npz
stage_a_uci_v1,43,uci_internal_fixed,noise_brightness_to_blur,sar_complete,aux,0,ba,512,0.77734375,0.7544481808589543,0.33296911154327874,0.11563559420642022,0.15172290000191424,16,0,0,predictions/43_uci_internal_fixed_noise_brightness_to_blur_sar_complete_w0_aux_ba.npz
stage_a_uci_v1,43,uci_internal_fixed,noise_brightness_to_blur,sar_complete,parameters_aux,0,ab,512,0.77734375,0.7544481808589543,0.33296911154327874,0.11563559420642022,0.1465930000122171,16,0,0,predictions/43_uci_internal_fixed_noise_brightness_to_blur_sar_complete_w0_parameters_aux_ab.npz
stage_a_uci_v1,43,uci_internal_fixed,noise_brightness_to_blur,sar_complete,parameters_aux,0,ba,512,0.77734375,0.7544481808589543,0.33296911154327874,0.11563559420642022,0.1619836000027135,16,0,0,predictions/43_uci_internal_fixed_noise_brightness_to_blur_sar_complete_w0_parameters_aux_ba.npz
stage_a_uci_v1,43,uci_internal_fixed,noise_brightness_to_blur,sar_complete,optimizer_aux,0,ab,512,0.77734375,0.7544481808589543,0.33296911154327874,0.11563559420642022,0.1665902999957325,16,0,0,predictions/43_uci_internal_fixed_noise_brightness_to_blur_sar_complete_w0_optimizer_aux_ab.npz
stage_a_uci_v1,43,uci_internal_fixed,noise_brightness_to_blur,sar_complete,optimizer_aux,0,ba,512,0.77734375,0.7544481808589543,0.33296911154327874,0.11563559420642022,0.15464550000615418,16,0,0,predictions/43_uci_internal_fixed_noise_brightness_to_blur_sar_complete_w0_optimizer_aux_ba.npz
stage_a_uci_v1,43,uci_internal_fixed,noise_brightness_to_blur,sar_complete,parameters_optimizer_aux,0,ab,512,0.77734375,0.7544481808589543,0.33296911154327874,0.11563559420642022,0.14379489999555517,16,0,0,predictions/43_uci_internal_fixed_noise_brightness_to_blur_sar_complete_w0_parameters_optimizer_aux_ab.npz
stage_a_uci_v1,43,uci_internal_fixed,noise_brightness_to_blur,sar_complete,parameters_optimizer_aux,0,ba,512,0.77734375,0.7544481808589543,0.33296911154327874,0.11563559420642022,0.1475707999925362,16,0,0,predictions/43_uci_internal_fixed_noise_brightness_to_blur_sar_complete_w0_parameters_optimizer_aux_ba.npz
stage_a_uci_v1,43,uci_internal_fixed,noise_brightness_to_blur,sar_complete,all,0,ab,512,0.77734375,0.7544481808589543,0.33296911154327874,0.11563559420642022,0.1373708000028273,16,0,0,predictions/43_uci_internal_fixed_noise_brightness_to_blur_sar_complete_w0_all_ab.npz
stage_a_uci_v1,43,uci_internal_fixed,noise_brightness_to_blur,sar_complete,all,0,ba,512,0.77734375,0.7544481808589543,0.33296911154327874,0.11563559420642022,0.21809369999391492,16,0,0,predictions/43_uci_internal_fixed_noise_brightness_to_blur_sar_complete_w0_all_ba.npz
stage_a_uci_v1,43,uci_internal_fixed,noise_brightness_to_blur,sar_complete,none,4,ab,512,0.77734375,0.7563990438972216,0.3335953894539006,0.11553450933287092,0.16809459999785759,16,0,7,predictions/43_uci_internal_fixed_noise_brightness_to_blur_sar_complete_w4_none_ab.npz
stage_a_uci_v1,43,uci_internal_fixed,noise_brightness_to_blur,sar_complete,none,4,ba,512,0.77734375,0.7563990438972216,0.3335953894539006,0.11553450933287092,0.14545840000209864,16,0,7,predictions/43_uci_internal_fixed_noise_brightness_to_blur_sar_complete_w4_none_ba.npz
stage_a_uci_v1,43,uci_internal_fixed,noise_brightness_to_blur,sar_complete,parameters,4,ab,512,0.77734375,0.7563990438972216,0.3335953894539006,0.11553450933287092,0.13470369999413379,16,0,7,predictions/43_uci_internal_fixed_noise_brightness_to_blur_sar_complete_w4_parameters_ab.npz
stage_a_uci_v1,43,uci_internal_fixed,noise_brightness_to_blur,sar_complete,parameters,4,ba,512,0.77734375,0.7563990438972216,0.3335953894539006,0.11553450933287092,0.12980789999710396,16,0,7,predictions/43_uci_internal_fixed_noise_brightness_to_blur_sar_complete_w4_parameters_ba.npz
stage_a_uci_v1,43,uci_internal_fixed,noise_brightness_to_blur,sar_complete,optimizer,4,ab,512,0.77734375,0.7563990438972216,0.3335953894539006,0.11553450933287092,0.14549110000371002,16,0,7,predictions/43_uci_internal_fixed_noise_brightness_to_blur_sar_complete_w4_optimizer_ab.npz
stage_a_uci_v1,43,uci_internal_fixed,noise_brightness_to_blur,sar_complete,optimizer,4,ba,512,0.77734375,0.7563990438972216,0.3335953894539006,0.11553450933287092,0.14324060000944883,16,0,7,predictions/43_uci_internal_fixed_noise_brightness_to_blur_sar_complete_w4_optimizer_ba.npz
stage_a_uci_v1,43,uci_internal_fixed,noise_brightness_to_blur,sar_complete,parameters_optimizer,4,ab,512,0.77734375,0.7563990438972216,0.3335953894539006,0.11553450933287092,0.13638490000448655,16,0,7,predictions/43_uci_internal_fixed_noise_brightness_to_blur_sar_complete_w4_parameters_optimizer_ab.npz
stage_a_uci_v1,43,uci_internal_fixed,noise_brightness_to_blur,sar_complete,parameters_optimizer,4,ba,512,0.77734375,0.7563990438972216,0.3335953894539006,0.11553450933287092,0.15263840000261553,16,0,7,predictions/43_uci_internal_fixed_noise_brightness_to_blur_sar_complete_w4_parameters_optimizer_ba.npz
stage_a_uci_v1,43,uci_internal_fixed,noise_brightness_to_blur,sar_complete,aux,4,ab,512,0.77734375,0.7544481808589543,0.33296911154327874,0.11563559420642022,0.20550670000375248,16,0,0,predictions/43_uci_internal_fixed_noise_brightness_to_blur_sar_complete_w4_aux_ab.npz
stage_a_uci_v1,43,uci_internal_fixed,noise_brightness_to_blur,sar_complete,aux,4,ba,512,0.77734375,0.7544481808589543,0.33296911154327874,0.11563559420642022,0.16537210000387859,16,0,0,predictions/43_uci_internal_fixed_noise_brightness_to_blur_sar_complete_w4_aux_ba.npz
stage_a_uci_v1,43,uci_internal_fixed,noise_brightness_to_blur,sar_complete,parameters_aux,4,ab,512,0.77734375,0.7544481808589543,0.33296911154327874,0.11563559420642022,0.21903890000248794,16,0,0,predictions/43_uci_internal_fixed_noise_brightness_to_blur_sar_complete_w4_parameters_aux_ab.npz
stage_a_uci_v1,43,uci_internal_fixed,noise_brightness_to_blur,sar_complete,parameters_aux,4,ba,512,0.77734375,0.7544481808589543,0.33296911154327874,0.11563559420642022,0.35544780000054743,16,0,0,predictions/43_uci_internal_fixed_noise_brightness_to_blur_sar_complete_w4_parameters_aux_ba.npz
stage_a_uci_v1,43,uci_internal_fixed,noise_brightness_to_blur,sar_complete,optimizer_aux,4,ab,512,0.77734375,0.7544481808589543,0.33296911154327874,0.11563559420642022,0.31285139999818057,16,0,0,predictions/43_uci_internal_fixed_noise_brightness_to_blur_sar_complete_w4_optimizer_aux_ab.npz
stage_a_uci_v1,43,uci_internal_fixed,noise_brightness_to_blur,sar_complete,optimizer_aux,4,ba,512,0.77734375,0.7544481808589543,0.33296911154327874,0.11563559420642022,0.28201030001218896,16,0,0,predictions/43_uci_internal_fixed_noise_brightness_to_blur_sar_complete_w4_optimizer_aux_ba.npz
stage_a_uci_v1,43,uci_internal_fixed,noise_brightness_to_blur,sar_complete,parameters_optimizer_aux,4,ab,512,0.77734375,0.7544481808589543,0.33296911154327874,0.11563559420642022,0.27633189999323804,16,0,0,predictions/43_uci_internal_fixed_noise_brightness_to_blur_sar_complete_w4_parameters_optimizer_aux_ab.npz
stage_a_uci_v1,43,uci_internal_fixed,noise_brightness_to_blur,sar_complete,parameters_optimizer_aux,4,ba,512,0.77734375,0.7544481808589543,0.33296911154327874,0.11563559420642022,0.32721599999058526,16,0,0,predictions/43_uci_internal_fixed_noise_brightness_to_blur_sar_complete_w4_parameters_optimizer_aux_ba.npz
stage_a_uci_v1,43,uci_internal_fixed,noise_brightness_to_blur,sar_complete,all,4,ab,512,0.77734375,0.7544481808589543,0.33296911154327874,0.11563559420642022,0.2143804000079399,16,0,0,predictions/43_uci_internal_fixed_noise_brightness_to_blur_sar_complete_w4_all_ab.npz
stage_a_uci_v1,43,uci_internal_fixed,noise_brightness_to_blur,sar_complete,all,4,ba,512,0.77734375,0.7544481808589543,0.33296911154327874,0.11563559420642022,0.15944499999750406,16,0,0,predictions/43_uci_internal_fixed_noise_brightness_to_blur_sar_complete_w4_all_ba.npz
stage_a_uci_v1,43,uci_internal_fixed,blur_noise_to_clean,source,none,0,ab,512,0.984375,0.055891827362228384,0.027316686752561815,0.012423026396667751,0.044640599997364916,0,0,0,predictions/43_uci_internal_fixed_blur_noise_to_clean_source_w0_none_ab.npz
stage_a_uci_v1,43,uci_internal_fixed,blur_noise_to_clean,source,none,0,ba,512,0.984375,0.055891827362228384,0.027316686752561815,0.012423026396667751,0.03635439999925438,0,0,0,predictions/43_uci_internal_fixed_blur_noise_to_clean_source_w0_none_ba.npz
stage_a_uci_v1,43,uci_internal_fixed,blur_noise_to_clean,source,all,0,ab,512,0.984375,0.055891827362228384,0.027316686752561815,0.012423026396667751,0.03538970000226982,0,0,0,predictions/43_uci_internal_fixed_blur_noise_to_clean_source_w0_all_ab.npz
stage_a_uci_v1,43,uci_internal_fixed,blur_noise_to_clean,source,all,0,ba,512,0.984375,0.055891827362228384,0.027316686752561815,0.012423026396667751,0.0331473999976879,0,0,0,predictions/43_uci_internal_fixed_blur_noise_to_clean_source_w0_all_ba.npz
stage_a_uci_v1,43,uci_internal_fixed,blur_noise_to_clean,source,none,4,ab,512,0.984375,0.055891827362228384,0.027316686752561815,0.012423026396667751,0.03193339999415912,0,0,0,predictions/43_uci_internal_fixed_blur_noise_to_clean_source_w4_none_ab.npz
stage_a_uci_v1,43,uci_internal_fixed,blur_noise_to_clean,source,none,4,ba,512,0.984375,0.055891827362228384,0.027316686752561815,0.012423026396667751,0.03711930000281427,0,0,0,predictions/43_uci_internal_fixed_blur_noise_to_clean_source_w4_none_ba.npz
stage_a_uci_v1,43,uci_internal_fixed,blur_noise_to_clean,source,all,4,ab,512,0.984375,0.055891827362228384,0.027316686752561815,0.012423026396667751,0.03872430000046734,0,0,0,predictions/43_uci_internal_fixed_blur_noise_to_clean_source_w4_all_ab.npz
stage_a_uci_v1,43,uci_internal_fixed,blur_noise_to_clean,source,all,4,ba,512,0.984375,0.055891827362228384,0.027316686752561815,0.012423026396667751,0.03493280000111554,0,0,0,predictions/43_uci_internal_fixed_blur_noise_to_clean_source_w4_all_ba.npz
stage_a_uci_v1,43,uci_internal_fixed,blur_noise_to_clean,norm,none,0,ab,512,0.984375,0.05661794189454341,0.02766479686153689,0.01011854509243159,0.04889180000463966,0,0,0,predictions/43_uci_internal_fixed_blur_noise_to_clean_norm_w0_none_ab.npz
stage_a_uci_v1,43,uci_internal_fixed,blur_noise_to_clean,norm,none,0,ba,512,0.984375,0.05661794189454341,0.02766479686153689,0.01011854509243159,0.03932729999360163,0,0,0,predictions/43_uci_internal_fixed_blur_noise_to_clean_norm_w0_none_ba.npz
stage_a_uci_v1,43,uci_internal_fixed,blur_noise_to_clean,norm,all,0,ab,512,0.984375,0.05661794189454341,0.02766479686153689,0.01011854509243159,0.0446825999970315,0,0,0,predictions/43_uci_internal_fixed_blur_noise_to_clean_norm_w0_all_ab.npz
stage_a_uci_v1,43,uci_internal_fixed,blur_noise_to_clean,norm,all,0,ba,512,0.984375,0.05661794189454341,0.02766479686153689,0.01011854509243159,0.040423400001600385,0,0,0,predictions/43_uci_internal_fixed_blur_noise_to_clean_norm_w0_all_ba.npz
stage_a_uci_v1,43,uci_internal_fixed,blur_noise_to_clean,norm,none,4,ab,512,0.984375,0.05661794189454341,0.02766479686153689,0.01011854509243159,0.03275460000440944,0,0,0,predictions/43_uci_internal_fixed_blur_noise_to_clean_norm_w4_none_ab.npz
stage_a_uci_v1,43,uci_internal_fixed,blur_noise_to_clean,norm,none,4,ba,512,0.984375,0.05661794189454341,0.02766479686153689,0.01011854509243159,0.04440109999268316,0,0,0,predictions/43_uci_internal_fixed_blur_noise_to_clean_norm_w4_none_ba.npz
stage_a_uci_v1,43,uci_internal_fixed,blur_noise_to_clean,norm,all,4,ab,512,0.984375,0.05661794189454341,0.02766479686153689,0.01011854509243159,0.041810299997450784,0,0,0,predictions/43_uci_internal_fixed_blur_noise_to_clean_norm_w4_all_ab.npz
stage_a_uci_v1,43,uci_internal_fixed,blur_noise_to_clean,norm,all,4,ba,512,0.984375,0.05661794189454341,0.02766479686153689,0.01011854509243159,0.03771669999696314,0,0,0,predictions/43_uci_internal_fixed_blur_noise_to_clean_norm_w4_all_ba.npz
stage_a_uci_v1,43,uci_internal_fixed,blur_noise_to_clean,tent,none,0,ab,512,0.984375,0.056670331992731776,0.027710309414291145,0.011429195208377138,0.1246889000030933,16,0,0,predictions/43_uci_internal_fixed_blur_noise_to_clean_tent_w0_none_ab.npz
stage_a_uci_v1,43,uci_internal_fixed,blur_noise_to_clean,tent,none,0,ba,512,0.984375,0.05667146590343491,0.027710521050213134,0.011429110263429871,0.11063969999668188,16,0,0,predictions/43_uci_internal_fixed_blur_noise_to_clean_tent_w0_none_ba.npz
stage_a_uci_v1,43,uci_internal_fixed,blur_noise_to_clean,tent,parameters,0,ab,512,0.984375,0.05664155669960374,0.027683748823335585,0.010119928507496757,0.12228799999866169,16,0,0,predictions/43_uci_internal_fixed_blur_noise_to_clean_tent_w0_parameters_ab.npz
stage_a_uci_v1,43,uci_internal_fixed,blur_noise_to_clean,tent,parameters,0,ba,512,0.984375,0.056627870902450105,0.02767286702893623,0.01012080648352584,0.120235499998671,16,0,0,predictions/43_uci_internal_fixed_blur_noise_to_clean_tent_w0_parameters_ba.npz
stage_a_uci_v1,43,uci_internal_fixed,blur_noise_to_clean,tent,optimizer,0,ab,512,0.984375,0.0566470274397468,0.02769224848459902,0.01012254261964449,0.25183819999801926,16,0,0,predictions/43_uci_internal_fixed_blur_noise_to_clean_tent_w0_optimizer_ab.npz
stage_a_uci_v1,43,uci_internal_fixed,blur_noise_to_clean,tent,optimizer,0,ba,512,0.984375,0.05666186401886265,0.02770322378273182,0.011423324573824898,0.11063239999930374,16,0,0,predictions/43_uci_internal_fixed_blur_noise_to_clean_tent_w0_optimizer_ba.npz
stage_a_uci_v1,43,uci_internal_fixed,blur_noise_to_clean,tent,parameters_optimizer,0,ab,512,0.984375,0.05661832375306842,0.02766574760802053,0.01011685974894596,0.09997870000370312,16,0,0,predictions/43_uci_internal_fixed_blur_noise_to_clean_tent_w0_parameters_optimizer_ab.npz
stage_a_uci_v1,43,uci_internal_fixed,blur_noise_to_clean,tent,parameters_optimizer,0,ba,512,0.984375,0.05661832375306842,0.02766574760802053,0.01011685974894596,0.09932429999753367,16,0,0,predictions/43_uci_internal_fixed_blur_noise_to_clean_tent_w0_parameters_optimizer_ba.npz
stage_a_uci_v1,43,uci_internal_fixed,blur_noise_to_clean,tent,aux,0,ab,512,0.984375,0.056670331992731776,0.027710309414291145,0.011429195208377138,0.10023749999527354,16,0,0,predictions/43_uci_internal_fixed_blur_noise_to_clean_tent_w0_aux_ab.npz
stage_a_uci_v1,43,uci_internal_fixed,blur_noise_to_clean,tent,aux,0,ba,512,0.984375,0.05667146590343491,0.027710521050213134,0.011429110263429871,0.1028844999964349,16,0,0,predictions/43_uci_internal_fixed_blur_noise_to_clean_tent_w0_aux_ba.npz
stage_a_uci_v1,43,uci_internal_fixed,blur_noise_to_clean,tent,parameters_aux,0,ab,512,0.984375,0.05664155669960374,0.027683748823335585,0.010119928507496757,0.1275661000108812,16,0,0,predictions/43_uci_internal_fixed_blur_noise_to_clean_tent_w0_parameters_aux_ab.npz
stage_a_uci_v1,43,uci_internal_fixed,blur_noise_to_clean,tent,parameters_aux,0,ba,512,0.984375,0.056627870902450105,0.02767286702893623,0.01012080648352584,0.11604609999631066,16,0,0,predictions/43_uci_internal_fixed_blur_noise_to_clean_tent_w0_parameters_aux_ba.npz
stage_a_uci_v1,43,uci_internal_fixed,blur_noise_to_clean,tent,optimizer_aux,0,ab,512,0.984375,0.0566470274397468,0.02769224848459902,0.01012254261964449,0.09997559999465011,16,0,0,predictions/43_uci_internal_fixed_blur_noise_to_clean_tent_w0_optimizer_aux_ab.npz
stage_a_uci_v1,43,uci_internal_fixed,blur_noise_to_clean,tent,optimizer_aux,0,ba,512,0.984375,0.05666186401886265,0.02770322378273182,0.011423324573824898,0.07238409999990836,16,0,0,predictions/43_uci_internal_fixed_blur_noise_to_clean_tent_w0_optimizer_aux_ba.npz
stage_a_uci_v1,43,uci_internal_fixed,blur_noise_to_clean,tent,parameters_optimizer_aux,0,ab,512,0.984375,0.05661832375306842,0.02766574760802053,0.01011685974894596,0.14540550000674557,16,0,0,predictions/43_uci_internal_fixed_blur_noise_to_clean_tent_w0_parameters_optimizer_aux_ab.npz
stage_a_uci_v1,43,uci_internal_fixed,blur_noise_to_clean,tent,parameters_optimizer_aux,0,ba,512,0.984375,0.05661832375306842,0.02766574760802053,0.01011685974894596,0.10439680000126828,16,0,0,predictions/43_uci_internal_fixed_blur_noise_to_clean_tent_w0_parameters_optimizer_aux_ba.npz
stage_a_uci_v1,43,uci_internal_fixed,blur_noise_to_clean,tent,all,0,ab,512,0.984375,0.05661832375306842,0.02766574760802053,0.01011685974894596,0.1032100000011269,16,0,0,predictions/43_uci_internal_fixed_blur_noise_to_clean_tent_w0_all_ab.npz
stage_a_uci_v1,43,uci_internal_fixed,blur_noise_to_clean,tent,all,0,ba,512,0.984375,0.05661832375306842,0.02766574760802053,0.01011685974894596,0.10178369999630377,16,0,0,predictions/43_uci_internal_fixed_blur_noise_to_clean_tent_w0_all_ba.npz
stage_a_uci_v1,43,uci_internal_fixed,blur_noise_to_clean,tent,none,4,ab,512,0.984375,0.05665730164369419,0.02770579500650194,0.01142454464066417,0.12330810001003556,16,0,0,predictions/43_uci_internal_fixed_blur_noise_to_clean_tent_w4_none_ab.npz
stage_a_uci_v1,43,uci_internal_fixed,blur_noise_to_clean,tent,none,4,ba,512,0.984375,0.05665799817685853,0.027705840511050434,0.011424517540444174,0.1023745999991661,16,0,0,predictions/43_uci_internal_fixed_blur_noise_to_clean_tent_w4_none_ba.npz
stage_a_uci_v1,43,uci_internal_fixed,blur_noise_to_clean,tent,parameters,4,ab,512,0.984375,0.056620335476631395,0.027671457821023596,0.010116766698663066,0.10433280000870582,16,0,0,predictions/43_uci_internal_fixed_blur_noise_to_clean_tent_w4_parameters_ab.npz
stage_a_uci_v1,43,uci_internal_fixed,blur_noise_to_clean,tent,parameters,4,ba,512,0.984375,0.05661137012357476,0.027664340339940866,0.01011734199658423,0.09922730000107549,16,0,0,predictions/43_uci_internal_fixed_blur_noise_to_clean_tent_w4_parameters_ba.npz
stage_a_uci_v1,43,uci_internal_fixed,blur_noise_to_clean,tent,optimizer,4,ab,512,0.984375,0.05665538125845043,0.027700197454719064,0.010122457067111783,0.09947509999619797,16,0,0,predictions/43_uci_internal_fixed_blur_noise_to_clean_tent_w4_optimizer_ab.npz
stage_a_uci_v1,43,uci_internal_fixed,blur_noise_to_clean,tent,optimizer,4,ba,512,0.984375,0.05666509684494881,0.027707331556064644,0.011424536787666514,0.1644877000071574,16,0,0,predictions/43_uci_internal_fixed_blur_noise_to_clean_tent_w4_optimizer_ba.npz
stage_a_uci_v1,43,uci_internal_fixed,blur_noise_to_clean,tent,parameters_optimizer,4,ab,512,0.984375,0.05661832375306842,0.02766574760802053,0.01011685974894596,0.1002063000050839,16,0,0,predictions/43_uci_internal_fixed_blur_noise_to_clean_tent_w4_parameters_optimizer_ab.npz
stage_a_uci_v1,43,uci_internal_fixed,blur_noise_to_clean,tent,parameters_optimizer,4,ba,512,0.984375,0.05661832375306842,0.02766574760802053,0.01011685974894596,0.09451860000262968,16,0,0,predictions/43_uci_internal_fixed_blur_noise_to_clean_tent_w4_parameters_optimizer_ba.npz
stage_a_uci_v1,43,uci_internal_fixed,blur_noise_to_clean,tent,aux,4,ab,512,0.984375,0.05665730164369419,0.02770579500650194,0.01142454464066417,0.0925446000037482,16,0,0,predictions/43_uci_internal_fixed_blur_noise_to_clean_tent_w4_aux_ab.npz
stage_a_uci_v1,43,uci_internal_fixed,blur_noise_to_clean,tent,aux,4,ba,512,0.984375,0.05665799817685853,0.027705840511050434,0.011424517540444174,0.10927070000616368,16,0,0,predictions/43_uci_internal_fixed_blur_noise_to_clean_tent_w4_aux_ba.npz
stage_a_uci_v1,43,uci_internal_fixed,blur_noise_to_clean,tent,parameters_aux,4,ab,512,0.984375,0.056620335476631395,0.027671457821023596,0.010116766698663066,0.11188160000892822,16,0,0,predictions/43_uci_internal_fixed_blur_noise_to_clean_tent_w4_parameters_aux_ab.npz
stage_a_uci_v1,43,uci_internal_fixed,blur_noise_to_clean,tent,parameters_aux,4,ba,512,0.984375,0.05661137012357476,0.027664340339940866,0.01011734199658423,0.0991377000027569,16,0,0,predictions/43_uci_internal_fixed_blur_noise_to_clean_tent_w4_parameters_aux_ba.npz
stage_a_uci_v1,43,uci_internal_fixed,blur_noise_to_clean,tent,optimizer_aux,4,ab,512,0.984375,0.05665538125845043,0.027700197454719064,0.010122457067111783,0.09265659999800846,16,0,0,predictions/43_uci_internal_fixed_blur_noise_to_clean_tent_w4_optimizer_aux_ab.npz
stage_a_uci_v1,43,uci_internal_fixed,blur_noise_to_clean,tent,optimizer_aux,4,ba,512,0.984375,0.05666509684494881,0.027707331556064644,0.011424536787666514,0.09661719998985063,16,0,0,predictions/43_uci_internal_fixed_blur_noise_to_clean_tent_w4_optimizer_aux_ba.npz
stage_a_uci_v1,43,uci_internal_fixed,blur_noise_to_clean,tent,parameters_optimizer_aux,4,ab,512,0.984375,0.05661832375306842,0.02766574760802053,0.01011685974894596,0.12477200001012534,16,0,0,predictions/43_uci_internal_fixed_blur_noise_to_clean_tent_w4_parameters_optimizer_aux_ab.npz
stage_a_uci_v1,43,uci_internal_fixed,blur_noise_to_clean,tent,parameters_optimizer_aux,4,ba,512,0.984375,0.05661832375306842,0.02766574760802053,0.01011685974894596,0.11262919999717269,16,0,0,predictions/43_uci_internal_fixed_blur_noise_to_clean_tent_w4_parameters_optimizer_aux_ba.npz
stage_a_uci_v1,43,uci_internal_fixed,blur_noise_to_clean,tent,all,4,ab,512,0.984375,0.05661832375306842,0.02766574760802053,0.01011685974894596,0.10047259999555536,16,0,0,predictions/43_uci_internal_fixed_blur_noise_to_clean_tent_w4_all_ab.npz
stage_a_uci_v1,43,uci_internal_fixed,blur_noise_to_clean,tent,all,4,ba,512,0.984375,0.05661832375306842,0.02766574760802053,0.01011685974894596,0.08961920000729151,16,0,0,predictions/43_uci_internal_fixed_blur_noise_to_clean_tent_w4_all_ba.npz
stage_a_uci_v1,43,uci_internal_fixed,blur_noise_to_clean,sar_complete,none,0,ab,512,0.984375,0.05661441535199715,0.027664404100115777,0.010121931272937666,0.2696336999943014,16,0,16,predictions/43_uci_internal_fixed_blur_noise_to_clean_sar_complete_w0_none_ab.npz
stage_a_uci_v1,43,uci_internal_fixed,blur_noise_to_clean,sar_complete,none,0,ba,512,0.984375,0.05661783470525689,0.027664784970815225,0.010118648042112065,0.1750058000034187,16,0,16,predictions/43_uci_internal_fixed_blur_noise_to_clean_sar_complete_w0_none_ba.npz
stage_a_uci_v1,43,uci_internal_fixed,blur_noise_to_clean,sar_complete,parameters,0,ab,512,0.984375,0.05661794189454341,0.02766479686153689,0.01011854509243159,0.16275640000822023,16,0,16,predictions/43_uci_internal_fixed_blur_noise_to_clean_sar_complete_w0_parameters_ab.npz
stage_a_uci_v1,43,uci_internal_fixed,blur_noise_to_clean,sar_complete,parameters,0,ba,512,0.984375,0.05661794189454341,0.02766479686153689,0.01011854509243159,0.17377290000149515,16,0,16,predictions/43_uci_internal_fixed_blur_noise_to_clean_sar_complete_w0_parameters_ba.npz
stage_a_uci_v1,43,uci_internal_fixed,blur_noise_to_clean,sar_complete,optimizer,0,ab,512,0.984375,0.05661441535199715,0.027664404100115777,0.010121931272937666,0.1682747000013478,16,0,16,predictions/43_uci_internal_fixed_blur_noise_to_clean_sar_complete_w0_optimizer_ab.npz
stage_a_uci_v1,43,uci_internal_fixed,blur_noise_to_clean,sar_complete,optimizer,0,ba,512,0.984375,0.05661783470525689,0.027664784970815225,0.010118648042112065,0.17719859999488108,16,0,16,predictions/43_uci_internal_fixed_blur_noise_to_clean_sar_complete_w0_optimizer_ba.npz
stage_a_uci_v1,43,uci_internal_fixed,blur_noise_to_clean,sar_complete,parameters_optimizer,0,ab,512,0.984375,0.05661794189454341,0.02766479686153689,0.01011854509243159,0.18917519999376964,16,0,16,predictions/43_uci_internal_fixed_blur_noise_to_clean_sar_complete_w0_parameters_optimizer_ab.npz
stage_a_uci_v1,43,uci_internal_fixed,blur_noise_to_clean,sar_complete,parameters_optimizer,0,ba,512,0.984375,0.05661794189454341,0.02766479686153689,0.01011854509243159,0.18212149999453686,16,0,16,predictions/43_uci_internal_fixed_blur_noise_to_clean_sar_complete_w0_parameters_optimizer_ba.npz
stage_a_uci_v1,43,uci_internal_fixed,blur_noise_to_clean,sar_complete,aux,0,ab,512,0.984375,0.05661441535199715,0.027664404100115777,0.010121931272937666,0.25911850000557024,16,0,16,predictions/43_uci_internal_fixed_blur_noise_to_clean_sar_complete_w0_aux_ab.npz
stage_a_uci_v1,43,uci_internal_fixed,blur_noise_to_clean,sar_complete,aux,0,ba,512,0.984375,0.05661783470525689,0.027664784970815225,0.010118648042112065,0.20308219999424182,16,0,16,predictions/43_uci_internal_fixed_blur_noise_to_clean_sar_complete_w0_aux_ba.npz
stage_a_uci_v1,43,uci_internal_fixed,blur_noise_to_clean,sar_complete,parameters_aux,0,ab,512,0.984375,0.05661794189454341,0.02766479686153689,0.01011854509243159,0.26917719999619294,16,0,16,predictions/43_uci_internal_fixed_blur_noise_to_clean_sar_complete_w0_parameters_aux_ab.npz
stage_a_uci_v1,43,uci_internal_fixed,blur_noise_to_clean,sar_complete,parameters_aux,0,ba,512,0.984375,0.05661794189454341,0.02766479686153689,0.01011854509243159,0.19700529999681748,16,0,16,predictions/43_uci_internal_fixed_blur_noise_to_clean_sar_complete_w0_parameters_aux_ba.npz
stage_a_uci_v1,43,uci_internal_fixed,blur_noise_to_clean,sar_complete,optimizer_aux,0,ab,512,0.984375,0.05661441535199715,0.027664404100115777,0.010121931272937666,0.2195002999942517,16,0,16,predictions/43_uci_internal_fixed_blur_noise_to_clean_sar_complete_w0_optimizer_aux_ab.npz
stage_a_uci_v1,43,uci_internal_fixed,blur_noise_to_clean,sar_complete,optimizer_aux,0,ba,512,0.984375,0.05661783470525689,0.027664784970815225,0.010118648042112065,0.20080950000556186,16,0,16,predictions/43_uci_internal_fixed_blur_noise_to_clean_sar_complete_w0_optimizer_aux_ba.npz
stage_a_uci_v1,43,uci_internal_fixed,blur_noise_to_clean,sar_complete,parameters_optimizer_aux,0,ab,512,0.984375,0.05661794189454341,0.02766479686153689,0.01011854509243159,0.23179750000417698,16,0,16,predictions/43_uci_internal_fixed_blur_noise_to_clean_sar_complete_w0_parameters_optimizer_aux_ab.npz
stage_a_uci_v1,43,uci_internal_fixed,blur_noise_to_clean,sar_complete,parameters_optimizer_aux,0,ba,512,0.984375,0.05661794189454341,0.02766479686153689,0.01011854509243159,0.2192559999966761,16,0,16,predictions/43_uci_internal_fixed_blur_noise_to_clean_sar_complete_w0_parameters_optimizer_aux_ba.npz
stage_a_uci_v1,43,uci_internal_fixed,blur_noise_to_clean,sar_complete,all,0,ab,512,0.984375,0.05661794189454341,0.02766479686153689,0.01011854509243159,0.19183500000508502,16,0,16,predictions/43_uci_internal_fixed_blur_noise_to_clean_sar_complete_w0_all_ab.npz
stage_a_uci_v1,43,uci_internal_fixed,blur_noise_to_clean,sar_complete,all,0,ba,512,0.984375,0.05661794189454341,0.02766479686153689,0.01011854509243159,0.21876309999788646,16,0,16,predictions/43_uci_internal_fixed_blur_noise_to_clean_sar_complete_w0_all_ba.npz
stage_a_uci_v1,43,uci_internal_fixed,blur_noise_to_clean,sar_complete,none,4,ab,512,0.984375,0.05661794189454341,0.02766479686153689,0.01011854509243159,0.22209490000386722,16,0,16,predictions/43_uci_internal_fixed_blur_noise_to_clean_sar_complete_w4_none_ab.npz
stage_a_uci_v1,43,uci_internal_fixed,blur_noise_to_clean,sar_complete,none,4,ba,512,0.984375,0.05661794189454341,0.02766479686153689,0.01011854509243159,0.24049450000165962,16,0,16,predictions/43_uci_internal_fixed_blur_noise_to_clean_sar_complete_w4_none_ba.npz
stage_a_uci_v1,43,uci_internal_fixed,blur_noise_to_clean,sar_complete,parameters,4,ab,512,0.984375,0.05661794189454341,0.02766479686153689,0.01011854509243159,0.2028833000076702,16,0,16,predictions/43_uci_internal_fixed_blur_noise_to_clean_sar_complete_w4_parameters_ab.npz
stage_a_uci_v1,43,uci_internal_fixed,blur_noise_to_clean,sar_complete,parameters,4,ba,512,0.984375,0.05661794189454341,0.02766479686153689,0.01011854509243159,0.19978110000374727,16,0,16,predictions/43_uci_internal_fixed_blur_noise_to_clean_sar_complete_w4_parameters_ba.npz
stage_a_uci_v1,43,uci_internal_fixed,blur_noise_to_clean,sar_complete,optimizer,4,ab,512,0.984375,0.05661794189454341,0.02766479686153689,0.01011854509243159,0.23219439999957103,16,0,16,predictions/43_uci_internal_fixed_blur_noise_to_clean_sar_complete_w4_optimizer_ab.npz
stage_a_uci_v1,43,uci_internal_fixed,blur_noise_to_clean,sar_complete,optimizer,4,ba,512,0.984375,0.05661794189454341,0.02766479686153689,0.01011854509243159,0.3134088999941014,16,0,16,predictions/43_uci_internal_fixed_blur_noise_to_clean_sar_complete_w4_optimizer_ba.npz
stage_a_uci_v1,43,uci_internal_fixed,blur_noise_to_clean,sar_complete,parameters_optimizer,4,ab,512,0.984375,0.05661794189454341,0.02766479686153689,0.01011854509243159,0.22550189998582937,16,0,16,predictions/43_uci_internal_fixed_blur_noise_to_clean_sar_complete_w4_parameters_optimizer_ab.npz
stage_a_uci_v1,43,uci_internal_fixed,blur_noise_to_clean,sar_complete,parameters_optimizer,4,ba,512,0.984375,0.05661794189454341,0.02766479686153689,0.01011854509243159,0.21197070000926033,16,0,16,predictions/43_uci_internal_fixed_blur_noise_to_clean_sar_complete_w4_parameters_optimizer_ba.npz
stage_a_uci_v1,43,uci_internal_fixed,blur_noise_to_clean,sar_complete,aux,4,ab,512,0.984375,0.05661794189454341,0.02766479686153689,0.01011854509243159,0.20160159999795724,16,0,16,predictions/43_uci_internal_fixed_blur_noise_to_clean_sar_complete_w4_aux_ab.npz
stage_a_uci_v1,43,uci_internal_fixed,blur_noise_to_clean,sar_complete,aux,4,ba,512,0.984375,0.05661794189454341,0.02766479686153689,0.01011854509243159,0.21029649999400135,16,0,16,predictions/43_uci_internal_fixed_blur_noise_to_clean_sar_complete_w4_aux_ba.npz
stage_a_uci_v1,43,uci_internal_fixed,blur_noise_to_clean,sar_complete,parameters_aux,4,ab,512,0.984375,0.05661794189454341,0.02766479686153689,0.01011854509243159,0.23687530000461265,16,0,16,predictions/43_uci_internal_fixed_blur_noise_to_clean_sar_complete_w4_parameters_aux_ab.npz
stage_a_uci_v1,43,uci_internal_fixed,blur_noise_to_clean,sar_complete,parameters_aux,4,ba,512,0.984375,0.05661794189454341,0.02766479686153689,0.01011854509243159,0.20246610000322107,16,0,16,predictions/43_uci_internal_fixed_blur_noise_to_clean_sar_complete_w4_parameters_aux_ba.npz
stage_a_uci_v1,43,uci_internal_fixed,blur_noise_to_clean,sar_complete,optimizer_aux,4,ab,512,0.984375,0.05661794189454341,0.02766479686153689,0.01011854509243159,0.3385664000088582,16,0,16,predictions/43_uci_internal_fixed_blur_noise_to_clean_sar_complete_w4_optimizer_aux_ab.npz
stage_a_uci_v1,43,uci_internal_fixed,blur_noise_to_clean,sar_complete,optimizer_aux,4,ba,512,0.984375,0.05661794189454341,0.02766479686153689,0.01011854509243159,0.20426170001155697,16,0,16,predictions/43_uci_internal_fixed_blur_noise_to_clean_sar_complete_w4_optimizer_aux_ba.npz
stage_a_uci_v1,43,uci_internal_fixed,blur_noise_to_clean,sar_complete,parameters_optimizer_aux,4,ab,512,0.984375,0.05661794189454341,0.02766479686153689,0.01011854509243159,0.2405470000085188,16,0,16,predictions/43_uci_internal_fixed_blur_noise_to_clean_sar_complete_w4_parameters_optimizer_aux_ab.npz
stage_a_uci_v1,43,uci_internal_fixed,blur_noise_to_clean,sar_complete,parameters_optimizer_aux,4,ba,512,0.984375,0.05661794189454341,0.02766479686153689,0.01011854509243159,0.21345969999674708,16,0,16,predictions/43_uci_internal_fixed_blur_noise_to_clean_sar_complete_w4_parameters_optimizer_aux_ba.npz
stage_a_uci_v1,43,uci_internal_fixed,blur_noise_to_clean,sar_complete,all,4,ab,512,0.984375,0.05661794189454341,0.02766479686153689,0.01011854509243159,0.2644706999999471,16,0,16,predictions/43_uci_internal_fixed_blur_noise_to_clean_sar_complete_w4_all_ab.npz
stage_a_uci_v1,43,uci_internal_fixed,blur_noise_to_clean,sar_complete,all,4,ba,512,0.984375,0.05661794189454341,0.02766479686153689,0.01011854509243159,0.16954880001139827,16,0,16,predictions/43_uci_internal_fixed_blur_noise_to_clean_sar_complete_w4_all_ba.npz
