experiment_id,method,intervention,washout_batches,direction,panel_id,metric,n_seeds,mean,seed_sd_descriptive,individual_seeds,scope
stage_a_uci_v1,norm,all,0,ab,uci_internal_fixed,accuracy,3,0.861328125,0.01824369305885684,"{""17"": 0.8583984375, ""29"": 0.8447265625, ""43"": 0.880859375}",same-panel seed variability; no CI or independence claim
stage_a_uci_v1,norm,all,0,ab,uci_internal_fixed,nll,3,0.51379354555466,0.11256224553420208,"{""17"": 0.5040305544153383, ""29"": 0.6309192931941356, ""43"": 0.4064307890545059}",same-panel seed variability; no CI or independence claim
stage_a_uci_v1,norm,all,0,ab,uci_internal_fixed,brier,3,0.21413016188688805,0.03232748370196665,"{""17"": 0.2166566601112965, ""29"": 0.2451202662056445, ""43"": 0.18061355934372308}",same-panel seed variability; no CI or independence claim
stage_a_uci_v1,norm,all,0,ab,uci_internal_fixed,ece15,3,0.07924768291116553,0.015415265423870686,"{""17"": 0.08152206528958006, ""29"": 0.09339940262777335, ""43"": 0.0628215808161432}",same-panel seed variability; no CI or independence claim
stage_a_uci_v1,norm,all,0,ab,uci_internal_fixed,seconds,3,0.031824149996585484,0.0068706095255069615,"{""17"": 0.02630614999361565, ""29"": 0.0296466500003589, ""43"": 0.039519649995781905}",same-panel seed variability; no CI or independence claim
stage_a_uci_v1,norm,all,0,ab,uci_internal_fixed,updates,3,0.0,0.0,"{""17"": 0.0, ""29"": 0.0, ""43"": 0.0}",same-panel seed variability; no CI or independence claim
stage_a_uci_v1,norm,all,0,ab,uci_internal_fixed,skipped,3,0.0,0.0,"{""17"": 0.0, ""29"": 0.0, ""43"": 0.0}",same-panel seed variability; no CI or independence claim
stage_a_uci_v1,norm,all,0,ab,uci_internal_fixed,recoveries,3,0.0,0.0,"{""17"": 0.0, ""29"": 0.0, ""43"": 0.0}",same-panel seed variability; no CI or independence claim
stage_a_uci_v1,norm,all,0,ba,uci_internal_fixed,accuracy,3,0.861328125,0.01824369305885684,"{""17"": 0.8583984375, ""29"": 0.8447265625, ""43"": 0.880859375}",same-panel seed variability; no CI or independence claim
stage_a_uci_v1,norm,all,0,ba,uci_internal_fixed,nll,3,0.51379354555466,0.11256224553420208,"{""17"": 0.5040305544153383, ""29"": 0.6309192931941356, ""43"": 0.4064307890545059}",same-panel seed variability; no CI or independence claim
stage_a_uci_v1,norm,all,0,ba,uci_internal_fixed,brier,3,0.21413016188688805,0.03232748370196665,"{""17"": 0.2166566601112965, ""29"": 0.2451202662056445, ""43"": 0.18061355934372308}",same-panel seed variability; no CI or independence claim
stage_a_uci_v1,norm,all,0,ba,uci_internal_fixed,ece15,3,0.07924768291116553,0.015415265423870686,"{""17"": 0.08152206528958006, ""29"": 0.09339940262777335, ""43"": 0.0628215808161432}",same-panel seed variability; no CI or independence claim
stage_a_uci_v1,norm,all,0,ba,uci_internal_fixed,seconds,3,0.02951886666414788,0.004522753632641428,"{""17"": 0.0253072499981499, ""29"": 0.0289503499952843, ""43"": 0.03429899999900945}",same-panel seed variability; no CI or independence claim
stage_a_uci_v1,norm,all,0,ba,uci_internal_fixed,updates,3,0.0,0.0,"{""17"": 0.0, ""29"": 0.0, ""43"": 0.0}",same-panel seed variability; no CI or independence claim
stage_a_uci_v1,norm,all,0,ba,uci_internal_fixed,skipped,3,0.0,0.0,"{""17"": 0.0, ""29"": 0.0, ""43"": 0.0}",same-panel seed variability; no CI or independence claim
stage_a_uci_v1,norm,all,0,ba,uci_internal_fixed,recoveries,3,0.0,0.0,"{""17"": 0.0, ""29"": 0.0, ""43"": 0.0}",same-panel seed variability; no CI or independence claim
stage_a_uci_v1,norm,all,4,ab,uci_internal_fixed,accuracy,3,0.861328125,0.01824369305885684,"{""17"": 0.8583984375, ""29"": 0.8447265625, ""43"": 0.880859375}",same-panel seed variability; no CI or independence claim
stage_a_uci_v1,norm,all,4,ab,uci_internal_fixed,nll,3,0.51379354555466,0.11256224553420208,"{""17"": 0.5040305544153383, ""29"": 0.6309192931941356, ""43"": 0.4064307890545059}",same-panel seed variability; no CI or independence claim
stage_a_uci_v1,norm,all,4,ab,uci_internal_fixed,brier,3,0.21413016188688805,0.03232748370196665,"{""17"": 0.2166566601112965, ""29"": 0.2451202662056445, ""43"": 0.18061355934372308}",same-panel seed variability; no CI or independence claim
stage_a_uci_v1,norm,all,4,ab,uci_internal_fixed,ece15,3,0.07924768291116553,0.015415265423870686,"{""17"": 0.08152206528958006, ""29"": 0.09339940262777335, ""43"": 0.0628215808161432}",same-panel seed variability; no CI or independence claim
stage_a_uci_v1,norm,all,4,ab,uci_internal_fixed,seconds,3,0.033139183331513736,0.0036483278658885395,"{""17"": 0.0294045499977073, ""29"": 0.03331839999736985, ""43"": 0.03669459999946405}",same-panel seed variability; no CI or independence claim
stage_a_uci_v1,norm,all,4,ab,uci_internal_fixed,updates,3,0.0,0.0,"{""17"": 0.0, ""29"": 0.0, ""43"": 0.0}",same-panel seed variability; no CI or independence claim
stage_a_uci_v1,norm,all,4,ab,uci_internal_fixed,skipped,3,0.0,0.0,"{""17"": 0.0, ""29"": 0.0, ""43"": 0.0}",same-panel seed variability; no CI or independence claim
stage_a_uci_v1,norm,all,4,ab,uci_internal_fixed,recoveries,3,0.0,0.0,"{""17"": 0.0, ""29"": 0.0, ""43"": 0.0}",same-panel seed variability; no CI or independence claim
stage_a_uci_v1,norm,all,4,ba,uci_internal_fixed,accuracy,3,0.861328125,0.01824369305885684,"{""17"": 0.8583984375, ""29"": 0.8447265625, ""43"": 0.880859375}",same-panel seed variability; no CI or independence claim
stage_a_uci_v1,norm,all,4,ba,uci_internal_fixed,nll,3,0.51379354555466,0.11256224553420208,"{""17"": 0.5040305544153383, ""29"": 0.6309192931941356, ""43"": 0.4064307890545059}",same-panel seed variability; no CI or independence claim
stage_a_uci_v1,norm,all,4,ba,uci_internal_fixed,brier,3,0.21413016188688805,0.03232748370196665,"{""17"": 0.2166566601112965, ""29"": 0.2451202662056445, ""43"": 0.18061355934372308}",same-panel seed variability; no CI or independence claim
stage_a_uci_v1,norm,all,4,ba,uci_internal_fixed,ece15,3,0.07924768291116553,0.015415265423870686,"{""17"": 0.08152206528958006, ""29"": 0.09339940262777335, ""43"": 0.0628215808161432}",same-panel seed variability; no CI or independence claim
stage_a_uci_v1,norm,all,4,ba,uci_internal_fixed,seconds,3,0.03272861667210231,0.006118444611797072,"{""17"": 0.025876950006932, ""29"": 0.0346623500081477, ""43"": 0.037646550001227255}",same-panel seed variability; no CI or independence claim
stage_a_uci_v1,norm,all,4,ba,uci_internal_fixed,updates,3,0.0,0.0,"{""17"": 0.0, ""29"": 0.0, ""43"": 0.0}",same-panel seed variability; no CI or independence claim
stage_a_uci_v1,norm,all,4,ba,uci_internal_fixed,skipped,3,0.0,0.0,"{""17"": 0.0, ""29"": 0.0, ""43"": 0.0}",same-panel seed variability; no CI or independence claim
stage_a_uci_v1,norm,all,4,ba,uci_internal_fixed,recoveries,3,0.0,0.0,"{""17"": 0.0, ""29"": 0.0, ""43"": 0.0}",same-panel seed variability; no CI or independence claim
stage_a_uci_v1,norm,none,0,ab,uci_internal_fixed,accuracy,3,0.861328125,0.01824369305885684,"{""17"": 0.8583984375, ""29"": 0.8447265625, ""43"": 0.880859375}",same-panel seed variability; no CI or independence claim
stage_a_uci_v1,norm,none,0,ab,uci_internal_fixed,nll,3,0.51379354555466,0.11256224553420208,"{""17"": 0.5040305544153383, ""29"": 0.6309192931941356, ""43"": 0.4064307890545059}",same-panel seed variability; no CI or independence claim
stage_a_uci_v1,norm,none,0,ab,uci_internal_fixed,brier,3,0.21413016188688805,0.03232748370196665,"{""17"": 0.2166566601112965, ""29"": 0.2451202662056445, ""43"": 0.18061355934372308}",same-panel seed variability; no CI or independence claim
stage_a_uci_v1,norm,none,0,ab,uci_internal_fixed,ece15,3,0.07924768291116553,0.015415265423870686,"{""17"": 0.08152206528958006, ""29"": 0.09339940262777335, ""43"": 0.0628215808161432}",same-panel seed variability; no CI or independence claim
stage_a_uci_v1,norm,none,0,ab,uci_internal_fixed,seconds,3,0.04025223333398265,0.014101206922271545,"{""17"": 0.0272722000008798, ""29"": 0.055255949999263955, ""43"": 0.0382285500018042}",same-panel seed variability; no CI or independence claim
stage_a_uci_v1,norm,none,0,ab,uci_internal_fixed,updates,3,0.0,0.0,"{""17"": 0.0, ""29"": 0.0, ""43"": 0.0}",same-panel seed variability; no CI or independence claim
stage_a_uci_v1,norm,none,0,ab,uci_internal_fixed,skipped,3,0.0,0.0,"{""17"": 0.0, ""29"": 0.0, ""43"": 0.0}",same-panel seed variability; no CI or independence claim
stage_a_uci_v1,norm,none,0,ab,uci_internal_fixed,recoveries,3,0.0,0.0,"{""17"": 0.0, ""29"": 0.0, ""43"": 0.0}",same-panel seed variability; no CI or independence claim
stage_a_uci_v1,norm,none,0,ba,uci_internal_fixed,accuracy,3,0.861328125,0.01824369305885684,"{""17"": 0.8583984375, ""29"": 0.8447265625, ""43"": 0.880859375}",same-panel seed variability; no CI or independence claim
stage_a_uci_v1,norm,none,0,ba,uci_internal_fixed,nll,3,0.51379354555466,0.11256224553420208,"{""17"": 0.5040305544153383, ""29"": 0.6309192931941356, ""43"": 0.4064307890545059}",same-panel seed variability; no CI or independence claim
stage_a_uci_v1,norm,none,0,ba,uci_internal_fixed,brier,3,0.21413016188688805,0.03232748370196665,"{""17"": 0.2166566601112965, ""29"": 0.2451202662056445, ""43"": 0.18061355934372308}",same-panel seed variability; no CI or independence claim
stage_a_uci_v1,norm,none,0,ba,uci_internal_fixed,ece15,3,0.07924768291116553,0.015415265423870686,"{""17"": 0.08152206528958006, ""29"": 0.09339940262777335, ""43"": 0.0628215808161432}",same-panel seed variability; no CI or independence claim
stage_a_uci_v1,norm,none,0,ba,uci_internal_fixed,seconds,3,0.032177666670274115,0.0042055539963684095,"{""17"": 0.028021150006679797, ""29"": 0.0320812500067404, ""43"": 0.036430599997402155}",same-panel seed variability; no CI or independence claim
stage_a_uci_v1,norm,none,0,ba,uci_internal_fixed,updates,3,0.0,0.0,"{""17"": 0.0, ""29"": 0.0, ""43"": 0.0}",same-panel seed variability; no CI or independence claim
stage_a_uci_v1,norm,none,0,ba,uci_internal_fixed,skipped,3,0.0,0.0,"{""17"": 0.0, ""29"": 0.0, ""43"": 0.0}",same-panel seed variability; no CI or independence claim
stage_a_uci_v1,norm,none,0,ba,uci_internal_fixed,recoveries,3,0.0,0.0,"{""17"": 0.0, ""29"": 0.0, ""43"": 0.0}",same-panel seed variability; no CI or independence claim
stage_a_uci_v1,norm,none,4,ab,uci_internal_fixed,accuracy,3,0.861328125,0.01824369305885684,"{""17"": 0.8583984375, ""29"": 0.8447265625, ""43"": 0.880859375}",same-panel seed variability; no CI or independence claim
stage_a_uci_v1,norm,none,4,ab,uci_internal_fixed,nll,3,0.51379354555466,0.11256224553420208,"{""17"": 0.5040305544153383, ""29"": 0.6309192931941356, ""43"": 0.4064307890545059}",same-panel seed variability; no CI or independence claim
stage_a_uci_v1,norm,none,4,ab,uci_internal_fixed,brier,3,0.21413016188688805,0.03232748370196665,"{""17"": 0.2166566601112965, ""29"": 0.2451202662056445, ""43"": 0.18061355934372308}",same-panel seed variability; no CI or independence claim
stage_a_uci_v1,norm,none,4,ab,uci_internal_fixed,ece15,3,0.07924768291116553,0.015415265423870686,"{""17"": 0.08152206528958006, ""29"": 0.09339940262777335, ""43"": 0.0628215808161432}",same-panel seed variability; no CI or independence claim
stage_a_uci_v1,norm,none,4,ab,uci_internal_fixed,seconds,3,0.04387875000005195,0.023575423720951564,"{""17"": 0.0269033999938983, ""29"": 0.07079680000606456, ""43"": 0.033936050000193}",same-panel seed variability; no CI or independence claim
stage_a_uci_v1,norm,none,4,ab,uci_internal_fixed,updates,3,0.0,0.0,"{""17"": 0.0, ""29"": 0.0, ""43"": 0.0}",same-panel seed variability; no CI or independence claim
stage_a_uci_v1,norm,none,4,ab,uci_internal_fixed,skipped,3,0.0,0.0,"{""17"": 0.0, ""29"": 0.0, ""43"": 0.0}",same-panel seed variability; no CI or independence claim
stage_a_uci_v1,norm,none,4,ab,uci_internal_fixed,recoveries,3,0.0,0.0,"{""17"": 0.0, ""29"": 0.0, ""43"": 0.0}",same-panel seed variability; no CI or independence claim
stage_a_uci_v1,norm,none,4,ba,uci_internal_fixed,accuracy,3,0.861328125,0.01824369305885684,"{""17"": 0.8583984375, ""29"": 0.8447265625, ""43"": 0.880859375}",same-panel seed variability; no CI or independence claim
stage_a_uci_v1,norm,none,4,ba,uci_internal_fixed,nll,3,0.51379354555466,0.11256224553420208,"{""17"": 0.5040305544153383, ""29"": 0.6309192931941356, ""43"": 0.4064307890545059}",same-panel seed variability; no CI or independence claim
stage_a_uci_v1,norm,none,4,ba,uci_internal_fixed,brier,3,0.21413016188688805,0.03232748370196665,"{""17"": 0.2166566601112965, ""29"": 0.2451202662056445, ""43"": 0.18061355934372308}",same-panel seed variability; no CI or independence claim
stage_a_uci_v1,norm,none,4,ba,uci_internal_fixed,ece15,3,0.07924768291116553,0.015415265423870686,"{""17"": 0.08152206528958006, ""29"": 0.09339940262777335, ""43"": 0.0628215808161432}",same-panel seed variability; no CI or independence claim
stage_a_uci_v1,norm,none,4,ba,uci_internal_fixed,seconds,3,0.0401119833356157,0.010700894204759925,"{""17"": 0.0317006000041146, ""29"": 0.0521564000009675, ""43"": 0.036478950001765}",same-panel seed variability; no CI or independence claim
stage_a_uci_v1,norm,none,4,ba,uci_internal_fixed,updates,3,0.0,0.0,"{""17"": 0.0, ""29"": 0.0, ""43"": 0.0}",same-panel seed variability; no CI or independence claim
stage_a_uci_v1,norm,none,4,ba,uci_internal_fixed,skipped,3,0.0,0.0,"{""17"": 0.0, ""29"": 0.0, ""43"": 0.0}",same-panel seed variability; no CI or independence claim
stage_a_uci_v1,norm,none,4,ba,uci_internal_fixed,recoveries,3,0.0,0.0,"{""17"": 0.0, ""29"": 0.0, ""43"": 0.0}",same-panel seed variability; no CI or independence claim
stage_a_uci_v1,sar_complete,all,0,ab,uci_internal_fixed,accuracy,3,0.8616536458333334,0.01817386048464565,"{""17"": 0.859375, ""29"": 0.8447265625, ""43"": 0.880859375}",same-panel seed variability; no CI or independence claim
stage_a_uci_v1,sar_complete,all,0,ab,uci_internal_fixed,nll,3,0.5136921476014341,0.11348556001492818,"{""17"": 0.5037000013167998, ""29"": 0.6318433801107537, ""43"": 0.4055330613767488}",same-panel seed variability; no CI or independence claim
stage_a_uci_v1,sar_complete,all,0,ab,uci_internal_fixed,brier,3,0.21403785842504322,0.03254013011244238,"{""17"": 0.21654437269545612, ""29"": 0.2452522483772659, ""43"": 0.18031695420240773}",same-panel seed variability; no CI or independence claim
stage_a_uci_v1,sar_complete,all,0,ab,uci_internal_fixed,ece15,3,0.07898169428309054,0.015369733821777788,"{""17"": 0.08057571605142086, ""29"": 0.0934922971484249, ""43"": 0.06287706964942585}",same-panel seed variability; no CI or independence claim
stage_a_uci_v1,sar_complete,all,0,ab,uci_internal_fixed,seconds,3,0.23330135000045024,0.09275842543385066,"{""17"": 0.19648515000153566, ""29"": 0.3388159999958589, ""43"": 0.16460290000395617}",same-panel seed variability; no CI or independence claim
stage_a_uci_v1,sar_complete,all,0,ab,uci_internal_fixed,updates,3,16.0,0.0,"{""17"": 16.0, ""29"": 16.0, ""43"": 16.0}",same-panel seed variability; no CI or independence claim
stage_a_uci_v1,sar_complete,all,0,ab,uci_internal_fixed,skipped,3,0.0,0.0,"{""17"": 0.0, ""29"": 0.0, ""43"": 0.0}",same-panel seed variability; no CI or independence claim
stage_a_uci_v1,sar_complete,all,0,ab,uci_internal_fixed,recoveries,3,8.5,0.5,"{""17"": 9.0, ""29"": 8.5, ""43"": 8.0}",same-panel seed variability; no CI or independence claim
stage_a_uci_v1,sar_complete,all,0,ba,uci_internal_fixed,accuracy,3,0.8616536458333334,0.01817386048464565,"{""17"": 0.859375, ""29"": 0.8447265625, ""43"": 0.880859375}",same-panel seed variability; no CI or independence claim
stage_a_uci_v1,sar_complete,all,0,ba,uci_internal_fixed,nll,3,0.5136921476014341,0.11348556001492818,"{""17"": 0.5037000013167998, ""29"": 0.6318433801107537, ""43"": 0.4055330613767488}",same-panel seed variability; no CI or independence claim
stage_a_uci_v1,sar_complete,all,0,ba,uci_internal_fixed,brier,3,0.21403785842504322,0.03254013011244238,"{""17"": 0.21654437269545612, ""29"": 0.2452522483772659, ""43"": 0.18031695420240773}",same-panel seed variability; no CI or independence claim
stage_a_uci_v1,sar_complete,all,0,ba,uci_internal_fixed,ece15,3,0.07898169428309054,0.015369733821777788,"{""17"": 0.08057571605142086, ""29"": 0.0934922971484249, ""43"": 0.06287706964942585}",same-panel seed variability; no CI or independence claim
stage_a_uci_v1,sar_complete,all,0,ba,uci_internal_fixed,seconds,3,0.20127059999746658,0.019635043539475164,"{""17"": 0.1798564999917289, ""29"": 0.20552690000477014, ""43"": 0.21842839999590064}",same-panel seed variability; no CI or independence claim
stage_a_uci_v1,sar_complete,all,0,ba,uci_internal_fixed,updates,3,16.0,0.0,"{""17"": 16.0, ""29"": 16.0, ""43"": 16.0}",same-panel seed variability; no CI or independence claim
stage_a_uci_v1,sar_complete,all,0,ba,uci_internal_fixed,skipped,3,0.0,0.0,"{""17"": 0.0, ""29"": 0.0, ""43"": 0.0}",same-panel seed variability; no CI or independence claim
stage_a_uci_v1,sar_complete,all,0,ba,uci_internal_fixed,recoveries,3,8.5,0.5,"{""17"": 9.0, ""29"": 8.5, ""43"": 8.0}",same-panel seed variability; no CI or independence claim
stage_a_uci_v1,sar_complete,all,4,ab,uci_internal_fixed,accuracy,3,0.8616536458333334,0.01817386048464565,"{""17"": 0.859375, ""29"": 0.8447265625, ""43"": 0.880859375}",same-panel seed variability; no CI or independence claim
stage_a_uci_v1,sar_complete,all,4,ab,uci_internal_fixed,nll,3,0.5136921476014341,0.11348556001492818,"{""17"": 0.5037000013167998, ""29"": 0.6318433801107537, ""43"": 0.4055330613767488}",same-panel seed variability; no CI or independence claim
stage_a_uci_v1,sar_complete,all,4,ab,uci_internal_fixed,brier,3,0.21403785842504322,0.03254013011244238,"{""17"": 0.21654437269545612, ""29"": 0.2452522483772659, ""43"": 0.18031695420240773}",same-panel seed variability; no CI or independence claim
stage_a_uci_v1,sar_complete,all,4,ab,uci_internal_fixed,ece15,3,0.07898169428309054,0.015369733821777788,"{""17"": 0.08057571605142086, ""29"": 0.0934922971484249, ""43"": 0.06287706964942585}",same-panel seed variability; no CI or independence claim
stage_a_uci_v1,sar_complete,all,4,ab,uci_internal_fixed,seconds,3,0.18816196666739415,0.04539486771611081,"{""17"": 0.1530577000012272, ""29"": 0.17200264999701176, ""43"": 0.2394255500039435}",same-panel seed variability; no CI or independence claim
stage_a_uci_v1,sar_complete,all,4,ab,uci_internal_fixed,updates,3,16.0,0.0,"{""17"": 16.0, ""29"": 16.0, ""43"": 16.0}",same-panel seed variability; no CI or independence claim
stage_a_uci_v1,sar_complete,all,4,ab,uci_internal_fixed,skipped,3,0.0,0.0,"{""17"": 0.0, ""29"": 0.0, ""43"": 0.0}",same-panel seed variability; no CI or independence claim
stage_a_uci_v1,sar_complete,all,4,ab,uci_internal_fixed,recoveries,3,8.5,0.5,"{""17"": 9.0, ""29"": 8.5, ""43"": 8.0}",same-panel seed variability; no CI or independence claim
stage_a_uci_v1,sar_complete,all,4,ba,uci_internal_fixed,accuracy,3,0.8616536458333334,0.01817386048464565,"{""17"": 0.859375, ""29"": 0.8447265625, ""43"": 0.880859375}",same-panel seed variability; no CI or independence claim
stage_a_uci_v1,sar_complete,all,4,ba,uci_internal_fixed,nll,3,0.5136921476014341,0.11348556001492818,"{""17"": 0.5037000013167998, ""29"": 0.6318433801107537, ""43"": 0.4055330613767488}",same-panel seed variability; no CI or independence claim
stage_a_uci_v1,sar_complete,all,4,ba,uci_internal_fixed,brier,3,0.21403785842504322,0.03254013011244238,"{""17"": 0.21654437269545612, ""29"": 0.2452522483772659, ""43"": 0.18031695420240773}",same-panel seed variability; no CI or independence claim
stage_a_uci_v1,sar_complete,all,4,ba,uci_internal_fixed,ece15,3,0.07898169428309054,0.015369733821777788,"{""17"": 0.08057571605142086, ""29"": 0.0934922971484249, ""43"": 0.06287706964942585}",same-panel seed variability; no CI or independence claim
stage_a_uci_v1,sar_complete,all,4,ba,uci_internal_fixed,seconds,3,0.15160890000212623,0.012030233955999057,"{""17"": 0.14067590000195196, ""29"": 0.14965389999997564, ""43"": 0.1644969000044511}",same-panel seed variability; no CI or independence claim
stage_a_uci_v1,sar_complete,all,4,ba,uci_internal_fixed,updates,3,16.0,0.0,"{""17"": 16.0, ""29"": 16.0, ""43"": 16.0}",same-panel seed variability; no CI or independence claim
stage_a_uci_v1,sar_complete,all,4,ba,uci_internal_fixed,skipped,3,0.0,0.0,"{""17"": 0.0, ""29"": 0.0, ""43"": 0.0}",same-panel seed variability; no CI or independence claim
stage_a_uci_v1,sar_complete,all,4,ba,uci_internal_fixed,recoveries,3,8.5,0.5,"{""17"": 9.0, ""29"": 8.5, ""43"": 8.0}",same-panel seed variability; no CI or independence claim
stage_a_uci_v1,sar_complete,aux,0,ab,uci_internal_fixed,accuracy,3,0.8616536458333334,0.01817386048464565,"{""17"": 0.859375, ""29"": 0.8447265625, ""43"": 0.880859375}",same-panel seed variability; no CI or independence claim
stage_a_uci_v1,sar_complete,aux,0,ab,uci_internal_fixed,nll,3,0.5136911208914686,0.11348653421121173,"{""17"": 0.503698549903575, ""29"": 0.6318435146653553, ""43"": 0.40553129810547567}",same-panel seed variability; no CI or independence claim
stage_a_uci_v1,sar_complete,aux,0,ab,uci_internal_fixed,brier,3,0.21403761550077616,0.03254025752149415,"{""17"": 0.21654373566293117, ""29"": 0.24525235301770004, ""43"": 0.1803167578216972}",same-panel seed variability; no CI or independence claim
stage_a_uci_v1,sar_complete,aux,0,ab,uci_internal_fixed,ece15,3,0.07898263321143657,0.015368890468412048,"{""17"": 0.08057687450120081, ""29"": 0.09349226239343, ""43"": 0.06287876273967889}",same-panel seed variability; no CI or independence claim
stage_a_uci_v1,sar_complete,aux,0,ab,uci_internal_fixed,seconds,3,0.18016331667119323,0.024670359556380653,"{""17"": 0.15608459999930346, ""29"": 0.17901980000897305, ""43"": 0.20538555000530317}",same-panel seed variability; no CI or independence claim
stage_a_uci_v1,sar_complete,aux,0,ab,uci_internal_fixed,updates,3,16.0,0.0,"{""17"": 16.0, ""29"": 16.0, ""43"": 16.0}",same-panel seed variability; no CI or independence claim
stage_a_uci_v1,sar_complete,aux,0,ab,uci_internal_fixed,skipped,3,0.0,0.0,"{""17"": 0.0, ""29"": 0.0, ""43"": 0.0}",same-panel seed variability; no CI or independence claim
stage_a_uci_v1,sar_complete,aux,0,ab,uci_internal_fixed,recoveries,3,8.5,0.5,"{""17"": 9.0, ""29"": 8.5, ""43"": 8.0}",same-panel seed variability; no CI or independence claim
stage_a_uci_v1,sar_complete,aux,0,ba,uci_internal_fixed,accuracy,3,0.8616536458333334,0.01817386048464565,"{""17"": 0.859375, ""29"": 0.8447265625, ""43"": 0.880859375}",same-panel seed variability; no CI or independence claim
stage_a_uci_v1,sar_complete,aux,0,ba,uci_internal_fixed,nll,3,0.5136918991569657,0.11348562773326668,"{""17"": 0.503699288810314, ""29"": 0.6318434008784773, ""43"": 0.40553300778210555}",same-panel seed variability; no CI or independence claim
stage_a_uci_v1,sar_complete,aux,0,ba,uci_internal_fixed,brier,3,0.21403775275629702,0.03254012969624258,"{""17"": 0.2165440424039253, ""29"": 0.2452522676079189, ""43"": 0.18031694825704694}",same-panel seed variability; no CI or independence claim
stage_a_uci_v1,sar_complete,aux,0,ba,uci_internal_fixed,ece15,3,0.07898188026443755,0.01536971226834805,"{""17"": 0.08057627214565251, ""29"": 0.09349224752339405, ""43"": 0.06287712112426609}",same-panel seed variability; no CI or independence claim
stage_a_uci_v1,sar_complete,aux,0,ba,uci_internal_fixed,seconds,3,0.24524554999758644,0.15181139234919372,"{""17"": 0.1391859999930602, ""29"": 0.41914810000162106, ""43"": 0.177402549998078}",same-panel seed variability; no CI or independence claim
stage_a_uci_v1,sar_complete,aux,0,ba,uci_internal_fixed,updates,3,16.0,0.0,"{""17"": 16.0, ""29"": 16.0, ""43"": 16.0}",same-panel seed variability; no CI or independence claim
stage_a_uci_v1,sar_complete,aux,0,ba,uci_internal_fixed,skipped,3,0.0,0.0,"{""17"": 0.0, ""29"": 0.0, ""43"": 0.0}",same-panel seed variability; no CI or independence claim
stage_a_uci_v1,sar_complete,aux,0,ba,uci_internal_fixed,recoveries,3,8.5,0.5,"{""17"": 9.0, ""29"": 8.5, ""43"": 8.0}",same-panel seed variability; no CI or independence claim
stage_a_uci_v1,sar_complete,aux,4,ab,uci_internal_fixed,accuracy,3,0.8616536458333334,0.01817386048464565,"{""17"": 0.859375, ""29"": 0.8447265625, ""43"": 0.880859375}",same-panel seed variability; no CI or independence claim
stage_a_uci_v1,sar_complete,aux,4,ab,uci_internal_fixed,nll,3,0.5136921476014341,0.11348556001492818,"{""17"": 0.5037000013167998, ""29"": 0.6318433801107537, ""43"": 0.4055330613767488}",same-panel seed variability; no CI or independence claim
stage_a_uci_v1,sar_complete,aux,4,ab,uci_internal_fixed,brier,3,0.21403785842504322,0.03254013011244238,"{""17"": 0.21654437269545612, ""29"": 0.2452522483772659, ""43"": 0.18031695420240773}",same-panel seed variability; no CI or independence claim
stage_a_uci_v1,sar_complete,aux,4,ab,uci_internal_fixed,ece15,3,0.07898169428309054,0.015369733821777788,"{""17"": 0.08057571605142086, ""29"": 0.0934922971484249, ""43"": 0.06287706964942585}",same-panel seed variability; no CI or independence claim
stage_a_uci_v1,sar_complete,aux,4,ab,uci_internal_fixed,seconds,3,0.17448746666680862,0.03838421703653306,"{""17"": 0.18893160000152415, ""29"": 0.13097664999804692, ""43"": 0.2035541500008548}",same-panel seed variability; no CI or independence claim
stage_a_uci_v1,sar_complete,aux,4,ab,uci_internal_fixed,updates,3,16.0,0.0,"{""17"": 16.0, ""29"": 16.0, ""43"": 16.0}",same-panel seed variability; no CI or independence claim
stage_a_uci_v1,sar_complete,aux,4,ab,uci_internal_fixed,skipped,3,0.0,0.0,"{""17"": 0.0, ""29"": 0.0, ""43"": 0.0}",same-panel seed variability; no CI or independence claim
stage_a_uci_v1,sar_complete,aux,4,ab,uci_internal_fixed,recoveries,3,8.5,0.5,"{""17"": 9.0, ""29"": 8.5, ""43"": 8.0}",same-panel seed variability; no CI or independence claim
stage_a_uci_v1,sar_complete,aux,4,ba,uci_internal_fixed,accuracy,3,0.8616536458333334,0.01817386048464565,"{""17"": 0.859375, ""29"": 0.8447265625, ""43"": 0.880859375}",same-panel seed variability; no CI or independence claim
stage_a_uci_v1,sar_complete,aux,4,ba,uci_internal_fixed,nll,3,0.5136921476014341,0.11348556001492818,"{""17"": 0.5037000013167998, ""29"": 0.6318433801107537, ""43"": 0.4055330613767488}",same-panel seed variability; no CI or independence claim
stage_a_uci_v1,sar_complete,aux,4,ba,uci_internal_fixed,brier,3,0.21403785842504322,0.03254013011244238,"{""17"": 0.21654437269545612, ""29"": 0.2452522483772659, ""43"": 0.18031695420240773}",same-panel seed variability; no CI or independence claim
stage_a_uci_v1,sar_complete,aux,4,ba,uci_internal_fixed,ece15,3,0.07898169428309054,0.015369733821777788,"{""17"": 0.08057571605142086, ""29"": 0.0934922971484249, ""43"": 0.06287706964942585}",same-panel seed variability; no CI or independence claim
stage_a_uci_v1,sar_complete,aux,4,ba,uci_internal_fixed,seconds,3,0.1696850999990905,0.02078620457097086,"{""17"": 0.1742127499965136, ""29"": 0.14700825000181794, ""43"": 0.1878342999989399}",same-panel seed variability; no CI or independence claim
stage_a_uci_v1,sar_complete,aux,4,ba,uci_internal_fixed,updates,3,16.0,0.0,"{""17"": 16.0, ""29"": 16.0, ""43"": 16.0}",same-panel seed variability; no CI or independence claim
stage_a_uci_v1,sar_complete,aux,4,ba,uci_internal_fixed,skipped,3,0.0,0.0,"{""17"": 0.0, ""29"": 0.0, ""43"": 0.0}",same-panel seed variability; no CI or independence claim
stage_a_uci_v1,sar_complete,aux,4,ba,uci_internal_fixed,recoveries,3,8.5,0.5,"{""17"": 9.0, ""29"": 8.5, ""43"": 8.0}",same-panel seed variability; no CI or independence claim
stage_a_uci_v1,sar_complete,none,0,ab,uci_internal_fixed,accuracy,3,0.861328125,0.01824369305885684,"{""17"": 0.8583984375, ""29"": 0.8447265625, ""43"": 0.880859375}",same-panel seed variability; no CI or independence claim
stage_a_uci_v1,sar_complete,none,0,ab,uci_internal_fixed,nll,3,0.5138863357021054,0.11261965518390492,"{""17"": 0.5041910631568645, ""29"": 0.6310401962076096, ""43"": 0.40642774774184215}",same-panel seed variability; no CI or independence claim
stage_a_uci_v1,sar_complete,none,0,ab,uci_internal_fixed,brier,3,0.21414417125556526,0.03233716001207417,"{""17"": 0.21668658788135536, ""29"": 0.24513507703834234, ""43"": 0.18061084884699802}",same-panel seed variability; no CI or independence claim
stage_a_uci_v1,sar_complete,none,0,ab,uci_internal_fixed,ece15,3,0.07925299168666443,0.015418785223539169,"{""17"": 0.0815274040682121, ""29"": 0.0934082419371765, ""43"": 0.06282332905460469}",same-panel seed variability; no CI or independence claim
stage_a_uci_v1,sar_complete,none,0,ab,uci_internal_fixed,seconds,3,0.16957990000082637,0.03991340204224698,"{""17"": 0.1380510000017238, ""29"": 0.15623205000156298, ""43"": 0.2144566499991924}",same-panel seed variability; no CI or independence claim
stage_a_uci_v1,sar_complete,none,0,ab,uci_internal_fixed,updates,3,16.0,0.0,"{""17"": 16.0, ""29"": 16.0, ""43"": 16.0}",same-panel seed variability; no CI or independence claim
stage_a_uci_v1,sar_complete,none,0,ab,uci_internal_fixed,skipped,3,0.0,0.0,"{""17"": 0.0, ""29"": 0.0, ""43"": 0.0}",same-panel seed variability; no CI or independence claim
stage_a_uci_v1,sar_complete,none,0,ab,uci_internal_fixed,recoveries,3,12.833333333333334,1.1547005383792517,"{""17"": 11.5, ""29"": 13.5, ""43"": 13.5}",same-panel seed variability; no CI or independence claim
stage_a_uci_v1,sar_complete,none,0,ba,uci_internal_fixed,accuracy,3,0.861328125,0.01824369305885684,"{""17"": 0.8583984375, ""29"": 0.8447265625, ""43"": 0.880859375}",same-panel seed variability; no CI or independence claim
stage_a_uci_v1,sar_complete,none,0,ba,uci_internal_fixed,nll,3,0.5138358542693373,0.11262819013593929,"{""17"": 0.5040330793542003, ""29"": 0.6310450260353394, ""43"": 0.40642945741847203}",same-panel seed variability; no CI or independence claim
stage_a_uci_v1,sar_complete,none,0,ba,uci_internal_fixed,brier,3,0.21413102141123852,0.032335929620591196,"{""17"": 0.21664599780433452, ""29"": 0.2451360271470333, ""43"": 0.18061103928234776}",same-panel seed variability; no CI or independence claim
stage_a_uci_v1,sar_complete,none,0,ba,uci_internal_fixed,ece15,3,0.07925312705367979,0.015419639874280931,"{""17"": 0.08152989594354004, ""29"": 0.09340779777830745, ""43"": 0.06282168743919189}",same-panel seed variability; no CI or independence claim
stage_a_uci_v1,sar_complete,none,0,ba,uci_internal_fixed,seconds,3,0.16099308333408166,0.02329402845806,"{""17"": 0.15609609999955865, ""29"": 0.1405368499981705, ""43"": 0.1863463000045158}",same-panel seed variability; no CI or independence claim
stage_a_uci_v1,sar_complete,none,0,ba,uci_internal_fixed,updates,3,16.0,0.0,"{""17"": 16.0, ""29"": 16.0, ""43"": 16.0}",same-panel seed variability; no CI or independence claim
stage_a_uci_v1,sar_complete,none,0,ba,uci_internal_fixed,skipped,3,0.0,0.0,"{""17"": 0.0, ""29"": 0.0, ""43"": 0.0}",same-panel seed variability; no CI or independence claim
stage_a_uci_v1,sar_complete,none,0,ba,uci_internal_fixed,recoveries,3,12.333333333333334,1.6072751268321592,"{""17"": 10.5, ""29"": 13.0, ""43"": 13.5}",same-panel seed variability; no CI or independence claim
stage_a_uci_v1,sar_complete,none,4,ab,uci_internal_fixed,accuracy,3,0.861328125,0.01824369305885684,"{""17"": 0.8583984375, ""29"": 0.8447265625, ""43"": 0.880859375}",same-panel seed variability; no CI or independence claim
stage_a_uci_v1,sar_complete,none,4,ab,uci_internal_fixed,nll,3,0.5141057965680674,0.11312321986760208,"{""17"": 0.5037641486303785, ""29"": 0.6320447481779414, ""43"": 0.4065084928958825}",same-panel seed variability; no CI or independence claim
stage_a_uci_v1,sar_complete,none,4,ab,uci_internal_fixed,brier,3,0.21417164845120007,0.032405771572171234,"{""17"": 0.21657729182921606, ""29"": 0.24530756036666548, ""43"": 0.1806300931577187}",same-panel seed variability; no CI or independence claim
stage_a_uci_v1,sar_complete,none,4,ab,uci_internal_fixed,ece15,3,0.07928688614591352,0.015457964726247463,"{""17"": 0.08153867859604605, ""29"": 0.0934954526290433, ""43"": 0.0628265272126512}",same-panel seed variability; no CI or independence claim
stage_a_uci_v1,sar_complete,none,4,ab,uci_internal_fixed,seconds,3,0.1899518000039582,0.02581372052018085,"{""17"": 0.16195375000825152, ""29"": 0.21280690000276076, ""43"": 0.19509475000086235}",same-panel seed variability; no CI or independence claim
stage_a_uci_v1,sar_complete,none,4,ab,uci_internal_fixed,updates,3,16.0,0.0,"{""17"": 16.0, ""29"": 16.0, ""43"": 16.0}",same-panel seed variability; no CI or independence claim
stage_a_uci_v1,sar_complete,none,4,ab,uci_internal_fixed,skipped,3,0.0,0.0,"{""17"": 0.0, ""29"": 0.0, ""43"": 0.0}",same-panel seed variability; no CI or independence claim
stage_a_uci_v1,sar_complete,none,4,ab,uci_internal_fixed,recoveries,3,10.166666666666666,1.2583057392117918,"{""17"": 10.0, ""29"": 9.0, ""43"": 11.5}",same-panel seed variability; no CI or independence claim
stage_a_uci_v1,sar_complete,none,4,ba,uci_internal_fixed,accuracy,3,0.8616536458333334,0.01817386048464565,"{""17"": 0.859375, ""29"": 0.8447265625, ""43"": 0.880859375}",same-panel seed variability; no CI or independence claim
stage_a_uci_v1,sar_complete,none,4,ba,uci_internal_fixed,nll,3,0.5141350032858428,0.11311922602074764,"{""17"": 0.5038517687837049, ""29"": 0.6320447481779414, ""43"": 0.4065084928958825}",same-panel seed variability; no CI or independence claim
stage_a_uci_v1,sar_complete,none,4,ba,uci_internal_fixed,brier,3,0.2141765961736135,0.03240632364207012,"{""17"": 0.21659213499645635, ""29"": 0.24530756036666548, ""43"": 0.1806300931577187}",same-panel seed variability; no CI or independence claim
stage_a_uci_v1,sar_complete,none,4,ba,uci_internal_fixed,ece15,3,0.07896337537981624,0.015397311902515646,"{""17"": 0.0805681462977542, ""29"": 0.0934954526290433, ""43"": 0.0628265272126512}",same-panel seed variability; no CI or independence claim
stage_a_uci_v1,sar_complete,none,4,ba,uci_internal_fixed,seconds,3,0.19331015000110097,0.00275191636108945,"{""17"": 0.19621370000095334, ""29"": 0.19074030000047054, ""43"": 0.19297645000187907}",same-panel seed variability; no CI or independence claim
stage_a_uci_v1,sar_complete,none,4,ba,uci_internal_fixed,updates,3,16.0,0.0,"{""17"": 16.0, ""29"": 16.0, ""43"": 16.0}",same-panel seed variability; no CI or independence claim
stage_a_uci_v1,sar_complete,none,4,ba,uci_internal_fixed,skipped,3,0.0,0.0,"{""17"": 0.0, ""29"": 0.0, ""43"": 0.0}",same-panel seed variability; no CI or independence claim
stage_a_uci_v1,sar_complete,none,4,ba,uci_internal_fixed,recoveries,3,10.0,1.3228756555322954,"{""17"": 9.5, ""29"": 9.0, ""43"": 11.5}",same-panel seed variability; no CI or independence claim
stage_a_uci_v1,sar_complete,optimizer,0,ab,uci_internal_fixed,accuracy,3,0.861328125,0.01824369305885684,"{""17"": 0.8583984375, ""29"": 0.8447265625, ""43"": 0.880859375}",same-panel seed variability; no CI or independence claim
stage_a_uci_v1,sar_complete,optimizer,0,ab,uci_internal_fixed,nll,3,0.5138863386224921,0.11261965480678689,"{""17"": 0.5041910719180245, ""29"": 0.6310401962076096, ""43"": 0.40642774774184215}",same-panel seed variability; no CI or independence claim
stage_a_uci_v1,sar_complete,optimizer,0,ab,uci_internal_fixed,brier,3,0.21414417126145927,0.03233716001276927,"{""17"": 0.21668658789903744, ""29"": 0.24513507703834234, ""43"": 0.18061084884699802}",same-panel seed variability; no CI or independence claim
stage_a_uci_v1,sar_complete,optimizer,0,ab,uci_internal_fixed,ece15,3,0.07925298877045095,0.015418784578287588,"{""17"": 0.08152739531957165, ""29"": 0.0934082419371765, ""43"": 0.06282332905460469}",same-panel seed variability; no CI or independence claim
stage_a_uci_v1,sar_complete,optimizer,0,ab,uci_internal_fixed,seconds,3,0.16139296666854833,0.045884562563749044,"{""17"": 0.1350790500073344, ""29"": 0.1347243499985779, ""43"": 0.2143754999997327}",same-panel seed variability; no CI or independence claim
stage_a_uci_v1,sar_complete,optimizer,0,ab,uci_internal_fixed,updates,3,16.0,0.0,"{""17"": 16.0, ""29"": 16.0, ""43"": 16.0}",same-panel seed variability; no CI or independence claim
stage_a_uci_v1,sar_complete,optimizer,0,ab,uci_internal_fixed,skipped,3,0.0,0.0,"{""17"": 0.0, ""29"": 0.0, ""43"": 0.0}",same-panel seed variability; no CI or independence claim
stage_a_uci_v1,sar_complete,optimizer,0,ab,uci_internal_fixed,recoveries,3,12.833333333333334,1.1547005383792517,"{""17"": 11.5, ""29"": 13.5, ""43"": 13.5}",same-panel seed variability; no CI or independence claim
stage_a_uci_v1,sar_complete,optimizer,0,ba,uci_internal_fixed,accuracy,3,0.861328125,0.01824369305885684,"{""17"": 0.8583984375, ""29"": 0.8447265625, ""43"": 0.880859375}",same-panel seed variability; no CI or independence claim
stage_a_uci_v1,sar_complete,optimizer,0,ba,uci_internal_fixed,nll,3,0.5138358755361777,0.112628187359455,"{""17"": 0.5040331431547219, ""29"": 0.6310450260353394, ""43"": 0.40642945741847203}",same-panel seed variability; no CI or independence claim
stage_a_uci_v1,sar_complete,optimizer,0,ba,uci_internal_fixed,brier,3,0.21413103245168405,0.03233593090862813,"{""17"": 0.216646030925671, ""29"": 0.2451360271470333, ""43"": 0.18061103928234776}",same-panel seed variability; no CI or independence claim
stage_a_uci_v1,sar_complete,optimizer,0,ba,uci_internal_fixed,ece15,3,0.07925311549218288,0.015419637313644766,"{""17"": 0.08152986125904929, ""29"": 0.09340779777830745, ""43"": 0.06282168743919189}",same-panel seed variability; no CI or independence claim
stage_a_uci_v1,sar_complete,optimizer,0,ba,uci_internal_fixed,seconds,3,0.1922025666669166,0.01985661011609521,"{""17"": 0.1754859500069869, ""29"": 0.21415135000279406, ""43"": 0.18697039999096882}",same-panel seed variability; no CI or independence claim
stage_a_uci_v1,sar_complete,optimizer,0,ba,uci_internal_fixed,updates,3,16.0,0.0,"{""17"": 16.0, ""29"": 16.0, ""43"": 16.0}",same-panel seed variability; no CI or independence claim
stage_a_uci_v1,sar_complete,optimizer,0,ba,uci_internal_fixed,skipped,3,0.0,0.0,"{""17"": 0.0, ""29"": 0.0, ""43"": 0.0}",same-panel seed variability; no CI or independence claim
stage_a_uci_v1,sar_complete,optimizer,0,ba,uci_internal_fixed,recoveries,3,12.333333333333334,1.6072751268321592,"{""17"": 10.5, ""29"": 13.0, ""43"": 13.5}",same-panel seed variability; no CI or independence claim
stage_a_uci_v1,sar_complete,optimizer,4,ab,uci_internal_fixed,accuracy,3,0.861328125,0.01824369305885684,"{""17"": 0.8583984375, ""29"": 0.8447265625, ""43"": 0.880859375}",same-panel seed variability; no CI or independence claim
stage_a_uci_v1,sar_complete,optimizer,4,ab,uci_internal_fixed,nll,3,0.5141057965680674,0.11312321986760208,"{""17"": 0.5037641486303785, ""29"": 0.6320447481779414, ""43"": 0.4065084928958825}",same-panel seed variability; no CI or independence claim
stage_a_uci_v1,sar_complete,optimizer,4,ab,uci_internal_fixed,brier,3,0.21417164845120007,0.032405771572171234,"{""17"": 0.21657729182921606, ""29"": 0.24530756036666548, ""43"": 0.1806300931577187}",same-panel seed variability; no CI or independence claim
stage_a_uci_v1,sar_complete,optimizer,4,ab,uci_internal_fixed,ece15,3,0.07928688614591352,0.015457964726247463,"{""17"": 0.08153867859604605, ""29"": 0.0934954526290433, ""43"": 0.0628265272126512}",same-panel seed variability; no CI or independence claim
stage_a_uci_v1,sar_complete,optimizer,4,ab,uci_internal_fixed,seconds,3,0.16054633333260424,0.02679048569008897,"{""17"": 0.1572247000003699, ""29"": 0.1355715499958023, ""43"": 0.1888427500016405}",same-panel seed variability; no CI or independence claim
stage_a_uci_v1,sar_complete,optimizer,4,ab,uci_internal_fixed,updates,3,16.0,0.0,"{""17"": 16.0, ""29"": 16.0, ""43"": 16.0}",same-panel seed variability; no CI or independence claim
stage_a_uci_v1,sar_complete,optimizer,4,ab,uci_internal_fixed,skipped,3,0.0,0.0,"{""17"": 0.0, ""29"": 0.0, ""43"": 0.0}",same-panel seed variability; no CI or independence claim
stage_a_uci_v1,sar_complete,optimizer,4,ab,uci_internal_fixed,recoveries,3,10.166666666666666,1.2583057392117918,"{""17"": 10.0, ""29"": 9.0, ""43"": 11.5}",same-panel seed variability; no CI or independence claim
stage_a_uci_v1,sar_complete,optimizer,4,ba,uci_internal_fixed,accuracy,3,0.8616536458333334,0.01817386048464565,"{""17"": 0.859375, ""29"": 0.8447265625, ""43"": 0.880859375}",same-panel seed variability; no CI or independence claim
stage_a_uci_v1,sar_complete,optimizer,4,ba,uci_internal_fixed,nll,3,0.5141350032858428,0.11311922602074764,"{""17"": 0.5038517687837049, ""29"": 0.6320447481779414, ""43"": 0.4065084928958825}",same-panel seed variability; no CI or independence claim
stage_a_uci_v1,sar_complete,optimizer,4,ba,uci_internal_fixed,brier,3,0.2141765961736135,0.03240632364207012,"{""17"": 0.21659213499645635, ""29"": 0.24530756036666548, ""43"": 0.1806300931577187}",same-panel seed variability; no CI or independence claim
stage_a_uci_v1,sar_complete,optimizer,4,ba,uci_internal_fixed,ece15,3,0.07896337537981624,0.015397311902515646,"{""17"": 0.0805681462977542, ""29"": 0.0934954526290433, ""43"": 0.0628265272126512}",same-panel seed variability; no CI or independence claim
stage_a_uci_v1,sar_complete,optimizer,4,ba,uci_internal_fixed,seconds,3,0.17039081666735,0.05079469975053703,"{""17"": 0.14935140000307, ""29"": 0.13349629999720486, ""43"": 0.2283247500017751}",same-panel seed variability; no CI or independence claim
stage_a_uci_v1,sar_complete,optimizer,4,ba,uci_internal_fixed,updates,3,16.0,0.0,"{""17"": 16.0, ""29"": 16.0, ""43"": 16.0}",same-panel seed variability; no CI or independence claim
stage_a_uci_v1,sar_complete,optimizer,4,ba,uci_internal_fixed,skipped,3,0.0,0.0,"{""17"": 0.0, ""29"": 0.0, ""43"": 0.0}",same-panel seed variability; no CI or independence claim
stage_a_uci_v1,sar_complete,optimizer,4,ba,uci_internal_fixed,recoveries,3,10.0,1.3228756555322954,"{""17"": 9.5, ""29"": 9.0, ""43"": 11.5}",same-panel seed variability; no CI or independence claim
stage_a_uci_v1,sar_complete,optimizer_aux,0,ab,uci_internal_fixed,accuracy,3,0.8616536458333334,0.01817386048464565,"{""17"": 0.859375, ""29"": 0.8447265625, ""43"": 0.880859375}",same-panel seed variability; no CI or independence claim
stage_a_uci_v1,sar_complete,optimizer_aux,0,ab,uci_internal_fixed,nll,3,0.5136911208914686,0.11348653421121173,"{""17"": 0.503698549903575, ""29"": 0.6318435146653553, ""43"": 0.40553129810547567}",same-panel seed variability; no CI or independence claim
stage_a_uci_v1,sar_complete,optimizer_aux,0,ab,uci_internal_fixed,brier,3,0.21403761550077616,0.03254025752149415,"{""17"": 0.21654373566293117, ""29"": 0.24525235301770004, ""43"": 0.1803167578216972}",same-panel seed variability; no CI or independence claim
stage_a_uci_v1,sar_complete,optimizer_aux,0,ab,uci_internal_fixed,ece15,3,0.07898263321143657,0.015368890468412048,"{""17"": 0.08057687450120081, ""29"": 0.09349226239343, ""43"": 0.06287876273967889}",same-panel seed variability; no CI or independence claim
stage_a_uci_v1,sar_complete,optimizer_aux,0,ab,uci_internal_fixed,seconds,3,0.1720204333323636,0.032032281834432484,"{""17"": 0.13515400000324004, ""29"": 0.18786199999885866, ""43"": 0.1930452999949921}",same-panel seed variability; no CI or independence claim
stage_a_uci_v1,sar_complete,optimizer_aux,0,ab,uci_internal_fixed,updates,3,16.0,0.0,"{""17"": 16.0, ""29"": 16.0, ""43"": 16.0}",same-panel seed variability; no CI or independence claim
stage_a_uci_v1,sar_complete,optimizer_aux,0,ab,uci_internal_fixed,skipped,3,0.0,0.0,"{""17"": 0.0, ""29"": 0.0, ""43"": 0.0}",same-panel seed variability; no CI or independence claim
stage_a_uci_v1,sar_complete,optimizer_aux,0,ab,uci_internal_fixed,recoveries,3,8.5,0.5,"{""17"": 9.0, ""29"": 8.5, ""43"": 8.0}",same-panel seed variability; no CI or independence claim
stage_a_uci_v1,sar_complete,optimizer_aux,0,ba,uci_internal_fixed,accuracy,3,0.8616536458333334,0.01817386048464565,"{""17"": 0.859375, ""29"": 0.8447265625, ""43"": 0.880859375}",same-panel seed variability; no CI or independence claim
stage_a_uci_v1,sar_complete,optimizer_aux,0,ba,uci_internal_fixed,nll,3,0.5136918991569657,0.11348562773326668,"{""17"": 0.503699288810314, ""29"": 0.6318434008784773, ""43"": 0.40553300778210555}",same-panel seed variability; no CI or independence claim
stage_a_uci_v1,sar_complete,optimizer_aux,0,ba,uci_internal_fixed,brier,3,0.21403775275629702,0.03254012969624258,"{""17"": 0.2165440424039253, ""29"": 0.2452522676079189, ""43"": 0.18031694825704694}",same-panel seed variability; no CI or independence claim
stage_a_uci_v1,sar_complete,optimizer_aux,0,ba,uci_internal_fixed,ece15,3,0.07898188026443755,0.01536971226834805,"{""17"": 0.08057627214565251, ""29"": 0.09349224752339405, ""43"": 0.06287712112426609}",same-panel seed variability; no CI or independence claim
stage_a_uci_v1,sar_complete,optimizer_aux,0,ba,uci_internal_fixed,seconds,3,0.196277466668107,0.044106595521397195,"{""17"": 0.16447550000157204, ""29"": 0.2466293999968911, ""43"": 0.17772750000585796}",same-panel seed variability; no CI or independence claim
stage_a_uci_v1,sar_complete,optimizer_aux,0,ba,uci_internal_fixed,updates,3,16.0,0.0,"{""17"": 16.0, ""29"": 16.0, ""43"": 16.0}",same-panel seed variability; no CI or independence claim
stage_a_uci_v1,sar_complete,optimizer_aux,0,ba,uci_internal_fixed,skipped,3,0.0,0.0,"{""17"": 0.0, ""29"": 0.0, ""43"": 0.0}",same-panel seed variability; no CI or independence claim
stage_a_uci_v1,sar_complete,optimizer_aux,0,ba,uci_internal_fixed,recoveries,3,8.5,0.5,"{""17"": 9.0, ""29"": 8.5, ""43"": 8.0}",same-panel seed variability; no CI or independence claim
stage_a_uci_v1,sar_complete,optimizer_aux,4,ab,uci_internal_fixed,accuracy,3,0.8616536458333334,0.01817386048464565,"{""17"": 0.859375, ""29"": 0.8447265625, ""43"": 0.880859375}",same-panel seed variability; no CI or independence claim
stage_a_uci_v1,sar_complete,optimizer_aux,4,ab,uci_internal_fixed,nll,3,0.5136921476014341,0.11348556001492818,"{""17"": 0.5037000013167998, ""29"": 0.6318433801107537, ""43"": 0.4055330613767488}",same-panel seed variability; no CI or independence claim
stage_a_uci_v1,sar_complete,optimizer_aux,4,ab,uci_internal_fixed,brier,3,0.21403785842504322,0.03254013011244238,"{""17"": 0.21654437269545612, ""29"": 0.2452522483772659, ""43"": 0.18031695420240773}",same-panel seed variability; no CI or independence claim
stage_a_uci_v1,sar_complete,optimizer_aux,4,ab,uci_internal_fixed,ece15,3,0.07898169428309054,0.015369733821777788,"{""17"": 0.08057571605142086, ""29"": 0.0934922971484249, ""43"": 0.06287706964942585}",same-panel seed variability; no CI or independence claim
stage_a_uci_v1,sar_complete,optimizer_aux,4,ab,uci_internal_fixed,seconds,3,0.21176350000071884,0.09878419743129044,"{""17"": 0.1593352499985485, ""29"": 0.15024635000008854, ""43"": 0.3257089000035194}",same-panel seed variability; no CI or independence claim
stage_a_uci_v1,sar_complete,optimizer_aux,4,ab,uci_internal_fixed,updates,3,16.0,0.0,"{""17"": 16.0, ""29"": 16.0, ""43"": 16.0}",same-panel seed variability; no CI or independence claim
stage_a_uci_v1,sar_complete,optimizer_aux,4,ab,uci_internal_fixed,skipped,3,0.0,0.0,"{""17"": 0.0, ""29"": 0.0, ""43"": 0.0}",same-panel seed variability; no CI or independence claim
stage_a_uci_v1,sar_complete,optimizer_aux,4,ab,uci_internal_fixed,recoveries,3,8.5,0.5,"{""17"": 9.0, ""29"": 8.5, ""43"": 8.0}",same-panel seed variability; no CI or independence claim
stage_a_uci_v1,sar_complete,optimizer_aux,4,ba,uci_internal_fixed,accuracy,3,0.8616536458333334,0.01817386048464565,"{""17"": 0.859375, ""29"": 0.8447265625, ""43"": 0.880859375}",same-panel seed variability; no CI or independence claim
stage_a_uci_v1,sar_complete,optimizer_aux,4,ba,uci_internal_fixed,nll,3,0.5136921476014341,0.11348556001492818,"{""17"": 0.5037000013167998, ""29"": 0.6318433801107537, ""43"": 0.4055330613767488}",same-panel seed variability; no CI or independence claim
stage_a_uci_v1,sar_complete,optimizer_aux,4,ba,uci_internal_fixed,brier,3,0.21403785842504322,0.03254013011244238,"{""17"": 0.21654437269545612, ""29"": 0.2452522483772659, ""43"": 0.18031695420240773}",same-panel seed variability; no CI or independence claim
stage_a_uci_v1,sar_complete,optimizer_aux,4,ba,uci_internal_fixed,ece15,3,0.07898169428309054,0.015369733821777788,"{""17"": 0.08057571605142086, ""29"": 0.0934922971484249, ""43"": 0.06287706964942585}",same-panel seed variability; no CI or independence claim
stage_a_uci_v1,sar_complete,optimizer_aux,4,ba,uci_internal_fixed,seconds,3,0.19537920000342027,0.0442075859819417,"{""17"": 0.15588745000422932, ""29"": 0.1871141499941586, ""43"": 0.2431360000118729}",same-panel seed variability; no CI or independence claim
stage_a_uci_v1,sar_complete,optimizer_aux,4,ba,uci_internal_fixed,updates,3,16.0,0.0,"{""17"": 16.0, ""29"": 16.0, ""43"": 16.0}",same-panel seed variability; no CI or independence claim
stage_a_uci_v1,sar_complete,optimizer_aux,4,ba,uci_internal_fixed,skipped,3,0.0,0.0,"{""17"": 0.0, ""29"": 0.0, ""43"": 0.0}",same-panel seed variability; no CI or independence claim
stage_a_uci_v1,sar_complete,optimizer_aux,4,ba,uci_internal_fixed,recoveries,3,8.5,0.5,"{""17"": 9.0, ""29"": 8.5, ""43"": 8.0}",same-panel seed variability; no CI or independence claim
stage_a_uci_v1,sar_complete,parameters,0,ab,uci_internal_fixed,accuracy,3,0.861328125,0.01824369305885684,"{""17"": 0.8583984375, ""29"": 0.8447265625, ""43"": 0.880859375}",same-panel seed variability; no CI or independence claim
stage_a_uci_v1,sar_complete,parameters,0,ab,uci_internal_fixed,nll,3,0.5138873977194043,0.11261867693151258,"{""17"": 0.5041926204920896, ""29"": 0.6310400616530081, ""43"": 0.4064295110131153}",same-panel seed variability; no CI or independence claim
stage_a_uci_v1,sar_complete,parameters,0,ab,uci_internal_fixed,brier,3,0.21414441399914164,0.03233703307061135,"{""17"": 0.21668722437180815, ""29"": 0.24513497239790819, ""43"": 0.18061104522770854}",same-panel seed variability; no CI or independence claim
stage_a_uci_v1,sar_complete,parameters,0,ab,uci_internal_fixed,ece15,3,0.07925201735986052,0.015419609953624755,"{""17"": 0.08152613942305854, ""29"": 0.0934082766921714, ""43"": 0.06282163596435164}",same-panel seed variability; no CI or independence claim
stage_a_uci_v1,sar_complete,parameters,0,ab,uci_internal_fixed,seconds,3,0.1487360333364146,0.009672374586819094,"{""17"": 0.14501124999515008, ""29"": 0.1414798000041628, ""43"": 0.15971705000993094}",same-panel seed variability; no CI or independence claim
stage_a_uci_v1,sar_complete,parameters,0,ab,uci_internal_fixed,updates,3,16.0,0.0,"{""17"": 16.0, ""29"": 16.0, ""43"": 16.0}",same-panel seed variability; no CI or independence claim
stage_a_uci_v1,sar_complete,parameters,0,ab,uci_internal_fixed,skipped,3,0.0,0.0,"{""17"": 0.0, ""29"": 0.0, ""43"": 0.0}",same-panel seed variability; no CI or independence claim
stage_a_uci_v1,sar_complete,parameters,0,ab,uci_internal_fixed,recoveries,3,12.833333333333334,1.1547005383792517,"{""17"": 11.5, ""29"": 13.5, ""43"": 13.5}",same-panel seed variability; no CI or independence claim
stage_a_uci_v1,sar_complete,parameters,0,ba,uci_internal_fixed,accuracy,3,0.861328125,0.01824369305885684,"{""17"": 0.8583984375, ""29"": 0.8447265625, ""43"": 0.880859375}",same-panel seed variability; no CI or independence claim
stage_a_uci_v1,sar_complete,parameters,0,ba,uci_internal_fixed,nll,3,0.5138363287174706,0.1126280932646157,"{""17"": 0.5040344698716808, ""29"": 0.6310450052676158, ""43"": 0.4064295110131153}",same-panel seed variability; no CI or independence claim
stage_a_uci_v1,sar_complete,parameters,0,ba,uci_internal_fixed,brier,3,0.2141312257386754,0.03233594167601824,"{""17"": 0.2166466240719374, ""29"": 0.2451360079163803, ""43"": 0.18061104522770854}",same-panel seed variability; no CI or independence claim
stage_a_uci_v1,sar_complete,parameters,0,ba,uci_internal_fixed,ece15,3,0.07925276788446722,0.015419610677559524,"{""17"": 0.08152882028571175, ""29"": 0.0934078474033383, ""43"": 0.06282163596435164}",same-panel seed variability; no CI or independence claim
stage_a_uci_v1,sar_complete,parameters,0,ba,uci_internal_fixed,seconds,3,0.15503706667125997,0.03170062218977859,"{""17"": 0.13183585000660963, ""29"": 0.14211815000453495, ""43"": 0.1911572000026353}",same-panel seed variability; no CI or independence claim
stage_a_uci_v1,sar_complete,parameters,0,ba,uci_internal_fixed,updates,3,16.0,0.0,"{""17"": 16.0, ""29"": 16.0, ""43"": 16.0}",same-panel seed variability; no CI or independence claim
stage_a_uci_v1,sar_complete,parameters,0,ba,uci_internal_fixed,skipped,3,0.0,0.0,"{""17"": 0.0, ""29"": 0.0, ""43"": 0.0}",same-panel seed variability; no CI or independence claim
stage_a_uci_v1,sar_complete,parameters,0,ba,uci_internal_fixed,recoveries,3,12.333333333333334,1.6072751268321592,"{""17"": 10.5, ""29"": 13.0, ""43"": 13.5}",same-panel seed variability; no CI or independence claim
stage_a_uci_v1,sar_complete,parameters,4,ab,uci_internal_fixed,accuracy,3,0.861328125,0.01824369305885684,"{""17"": 0.8583984375, ""29"": 0.8447265625, ""43"": 0.880859375}",same-panel seed variability; no CI or independence claim
stage_a_uci_v1,sar_complete,parameters,4,ab,uci_internal_fixed,nll,3,0.5141057965680674,0.11312321986760208,"{""17"": 0.5037641486303785, ""29"": 0.6320447481779414, ""43"": 0.4065084928958825}",same-panel seed variability; no CI or independence claim
stage_a_uci_v1,sar_complete,parameters,4,ab,uci_internal_fixed,brier,3,0.21417164845120007,0.032405771572171234,"{""17"": 0.21657729182921606, ""29"": 0.24530756036666548, ""43"": 0.1806300931577187}",same-panel seed variability; no CI or independence claim
stage_a_uci_v1,sar_complete,parameters,4,ab,uci_internal_fixed,ece15,3,0.07928688614591352,0.015457964726247463,"{""17"": 0.08153867859604605, ""29"": 0.0934954526290433, ""43"": 0.0628265272126512}",same-panel seed variability; no CI or independence claim
stage_a_uci_v1,sar_complete,parameters,4,ab,uci_internal_fixed,seconds,3,0.1659393499988558,0.004276302474464242,"{""17"": 0.1610226999982842, ""29"": 0.16800184999738121, ""43"": 0.16879350000090193}",same-panel seed variability; no CI or independence claim
stage_a_uci_v1,sar_complete,parameters,4,ab,uci_internal_fixed,updates,3,16.0,0.0,"{""17"": 16.0, ""29"": 16.0, ""43"": 16.0}",same-panel seed variability; no CI or independence claim
stage_a_uci_v1,sar_complete,parameters,4,ab,uci_internal_fixed,skipped,3,0.0,0.0,"{""17"": 0.0, ""29"": 0.0, ""43"": 0.0}",same-panel seed variability; no CI or independence claim
stage_a_uci_v1,sar_complete,parameters,4,ab,uci_internal_fixed,recoveries,3,10.166666666666666,1.2583057392117918,"{""17"": 10.0, ""29"": 9.0, ""43"": 11.5}",same-panel seed variability; no CI or independence claim
stage_a_uci_v1,sar_complete,parameters,4,ba,uci_internal_fixed,accuracy,3,0.8616536458333334,0.01817386048464565,"{""17"": 0.859375, ""29"": 0.8447265625, ""43"": 0.880859375}",same-panel seed variability; no CI or independence claim
stage_a_uci_v1,sar_complete,parameters,4,ba,uci_internal_fixed,nll,3,0.5141350032858428,0.11311922602074764,"{""17"": 0.5038517687837049, ""29"": 0.6320447481779414, ""43"": 0.4065084928958825}",same-panel seed variability; no CI or independence claim
stage_a_uci_v1,sar_complete,parameters,4,ba,uci_internal_fixed,brier,3,0.2141765961736135,0.03240632364207012,"{""17"": 0.21659213499645635, ""29"": 0.24530756036666548, ""43"": 0.1806300931577187}",same-panel seed variability; no CI or independence claim
stage_a_uci_v1,sar_complete,parameters,4,ba,uci_internal_fixed,ece15,3,0.07896337537981624,0.015397311902515646,"{""17"": 0.0805681462977542, ""29"": 0.0934954526290433, ""43"": 0.0628265272126512}",same-panel seed variability; no CI or independence claim
stage_a_uci_v1,sar_complete,parameters,4,ba,uci_internal_fixed,seconds,3,0.15509860000020123,0.011329466530215392,"{""17"": 0.1578565000017988, ""29"": 0.1426447999983793, ""43"": 0.16479450000042556}",same-panel seed variability; no CI or independence claim
stage_a_uci_v1,sar_complete,parameters,4,ba,uci_internal_fixed,updates,3,16.0,0.0,"{""17"": 16.0, ""29"": 16.0, ""43"": 16.0}",same-panel seed variability; no CI or independence claim
stage_a_uci_v1,sar_complete,parameters,4,ba,uci_internal_fixed,skipped,3,0.0,0.0,"{""17"": 0.0, ""29"": 0.0, ""43"": 0.0}",same-panel seed variability; no CI or independence claim
stage_a_uci_v1,sar_complete,parameters,4,ba,uci_internal_fixed,recoveries,3,10.0,1.3228756555322954,"{""17"": 9.5, ""29"": 9.0, ""43"": 11.5}",same-panel seed variability; no CI or independence claim
stage_a_uci_v1,sar_complete,parameters_aux,0,ab,uci_internal_fixed,accuracy,3,0.8616536458333334,0.01817386048464565,"{""17"": 0.859375, ""29"": 0.8447265625, ""43"": 0.880859375}",same-panel seed variability; no CI or independence claim
stage_a_uci_v1,sar_complete,parameters_aux,0,ab,uci_internal_fixed,nll,3,0.5136921476014341,0.11348556001492818,"{""17"": 0.5037000013167998, ""29"": 0.6318433801107537, ""43"": 0.4055330613767488}",same-panel seed variability; no CI or independence claim
stage_a_uci_v1,sar_complete,parameters_aux,0,ab,uci_internal_fixed,brier,3,0.21403785842504322,0.03254013011244238,"{""17"": 0.21654437269545612, ""29"": 0.2452522483772659, ""43"": 0.18031695420240773}",same-panel seed variability; no CI or independence claim
stage_a_uci_v1,sar_complete,parameters_aux,0,ab,uci_internal_fixed,ece15,3,0.07898169428309054,0.015369733821777788,"{""17"": 0.08057571605142086, ""29"": 0.0934922971484249, ""43"": 0.06287706964942585}",same-panel seed variability; no CI or independence claim
stage_a_uci_v1,sar_complete,parameters_aux,0,ab,uci_internal_fixed,seconds,3,0.2376899000034124,0.1178048254866148,"{""17"": 0.13764999999693825, ""29"": 0.36753460000909394, ""43"": 0.207885100004205}",same-panel seed variability; no CI or independence claim
stage_a_uci_v1,sar_complete,parameters_aux,0,ab,uci_internal_fixed,updates,3,16.0,0.0,"{""17"": 16.0, ""29"": 16.0, ""43"": 16.0}",same-panel seed variability; no CI or independence claim
stage_a_uci_v1,sar_complete,parameters_aux,0,ab,uci_internal_fixed,skipped,3,0.0,0.0,"{""17"": 0.0, ""29"": 0.0, ""43"": 0.0}",same-panel seed variability; no CI or independence claim
stage_a_uci_v1,sar_complete,parameters_aux,0,ab,uci_internal_fixed,recoveries,3,8.5,0.5,"{""17"": 9.0, ""29"": 8.5, ""43"": 8.0}",same-panel seed variability; no CI or independence claim
stage_a_uci_v1,sar_complete,parameters_aux,0,ba,uci_internal_fixed,accuracy,3,0.8616536458333334,0.01817386048464565,"{""17"": 0.859375, ""29"": 0.8447265625, ""43"": 0.880859375}",same-panel seed variability; no CI or independence claim
stage_a_uci_v1,sar_complete,parameters_aux,0,ba,uci_internal_fixed,nll,3,0.5136921476014341,0.11348556001492818,"{""17"": 0.5037000013167998, ""29"": 0.6318433801107537, ""43"": 0.4055330613767488}",same-panel seed variability; no CI or independence claim
stage_a_uci_v1,sar_complete,parameters_aux,0,ba,uci_internal_fixed,brier,3,0.21403785842504322,0.03254013011244238,"{""17"": 0.21654437269545612, ""29"": 0.2452522483772659, ""43"": 0.18031695420240773}",same-panel seed variability; no CI or independence claim
stage_a_uci_v1,sar_complete,parameters_aux,0,ba,uci_internal_fixed,ece15,3,0.07898169428309054,0.015369733821777788,"{""17"": 0.08057571605142086, ""29"": 0.0934922971484249, ""43"": 0.06287706964942585}",same-panel seed variability; no CI or independence claim
stage_a_uci_v1,sar_complete,parameters_aux,0,ba,uci_internal_fixed,seconds,3,0.16898921666628053,0.017910354195170827,"{""17"": 0.14830899999651587, ""29"": 0.17916420000256034, ""43"": 0.17949444999976544}",same-panel seed variability; no CI or independence claim
stage_a_uci_v1,sar_complete,parameters_aux,0,ba,uci_internal_fixed,updates,3,16.0,0.0,"{""17"": 16.0, ""29"": 16.0, ""43"": 16.0}",same-panel seed variability; no CI or independence claim
stage_a_uci_v1,sar_complete,parameters_aux,0,ba,uci_internal_fixed,skipped,3,0.0,0.0,"{""17"": 0.0, ""29"": 0.0, ""43"": 0.0}",same-panel seed variability; no CI or independence claim
stage_a_uci_v1,sar_complete,parameters_aux,0,ba,uci_internal_fixed,recoveries,3,8.5,0.5,"{""17"": 9.0, ""29"": 8.5, ""43"": 8.0}",same-panel seed variability; no CI or independence claim
stage_a_uci_v1,sar_complete,parameters_aux,4,ab,uci_internal_fixed,accuracy,3,0.8616536458333334,0.01817386048464565,"{""17"": 0.859375, ""29"": 0.8447265625, ""43"": 0.880859375}",same-panel seed variability; no CI or independence claim
stage_a_uci_v1,sar_complete,parameters_aux,4,ab,uci_internal_fixed,nll,3,0.5136921476014341,0.11348556001492818,"{""17"": 0.5037000013167998, ""29"": 0.6318433801107537, ""43"": 0.4055330613767488}",same-panel seed variability; no CI or independence claim
stage_a_uci_v1,sar_complete,parameters_aux,4,ab,uci_internal_fixed,brier,3,0.21403785842504322,0.03254013011244238,"{""17"": 0.21654437269545612, ""29"": 0.2452522483772659, ""43"": 0.18031695420240773}",same-panel seed variability; no CI or independence claim
stage_a_uci_v1,sar_complete,parameters_aux,4,ab,uci_internal_fixed,ece15,3,0.07898169428309054,0.015369733821777788,"{""17"": 0.08057571605142086, ""29"": 0.0934922971484249, ""43"": 0.06287706964942585}",same-panel seed variability; no CI or independence claim
stage_a_uci_v1,sar_complete,parameters_aux,4,ab,uci_internal_fixed,seconds,3,0.18448610000147403,0.03867784174458203,"{""17"": 0.1716207500066957, ""29"": 0.15388044999417616, ""43"": 0.22795710000355024}",same-panel seed variability; no CI or independence claim
stage_a_uci_v1,sar_complete,parameters_aux,4,ab,uci_internal_fixed,updates,3,16.0,0.0,"{""17"": 16.0, ""29"": 16.0, ""43"": 16.0}",same-panel seed variability; no CI or independence claim
stage_a_uci_v1,sar_complete,parameters_aux,4,ab,uci_internal_fixed,skipped,3,0.0,0.0,"{""17"": 0.0, ""29"": 0.0, ""43"": 0.0}",same-panel seed variability; no CI or independence claim
stage_a_uci_v1,sar_complete,parameters_aux,4,ab,uci_internal_fixed,recoveries,3,8.5,0.5,"{""17"": 9.0, ""29"": 8.5, ""43"": 8.0}",same-panel seed variability; no CI or independence claim
stage_a_uci_v1,sar_complete,parameters_aux,4,ba,uci_internal_fixed,accuracy,3,0.8616536458333334,0.01817386048464565,"{""17"": 0.859375, ""29"": 0.8447265625, ""43"": 0.880859375}",same-panel seed variability; no CI or independence claim
stage_a_uci_v1,sar_complete,parameters_aux,4,ba,uci_internal_fixed,nll,3,0.5136921476014341,0.11348556001492818,"{""17"": 0.5037000013167998, ""29"": 0.6318433801107537, ""43"": 0.4055330613767488}",same-panel seed variability; no CI or independence claim
stage_a_uci_v1,sar_complete,parameters_aux,4,ba,uci_internal_fixed,brier,3,0.21403785842504322,0.03254013011244238,"{""17"": 0.21654437269545612, ""29"": 0.2452522483772659, ""43"": 0.18031695420240773}",same-panel seed variability; no CI or independence claim
stage_a_uci_v1,sar_complete,parameters_aux,4,ba,uci_internal_fixed,ece15,3,0.07898169428309054,0.015369733821777788,"{""17"": 0.08057571605142086, ""29"": 0.0934922971484249, ""43"": 0.06287706964942585}",same-panel seed variability; no CI or independence claim
stage_a_uci_v1,sar_complete,parameters_aux,4,ba,uci_internal_fixed,seconds,3,0.19210725000205753,0.07531533359586472,"{""17"": 0.15258710000489364, ""29"": 0.1447776999993948, ""43"": 0.2789569500018842}",same-panel seed variability; no CI or independence claim
stage_a_uci_v1,sar_complete,parameters_aux,4,ba,uci_internal_fixed,updates,3,16.0,0.0,"{""17"": 16.0, ""29"": 16.0, ""43"": 16.0}",same-panel seed variability; no CI or independence claim
stage_a_uci_v1,sar_complete,parameters_aux,4,ba,uci_internal_fixed,skipped,3,0.0,0.0,"{""17"": 0.0, ""29"": 0.0, ""43"": 0.0}",same-panel seed variability; no CI or independence claim
stage_a_uci_v1,sar_complete,parameters_aux,4,ba,uci_internal_fixed,recoveries,3,8.5,0.5,"{""17"": 9.0, ""29"": 8.5, ""43"": 8.0}",same-panel seed variability; no CI or independence claim
stage_a_uci_v1,sar_complete,parameters_optimizer,0,ab,uci_internal_fixed,accuracy,3,0.861328125,0.01824369305885684,"{""17"": 0.8583984375, ""29"": 0.8447265625, ""43"": 0.880859375}",same-panel seed variability; no CI or independence claim
stage_a_uci_v1,sar_complete,parameters_optimizer,0,ab,uci_internal_fixed,nll,3,0.5138874008871673,0.11261867652246746,"{""17"": 0.5041926299953787, ""29"": 0.6310400616530081, ""43"": 0.4064295110131153}",same-panel seed variability; no CI or independence claim
stage_a_uci_v1,sar_complete,parameters_optimizer,0,ab,uci_internal_fixed,brier,3,0.21414441401160808,0.03233703307208179,"{""17"": 0.21668722440920746, ""29"": 0.24513497239790819, ""43"": 0.18061104522770854}",same-panel seed variability; no CI or independence claim
stage_a_uci_v1,sar_complete,parameters_optimizer,0,ab,uci_internal_fixed,ece15,3,0.07925201419837379,0.01541960925422993,"{""17"": 0.0815261299385983, ""29"": 0.0934082766921714, ""43"": 0.06282163596435164}",same-panel seed variability; no CI or independence claim
stage_a_uci_v1,sar_complete,parameters_optimizer,0,ab,uci_internal_fixed,seconds,3,0.20556454999799215,0.05699833906187612,"{""17"": 0.27060604999860516, ""29"": 0.16432524999981973, ""43"": 0.1817623499955516}",same-panel seed variability; no CI or independence claim
stage_a_uci_v1,sar_complete,parameters_optimizer,0,ab,uci_internal_fixed,updates,3,16.0,0.0,"{""17"": 16.0, ""29"": 16.0, ""43"": 16.0}",same-panel seed variability; no CI or independence claim
stage_a_uci_v1,sar_complete,parameters_optimizer,0,ab,uci_internal_fixed,skipped,3,0.0,0.0,"{""17"": 0.0, ""29"": 0.0, ""43"": 0.0}",same-panel seed variability; no CI or independence claim
stage_a_uci_v1,sar_complete,parameters_optimizer,0,ab,uci_internal_fixed,recoveries,3,12.833333333333334,1.1547005383792517,"{""17"": 11.5, ""29"": 13.5, ""43"": 13.5}",same-panel seed variability; no CI or independence claim
stage_a_uci_v1,sar_complete,parameters_optimizer,0,ba,uci_internal_fixed,accuracy,3,0.861328125,0.01824369305885684,"{""17"": 0.8583984375, ""29"": 0.8447265625, ""43"": 0.880859375}",same-panel seed variability; no CI or independence claim
stage_a_uci_v1,sar_complete,parameters_optimizer,0,ba,uci_internal_fixed,nll,3,0.5138363516579386,0.11262809026990941,"{""17"": 0.5040345386930848, ""29"": 0.6310450052676158, ""43"": 0.4064295110131153}",same-panel seed variability; no CI or independence claim
stage_a_uci_v1,sar_complete,parameters_optimizer,0,ba,uci_internal_fixed,brier,3,0.21413123763172395,0.0323359430637571,"{""17"": 0.21664665975108302, ""29"": 0.2451360079163803, ""43"": 0.18061104522770854}",same-panel seed variability; no CI or independence claim
stage_a_uci_v1,sar_complete,parameters_optimizer,0,ba,uci_internal_fixed,ece15,3,0.07925275504696892,0.01541960783520598,"{""17"": 0.08152878177321685, ""29"": 0.0934078474033383, ""43"": 0.06282163596435164}",same-panel seed variability; no CI or independence claim
stage_a_uci_v1,sar_complete,parameters_optimizer,0,ba,uci_internal_fixed,seconds,3,0.17768906666848724,0.009166513103095502,"{""17"": 0.1838160499974037, ""29"": 0.1821002000069711, ""43"": 0.16715095000108698}",same-panel seed variability; no CI or independence claim
stage_a_uci_v1,sar_complete,parameters_optimizer,0,ba,uci_internal_fixed,updates,3,16.0,0.0,"{""17"": 16.0, ""29"": 16.0, ""43"": 16.0}",same-panel seed variability; no CI or independence claim
stage_a_uci_v1,sar_complete,parameters_optimizer,0,ba,uci_internal_fixed,skipped,3,0.0,0.0,"{""17"": 0.0, ""29"": 0.0, ""43"": 0.0}",same-panel seed variability; no CI or independence claim
stage_a_uci_v1,sar_complete,parameters_optimizer,0,ba,uci_internal_fixed,recoveries,3,12.333333333333334,1.6072751268321592,"{""17"": 10.5, ""29"": 13.0, ""43"": 13.5}",same-panel seed variability; no CI or independence claim
stage_a_uci_v1,sar_complete,parameters_optimizer,4,ab,uci_internal_fixed,accuracy,3,0.861328125,0.01824369305885684,"{""17"": 0.8583984375, ""29"": 0.8447265625, ""43"": 0.880859375}",same-panel seed variability; no CI or independence claim
stage_a_uci_v1,sar_complete,parameters_optimizer,4,ab,uci_internal_fixed,nll,3,0.5141057965680674,0.11312321986760208,"{""17"": 0.5037641486303785, ""29"": 0.6320447481779414, ""43"": 0.4065084928958825}",same-panel seed variability; no CI or independence claim
stage_a_uci_v1,sar_complete,parameters_optimizer,4,ab,uci_internal_fixed,brier,3,0.21417164845120007,0.032405771572171234,"{""17"": 0.21657729182921606, ""29"": 0.24530756036666548, ""43"": 0.1806300931577187}",same-panel seed variability; no CI or independence claim
stage_a_uci_v1,sar_complete,parameters_optimizer,4,ab,uci_internal_fixed,ece15,3,0.07928688614591352,0.015457964726247463,"{""17"": 0.08153867859604605, ""29"": 0.0934954526290433, ""43"": 0.0628265272126512}",same-panel seed variability; no CI or independence claim
stage_a_uci_v1,sar_complete,parameters_optimizer,4,ab,uci_internal_fixed,seconds,3,0.15368929999870787,0.024896801559539234,"{""17"": 0.14798445000633365, ""29"": 0.13214004999463208, ""43"": 0.1809433999951579}",same-panel seed variability; no CI or independence claim
stage_a_uci_v1,sar_complete,parameters_optimizer,4,ab,uci_internal_fixed,updates,3,16.0,0.0,"{""17"": 16.0, ""29"": 16.0, ""43"": 16.0}",same-panel seed variability; no CI or independence claim
stage_a_uci_v1,sar_complete,parameters_optimizer,4,ab,uci_internal_fixed,skipped,3,0.0,0.0,"{""17"": 0.0, ""29"": 0.0, ""43"": 0.0}",same-panel seed variability; no CI or independence claim
stage_a_uci_v1,sar_complete,parameters_optimizer,4,ab,uci_internal_fixed,recoveries,3,10.166666666666666,1.2583057392117918,"{""17"": 10.0, ""29"": 9.0, ""43"": 11.5}",same-panel seed variability; no CI or independence claim
stage_a_uci_v1,sar_complete,parameters_optimizer,4,ba,uci_internal_fixed,accuracy,3,0.8616536458333334,0.01817386048464565,"{""17"": 0.859375, ""29"": 0.8447265625, ""43"": 0.880859375}",same-panel seed variability; no CI or independence claim
stage_a_uci_v1,sar_complete,parameters_optimizer,4,ba,uci_internal_fixed,nll,3,0.5141350032858428,0.11311922602074764,"{""17"": 0.5038517687837049, ""29"": 0.6320447481779414, ""43"": 0.4065084928958825}",same-panel seed variability; no CI or independence claim
stage_a_uci_v1,sar_complete,parameters_optimizer,4,ba,uci_internal_fixed,brier,3,0.2141765961736135,0.03240632364207012,"{""17"": 0.21659213499645635, ""29"": 0.24530756036666548, ""43"": 0.1806300931577187}",same-panel seed variability; no CI or independence claim
stage_a_uci_v1,sar_complete,parameters_optimizer,4,ba,uci_internal_fixed,ece15,3,0.07896337537981624,0.015397311902515646,"{""17"": 0.0805681462977542, ""29"": 0.0934954526290433, ""43"": 0.0628265272126512}",same-panel seed variability; no CI or independence claim
stage_a_uci_v1,sar_complete,parameters_optimizer,4,ba,uci_internal_fixed,seconds,3,0.16988631666754372,0.024905906209065094,"{""17"": 0.18614150000212246, ""29"": 0.14121289999457076, ""43"": 0.1823045500059379}",same-panel seed variability; no CI or independence claim
stage_a_uci_v1,sar_complete,parameters_optimizer,4,ba,uci_internal_fixed,updates,3,16.0,0.0,"{""17"": 16.0, ""29"": 16.0, ""43"": 16.0}",same-panel seed variability; no CI or independence claim
stage_a_uci_v1,sar_complete,parameters_optimizer,4,ba,uci_internal_fixed,skipped,3,0.0,0.0,"{""17"": 0.0, ""29"": 0.0, ""43"": 0.0}",same-panel seed variability; no CI or independence claim
stage_a_uci_v1,sar_complete,parameters_optimizer,4,ba,uci_internal_fixed,recoveries,3,10.0,1.3228756555322954,"{""17"": 9.5, ""29"": 9.0, ""43"": 11.5}",same-panel seed variability; no CI or independence claim
stage_a_uci_v1,sar_complete,parameters_optimizer_aux,0,ab,uci_internal_fixed,accuracy,3,0.8616536458333334,0.01817386048464565,"{""17"": 0.859375, ""29"": 0.8447265625, ""43"": 0.880859375}",same-panel seed variability; no CI or independence claim
stage_a_uci_v1,sar_complete,parameters_optimizer_aux,0,ab,uci_internal_fixed,nll,3,0.5136921476014341,0.11348556001492818,"{""17"": 0.5037000013167998, ""29"": 0.6318433801107537, ""43"": 0.4055330613767488}",same-panel seed variability; no CI or independence claim
stage_a_uci_v1,sar_complete,parameters_optimizer_aux,0,ab,uci_internal_fixed,brier,3,0.21403785842504322,0.03254013011244238,"{""17"": 0.21654437269545612, ""29"": 0.2452522483772659, ""43"": 0.18031695420240773}",same-panel seed variability; no CI or independence claim
stage_a_uci_v1,sar_complete,parameters_optimizer_aux,0,ab,uci_internal_fixed,ece15,3,0.07898169428309054,0.015369733821777788,"{""17"": 0.08057571605142086, ""29"": 0.0934922971484249, ""43"": 0.06287706964942585}",same-panel seed variability; no CI or independence claim
stage_a_uci_v1,sar_complete,parameters_optimizer_aux,0,ab,uci_internal_fixed,seconds,3,0.18242748333432243,0.011418991795813195,"{""17"": 0.16931355000269832, ""29"": 0.19017270000040293, ""43"": 0.187796199999866}",same-panel seed variability; no CI or independence claim
stage_a_uci_v1,sar_complete,parameters_optimizer_aux,0,ab,uci_internal_fixed,updates,3,16.0,0.0,"{""17"": 16.0, ""29"": 16.0, ""43"": 16.0}",same-panel seed variability; no CI or independence claim
stage_a_uci_v1,sar_complete,parameters_optimizer_aux,0,ab,uci_internal_fixed,skipped,3,0.0,0.0,"{""17"": 0.0, ""29"": 0.0, ""43"": 0.0}",same-panel seed variability; no CI or independence claim
stage_a_uci_v1,sar_complete,parameters_optimizer_aux,0,ab,uci_internal_fixed,recoveries,3,8.5,0.5,"{""17"": 9.0, ""29"": 8.5, ""43"": 8.0}",same-panel seed variability; no CI or independence claim
stage_a_uci_v1,sar_complete,parameters_optimizer_aux,0,ba,uci_internal_fixed,accuracy,3,0.8616536458333334,0.01817386048464565,"{""17"": 0.859375, ""29"": 0.8447265625, ""43"": 0.880859375}",same-panel seed variability; no CI or independence claim
stage_a_uci_v1,sar_complete,parameters_optimizer_aux,0,ba,uci_internal_fixed,nll,3,0.5136921476014341,0.11348556001492818,"{""17"": 0.5037000013167998, ""29"": 0.6318433801107537, ""43"": 0.4055330613767488}",same-panel seed variability; no CI or independence claim
stage_a_uci_v1,sar_complete,parameters_optimizer_aux,0,ba,uci_internal_fixed,brier,3,0.21403785842504322,0.03254013011244238,"{""17"": 0.21654437269545612, ""29"": 0.2452522483772659, ""43"": 0.18031695420240773}",same-panel seed variability; no CI or independence claim
stage_a_uci_v1,sar_complete,parameters_optimizer_aux,0,ba,uci_internal_fixed,ece15,3,0.07898169428309054,0.015369733821777788,"{""17"": 0.08057571605142086, ""29"": 0.0934922971484249, ""43"": 0.06287706964942585}",same-panel seed variability; no CI or independence claim
stage_a_uci_v1,sar_complete,parameters_optimizer_aux,0,ba,uci_internal_fixed,seconds,3,0.3238442000001669,0.19129217132860737,"{""17"": 0.5417149000058998, ""29"": 0.24640429999999464, ""43"": 0.18341339999460615}",same-panel seed variability; no CI or independence claim
stage_a_uci_v1,sar_complete,parameters_optimizer_aux,0,ba,uci_internal_fixed,updates,3,16.0,0.0,"{""17"": 16.0, ""29"": 16.0, ""43"": 16.0}",same-panel seed variability; no CI or independence claim
stage_a_uci_v1,sar_complete,parameters_optimizer_aux,0,ba,uci_internal_fixed,skipped,3,0.0,0.0,"{""17"": 0.0, ""29"": 0.0, ""43"": 0.0}",same-panel seed variability; no CI or independence claim
stage_a_uci_v1,sar_complete,parameters_optimizer_aux,0,ba,uci_internal_fixed,recoveries,3,8.5,0.5,"{""17"": 9.0, ""29"": 8.5, ""43"": 8.0}",same-panel seed variability; no CI or independence claim
stage_a_uci_v1,sar_complete,parameters_optimizer_aux,4,ab,uci_internal_fixed,accuracy,3,0.8616536458333334,0.01817386048464565,"{""17"": 0.859375, ""29"": 0.8447265625, ""43"": 0.880859375}",same-panel seed variability; no CI or independence claim
stage_a_uci_v1,sar_complete,parameters_optimizer_aux,4,ab,uci_internal_fixed,nll,3,0.5136921476014341,0.11348556001492818,"{""17"": 0.5037000013167998, ""29"": 0.6318433801107537, ""43"": 0.4055330613767488}",same-panel seed variability; no CI or independence claim
stage_a_uci_v1,sar_complete,parameters_optimizer_aux,4,ab,uci_internal_fixed,brier,3,0.21403785842504322,0.03254013011244238,"{""17"": 0.21654437269545612, ""29"": 0.2452522483772659, ""43"": 0.18031695420240773}",same-panel seed variability; no CI or independence claim
stage_a_uci_v1,sar_complete,parameters_optimizer_aux,4,ab,uci_internal_fixed,ece15,3,0.07898169428309054,0.015369733821777788,"{""17"": 0.08057571605142086, ""29"": 0.0934922971484249, ""43"": 0.06287706964942585}",same-panel seed variability; no CI or independence claim
stage_a_uci_v1,sar_complete,parameters_optimizer_aux,4,ab,uci_internal_fixed,seconds,3,0.20723699999992581,0.04811414103668289,"{""17"": 0.16296220000367612, ""29"": 0.20030934999522285, ""43"": 0.2584394500008784}",same-panel seed variability; no CI or independence claim
stage_a_uci_v1,sar_complete,parameters_optimizer_aux,4,ab,uci_internal_fixed,updates,3,16.0,0.0,"{""17"": 16.0, ""29"": 16.0, ""43"": 16.0}",same-panel seed variability; no CI or independence claim
stage_a_uci_v1,sar_complete,parameters_optimizer_aux,4,ab,uci_internal_fixed,skipped,3,0.0,0.0,"{""17"": 0.0, ""29"": 0.0, ""43"": 0.0}",same-panel seed variability; no CI or independence claim
stage_a_uci_v1,sar_complete,parameters_optimizer_aux,4,ab,uci_internal_fixed,recoveries,3,8.5,0.5,"{""17"": 9.0, ""29"": 8.5, ""43"": 8.0}",same-panel seed variability; no CI or independence claim
stage_a_uci_v1,sar_complete,parameters_optimizer_aux,4,ba,uci_internal_fixed,accuracy,3,0.8616536458333334,0.01817386048464565,"{""17"": 0.859375, ""29"": 0.8447265625, ""43"": 0.880859375}",same-panel seed variability; no CI or independence claim
stage_a_uci_v1,sar_complete,parameters_optimizer_aux,4,ba,uci_internal_fixed,nll,3,0.5136921476014341,0.11348556001492818,"{""17"": 0.5037000013167998, ""29"": 0.6318433801107537, ""43"": 0.4055330613767488}",same-panel seed variability; no CI or independence claim
stage_a_uci_v1,sar_complete,parameters_optimizer_aux,4,ba,uci_internal_fixed,brier,3,0.21403785842504322,0.03254013011244238,"{""17"": 0.21654437269545612, ""29"": 0.2452522483772659, ""43"": 0.18031695420240773}",same-panel seed variability; no CI or independence claim
stage_a_uci_v1,sar_complete,parameters_optimizer_aux,4,ba,uci_internal_fixed,ece15,3,0.07898169428309054,0.015369733821777788,"{""17"": 0.08057571605142086, ""29"": 0.0934922971484249, ""43"": 0.06287706964942585}",same-panel seed variability; no CI or independence claim
stage_a_uci_v1,sar_complete,parameters_optimizer_aux,4,ba,uci_internal_fixed,seconds,3,0.24954144999598307,0.07663045411122618,"{""17"": 0.1646592999968561, ""29"": 0.31362719999742694, ""43"": 0.2703378499936661}",same-panel seed variability; no CI or independence claim
stage_a_uci_v1,sar_complete,parameters_optimizer_aux,4,ba,uci_internal_fixed,updates,3,16.0,0.0,"{""17"": 16.0, ""29"": 16.0, ""43"": 16.0}",same-panel seed variability; no CI or independence claim
stage_a_uci_v1,sar_complete,parameters_optimizer_aux,4,ba,uci_internal_fixed,skipped,3,0.0,0.0,"{""17"": 0.0, ""29"": 0.0, ""43"": 0.0}",same-panel seed variability; no CI or independence claim
stage_a_uci_v1,sar_complete,parameters_optimizer_aux,4,ba,uci_internal_fixed,recoveries,3,8.5,0.5,"{""17"": 9.0, ""29"": 8.5, ""43"": 8.0}",same-panel seed variability; no CI or independence claim
stage_a_uci_v1,source,all,0,ab,uci_internal_fixed,accuracy,3,0.8141276041666666,0.07347186211263586,"{""17"": 0.8681640625, ""29"": 0.84375, ""43"": 0.73046875}",same-panel seed variability; no CI or independence claim
stage_a_uci_v1,source,all,0,ab,uci_internal_fixed,nll,3,0.5518788783477077,0.18976800925636753,"{""17"": 0.39369090117525873, ""29"": 0.49965523580356414, ""43"": 0.7622904980643}",same-panel seed variability; no CI or independence claim
stage_a_uci_v1,source,all,0,ab,uci_internal_fixed,brier,3,0.2728537124476949,0.10378698314630713,"{""17"": 0.19237211218524314, ""29"": 0.2361934600178015, ""43"": 0.3899955651400401}",same-panel seed variability; no CI or independence claim
stage_a_uci_v1,source,all,0,ab,uci_internal_fixed,ece15,3,0.07707458931621847,0.06348262202492029,"{""17"": 0.04125574814589005, ""29"": 0.03959627423661675, ""43"": 0.1503717455661486}",same-panel seed variability; no CI or independence claim
stage_a_uci_v1,source,all,0,ab,uci_internal_fixed,seconds,3,0.027325366667355383,0.0052265059899933046,"{""17"": 0.02138325000123585, ""29"": 0.0293827499990584, ""43"": 0.0312101000017719}",same-panel seed variability; no CI or independence claim
stage_a_uci_v1,source,all,0,ab,uci_internal_fixed,updates,3,0.0,0.0,"{""17"": 0.0, ""29"": 0.0, ""43"": 0.0}",same-panel seed variability; no CI or independence claim
stage_a_uci_v1,source,all,0,ab,uci_internal_fixed,skipped,3,0.0,0.0,"{""17"": 0.0, ""29"": 0.0, ""43"": 0.0}",same-panel seed variability; no CI or independence claim
stage_a_uci_v1,source,all,0,ab,uci_internal_fixed,recoveries,3,0.0,0.0,"{""17"": 0.0, ""29"": 0.0, ""43"": 0.0}",same-panel seed variability; no CI or independence claim
stage_a_uci_v1,source,all,0,ba,uci_internal_fixed,accuracy,3,0.8141276041666666,0.07347186211263586,"{""17"": 0.8681640625, ""29"": 0.84375, ""43"": 0.73046875}",same-panel seed variability; no CI or independence claim
stage_a_uci_v1,source,all,0,ba,uci_internal_fixed,nll,3,0.5518788783477077,0.18976800925636753,"{""17"": 0.39369090117525873, ""29"": 0.49965523580356414, ""43"": 0.7622904980643}",same-panel seed variability; no CI or independence claim
stage_a_uci_v1,source,all,0,ba,uci_internal_fixed,brier,3,0.2728537124476949,0.10378698314630713,"{""17"": 0.19237211218524314, ""29"": 0.2361934600178015, ""43"": 0.3899955651400401}",same-panel seed variability; no CI or independence claim
stage_a_uci_v1,source,all,0,ba,uci_internal_fixed,ece15,3,0.07707458931621847,0.06348262202492029,"{""17"": 0.04125574814589005, ""29"": 0.03959627423661675, ""43"": 0.1503717455661486}",same-panel seed variability; no CI or independence claim
stage_a_uci_v1,source,all,0,ba,uci_internal_fixed,seconds,3,0.025738149995352868,0.00504205474325775,"{""17"": 0.02014124999550395, ""29"": 0.0271479499933775, ""43"": 0.029925249997177147}",same-panel seed variability; no CI or independence claim
stage_a_uci_v1,source,all,0,ba,uci_internal_fixed,updates,3,0.0,0.0,"{""17"": 0.0, ""29"": 0.0, ""43"": 0.0}",same-panel seed variability; no CI or independence claim
stage_a_uci_v1,source,all,0,ba,uci_internal_fixed,skipped,3,0.0,0.0,"{""17"": 0.0, ""29"": 0.0, ""43"": 0.0}",same-panel seed variability; no CI or independence claim
stage_a_uci_v1,source,all,0,ba,uci_internal_fixed,recoveries,3,0.0,0.0,"{""17"": 0.0, ""29"": 0.0, ""43"": 0.0}",same-panel seed variability; no CI or independence claim
stage_a_uci_v1,source,all,4,ab,uci_internal_fixed,accuracy,3,0.8141276041666666,0.07347186211263586,"{""17"": 0.8681640625, ""29"": 0.84375, ""43"": 0.73046875}",same-panel seed variability; no CI or independence claim
stage_a_uci_v1,source,all,4,ab,uci_internal_fixed,nll,3,0.5518788783477077,0.18976800925636753,"{""17"": 0.39369090117525873, ""29"": 0.49965523580356414, ""43"": 0.7622904980643}",same-panel seed variability; no CI or independence claim
stage_a_uci_v1,source,all,4,ab,uci_internal_fixed,brier,3,0.2728537124476949,0.10378698314630713,"{""17"": 0.19237211218524314, ""29"": 0.2361934600178015, ""43"": 0.3899955651400401}",same-panel seed variability; no CI or independence claim
stage_a_uci_v1,source,all,4,ab,uci_internal_fixed,ece15,3,0.07707458931621847,0.06348262202492029,"{""17"": 0.04125574814589005, ""29"": 0.03959627423661675, ""43"": 0.1503717455661486}",same-panel seed variability; no CI or independence claim
stage_a_uci_v1,source,all,4,ab,uci_internal_fixed,seconds,3,0.02805710000393442,0.005005794005501177,"{""17"": 0.0223151500031235, ""29"": 0.031502950005233246, ""43"": 0.030353200003446504}",same-panel seed variability; no CI or independence claim
stage_a_uci_v1,source,all,4,ab,uci_internal_fixed,updates,3,0.0,0.0,"{""17"": 0.0, ""29"": 0.0, ""43"": 0.0}",same-panel seed variability; no CI or independence claim
stage_a_uci_v1,source,all,4,ab,uci_internal_fixed,skipped,3,0.0,0.0,"{""17"": 0.0, ""29"": 0.0, ""43"": 0.0}",same-panel seed variability; no CI or independence claim
stage_a_uci_v1,source,all,4,ab,uci_internal_fixed,recoveries,3,0.0,0.0,"{""17"": 0.0, ""29"": 0.0, ""43"": 0.0}",same-panel seed variability; no CI or independence claim
stage_a_uci_v1,source,all,4,ba,uci_internal_fixed,accuracy,3,0.8141276041666666,0.07347186211263586,"{""17"": 0.8681640625, ""29"": 0.84375, ""43"": 0.73046875}",same-panel seed variability; no CI or independence claim
stage_a_uci_v1,source,all,4,ba,uci_internal_fixed,nll,3,0.5518788783477077,0.18976800925636753,"{""17"": 0.39369090117525873, ""29"": 0.49965523580356414, ""43"": 0.7622904980643}",same-panel seed variability; no CI or independence claim
stage_a_uci_v1,source,all,4,ba,uci_internal_fixed,brier,3,0.2728537124476949,0.10378698314630713,"{""17"": 0.19237211218524314, ""29"": 0.2361934600178015, ""43"": 0.3899955651400401}",same-panel seed variability; no CI or independence claim
stage_a_uci_v1,source,all,4,ba,uci_internal_fixed,ece15,3,0.07707458931621847,0.06348262202492029,"{""17"": 0.04125574814589005, ""29"": 0.03959627423661675, ""43"": 0.1503717455661486}",same-panel seed variability; no CI or independence claim
stage_a_uci_v1,source,all,4,ba,uci_internal_fixed,seconds,3,0.027334066665692533,0.004759677127817402,"{""17"": 0.0218616499987547, ""29"": 0.02962979999574595, ""43"": 0.03051075000257695}",same-panel seed variability; no CI or independence claim
stage_a_uci_v1,source,all,4,ba,uci_internal_fixed,updates,3,0.0,0.0,"{""17"": 0.0, ""29"": 0.0, ""43"": 0.0}",same-panel seed variability; no CI or independence claim
stage_a_uci_v1,source,all,4,ba,uci_internal_fixed,skipped,3,0.0,0.0,"{""17"": 0.0, ""29"": 0.0, ""43"": 0.0}",same-panel seed variability; no CI or independence claim
stage_a_uci_v1,source,all,4,ba,uci_internal_fixed,recoveries,3,0.0,0.0,"{""17"": 0.0, ""29"": 0.0, ""43"": 0.0}",same-panel seed variability; no CI or independence claim
stage_a_uci_v1,source,none,0,ab,uci_internal_fixed,accuracy,3,0.8141276041666666,0.07347186211263586,"{""17"": 0.8681640625, ""29"": 0.84375, ""43"": 0.73046875}",same-panel seed variability; no CI or independence claim
stage_a_uci_v1,source,none,0,ab,uci_internal_fixed,nll,3,0.5518788783477077,0.18976800925636753,"{""17"": 0.39369090117525873, ""29"": 0.49965523580356414, ""43"": 0.7622904980643}",same-panel seed variability; no CI or independence claim
stage_a_uci_v1,source,none,0,ab,uci_internal_fixed,brier,3,0.2728537124476949,0.10378698314630713,"{""17"": 0.19237211218524314, ""29"": 0.2361934600178015, ""43"": 0.3899955651400401}",same-panel seed variability; no CI or independence claim
stage_a_uci_v1,source,none,0,ab,uci_internal_fixed,ece15,3,0.07707458931621847,0.06348262202492029,"{""17"": 0.04125574814589005, ""29"": 0.03959627423661675, ""43"": 0.1503717455661486}",same-panel seed variability; no CI or independence claim
stage_a_uci_v1,source,none,0,ab,uci_internal_fixed,seconds,3,0.03958650000034438,0.002310448914701353,"{""17"": 0.0388731499988352, ""29"": 0.042169500004092655, ""43"": 0.037716849998105303}",same-panel seed variability; no CI or independence claim
stage_a_uci_v1,source,none,0,ab,uci_internal_fixed,updates,3,0.0,0.0,"{""17"": 0.0, ""29"": 0.0, ""43"": 0.0}",same-panel seed variability; no CI or independence claim
stage_a_uci_v1,source,none,0,ab,uci_internal_fixed,skipped,3,0.0,0.0,"{""17"": 0.0, ""29"": 0.0, ""43"": 0.0}",same-panel seed variability; no CI or independence claim
stage_a_uci_v1,source,none,0,ab,uci_internal_fixed,recoveries,3,0.0,0.0,"{""17"": 0.0, ""29"": 0.0, ""43"": 0.0}",same-panel seed variability; no CI or independence claim
stage_a_uci_v1,source,none,0,ba,uci_internal_fixed,accuracy,3,0.8141276041666666,0.07347186211263586,"{""17"": 0.8681640625, ""29"": 0.84375, ""43"": 0.73046875}",same-panel seed variability; no CI or independence claim
stage_a_uci_v1,source,none,0,ba,uci_internal_fixed,nll,3,0.5518788783477077,0.18976800925636753,"{""17"": 0.39369090117525873, ""29"": 0.49965523580356414, ""43"": 0.7622904980643}",same-panel seed variability; no CI or independence claim
stage_a_uci_v1,source,none,0,ba,uci_internal_fixed,brier,3,0.2728537124476949,0.10378698314630713,"{""17"": 0.19237211218524314, ""29"": 0.2361934600178015, ""43"": 0.3899955651400401}",same-panel seed variability; no CI or independence claim
stage_a_uci_v1,source,none,0,ba,uci_internal_fixed,ece15,3,0.07707458931621847,0.06348262202492029,"{""17"": 0.04125574814589005, ""29"": 0.03959627423661675, ""43"": 0.1503717455661486}",same-panel seed variability; no CI or independence claim
stage_a_uci_v1,source,none,0,ba,uci_internal_fixed,seconds,3,0.02711975000177815,0.005331427788687375,"{""17"": 0.02111549999972335, ""29"": 0.03129910000279775, ""43"": 0.02894465000281335}",same-panel seed variability; no CI or independence claim
stage_a_uci_v1,source,none,0,ba,uci_internal_fixed,updates,3,0.0,0.0,"{""17"": 0.0, ""29"": 0.0, ""43"": 0.0}",same-panel seed variability; no CI or independence claim
stage_a_uci_v1,source,none,0,ba,uci_internal_fixed,skipped,3,0.0,0.0,"{""17"": 0.0, ""29"": 0.0, ""43"": 0.0}",same-panel seed variability; no CI or independence claim
stage_a_uci_v1,source,none,0,ba,uci_internal_fixed,recoveries,3,0.0,0.0,"{""17"": 0.0, ""29"": 0.0, ""43"": 0.0}",same-panel seed variability; no CI or independence claim
stage_a_uci_v1,source,none,4,ab,uci_internal_fixed,accuracy,3,0.8141276041666666,0.07347186211263586,"{""17"": 0.8681640625, ""29"": 0.84375, ""43"": 0.73046875}",same-panel seed variability; no CI or independence claim
stage_a_uci_v1,source,none,4,ab,uci_internal_fixed,nll,3,0.5518788783477077,0.18976800925636753,"{""17"": 0.39369090117525873, ""29"": 0.49965523580356414, ""43"": 0.7622904980643}",same-panel seed variability; no CI or independence claim
stage_a_uci_v1,source,none,4,ab,uci_internal_fixed,brier,3,0.2728537124476949,0.10378698314630713,"{""17"": 0.19237211218524314, ""29"": 0.2361934600178015, ""43"": 0.3899955651400401}",same-panel seed variability; no CI or independence claim
stage_a_uci_v1,source,none,4,ab,uci_internal_fixed,ece15,3,0.07707458931621847,0.06348262202492029,"{""17"": 0.04125574814589005, ""29"": 0.03959627423661675, ""43"": 0.1503717455661486}",same-panel seed variability; no CI or independence claim
stage_a_uci_v1,source,none,4,ab,uci_internal_fixed,seconds,3,0.02657298332875745,0.004251334544608527,"{""17"": 0.02166854999813945, ""29"": 0.02920889999222705, ""43"": 0.02884149999590585}",same-panel seed variability; no CI or independence claim
stage_a_uci_v1,source,none,4,ab,uci_internal_fixed,updates,3,0.0,0.0,"{""17"": 0.0, ""29"": 0.0, ""43"": 0.0}",same-panel seed variability; no CI or independence claim
stage_a_uci_v1,source,none,4,ab,uci_internal_fixed,skipped,3,0.0,0.0,"{""17"": 0.0, ""29"": 0.0, ""43"": 0.0}",same-panel seed variability; no CI or independence claim
stage_a_uci_v1,source,none,4,ab,uci_internal_fixed,recoveries,3,0.0,0.0,"{""17"": 0.0, ""29"": 0.0, ""43"": 0.0}",same-panel seed variability; no CI or independence claim
stage_a_uci_v1,source,none,4,ba,uci_internal_fixed,accuracy,3,0.8141276041666666,0.07347186211263586,"{""17"": 0.8681640625, ""29"": 0.84375, ""43"": 0.73046875}",same-panel seed variability; no CI or independence claim
stage_a_uci_v1,source,none,4,ba,uci_internal_fixed,nll,3,0.5518788783477077,0.18976800925636753,"{""17"": 0.39369090117525873, ""29"": 0.49965523580356414, ""43"": 0.7622904980643}",same-panel seed variability; no CI or independence claim
stage_a_uci_v1,source,none,4,ba,uci_internal_fixed,brier,3,0.2728537124476949,0.10378698314630713,"{""17"": 0.19237211218524314, ""29"": 0.2361934600178015, ""43"": 0.3899955651400401}",same-panel seed variability; no CI or independence claim
stage_a_uci_v1,source,none,4,ba,uci_internal_fixed,ece15,3,0.07707458931621847,0.06348262202492029,"{""17"": 0.04125574814589005, ""29"": 0.03959627423661675, ""43"": 0.1503717455661486}",same-panel seed variability; no CI or independence claim
stage_a_uci_v1,source,none,4,ba,uci_internal_fixed,seconds,3,0.0270340666659952,0.004458651181075863,"{""17"": 0.021903549997659852, ""29"": 0.029227949999039948, ""43"": 0.0299707000012858}",same-panel seed variability; no CI or independence claim
stage_a_uci_v1,source,none,4,ba,uci_internal_fixed,updates,3,0.0,0.0,"{""17"": 0.0, ""29"": 0.0, ""43"": 0.0}",same-panel seed variability; no CI or independence claim
stage_a_uci_v1,source,none,4,ba,uci_internal_fixed,skipped,3,0.0,0.0,"{""17"": 0.0, ""29"": 0.0, ""43"": 0.0}",same-panel seed variability; no CI or independence claim
stage_a_uci_v1,source,none,4,ba,uci_internal_fixed,recoveries,3,0.0,0.0,"{""17"": 0.0, ""29"": 0.0, ""43"": 0.0}",same-panel seed variability; no CI or independence claim
stage_a_uci_v1,tent,all,0,ab,uci_internal_fixed,accuracy,3,0.8616536458333334,0.01817386048464565,"{""17"": 0.859375, ""29"": 0.8447265625, ""43"": 0.880859375}",same-panel seed variability; no CI or independence claim
stage_a_uci_v1,tent,all,0,ab,uci_internal_fixed,nll,3,0.5141457317600596,0.11401331650864832,"{""17"": 0.5038094188406126, ""29"": 0.6329752572847591, ""43"": 0.4056525191548072}",same-panel seed variability; no CI or independence claim
stage_a_uci_v1,tent,all,0,ab,uci_internal_fixed,brier,3,0.21414177940910126,0.03264660806145098,"{""17"": 0.21656771148689508, ""29"": 0.24550775070835953, ""43"": 0.1803498760320491}",same-panel seed variability; no CI or independence claim
stage_a_uci_v1,tent,all,0,ab,uci_internal_fixed,ece15,3,0.07899930300355357,0.015389981740626021,"{""17"": 0.08059263206845049, ""29"": 0.09353063621526654, ""43"": 0.06287464072694365}",same-panel seed variability; no CI or independence claim
stage_a_uci_v1,tent,all,0,ab,uci_internal_fixed,seconds,3,0.10044646666453137,0.026730865005710373,"{""17"": 0.07034930000372691, ""29"": 0.10956549999536941, ""43"": 0.1214245999944978}",same-panel seed variability; no CI or independence claim
stage_a_uci_v1,tent,all,0,ab,uci_internal_fixed,updates,3,16.0,0.0,"{""17"": 16.0, ""29"": 16.0, ""43"": 16.0}",same-panel seed variability; no CI or independence claim
stage_a_uci_v1,tent,all,0,ab,uci_internal_fixed,skipped,3,0.0,0.0,"{""17"": 0.0, ""29"": 0.0, ""43"": 0.0}",same-panel seed variability; no CI or independence claim
stage_a_uci_v1,tent,all,0,ab,uci_internal_fixed,recoveries,3,0.0,0.0,"{""17"": 0.0, ""29"": 0.0, ""43"": 0.0}",same-panel seed variability; no CI or independence claim
stage_a_uci_v1,tent,all,0,ba,uci_internal_fixed,accuracy,3,0.8616536458333334,0.01817386048464565,"{""17"": 0.859375, ""29"": 0.8447265625, ""43"": 0.880859375}",same-panel seed variability; no CI or independence claim
stage_a_uci_v1,tent,all,0,ba,uci_internal_fixed,nll,3,0.5141457317600596,0.11401331650864832,"{""17"": 0.5038094188406126, ""29"": 0.6329752572847591, ""43"": 0.4056525191548072}",same-panel seed variability; no CI or independence claim
stage_a_uci_v1,tent,all,0,ba,uci_internal_fixed,brier,3,0.21414177940910126,0.03264660806145098,"{""17"": 0.21656771148689508, ""29"": 0.24550775070835953, ""43"": 0.1803498760320491}",same-panel seed variability; no CI or independence claim
stage_a_uci_v1,tent,all,0,ba,uci_internal_fixed,ece15,3,0.07899930300355357,0.015389981740626021,"{""17"": 0.08059263206845049, ""29"": 0.09353063621526654, ""43"": 0.06287464072694365}",same-panel seed variability; no CI or independence claim
stage_a_uci_v1,tent,all,0,ba,uci_internal_fixed,seconds,3,0.08827614999609062,0.01837716032326972,"{""17"": 0.07090859999152595, ""29"": 0.10751909999817139, ""43"": 0.08640074999857456}",same-panel seed variability; no CI or independence claim
stage_a_uci_v1,tent,all,0,ba,uci_internal_fixed,updates,3,16.0,0.0,"{""17"": 16.0, ""29"": 16.0, ""43"": 16.0}",same-panel seed variability; no CI or independence claim
stage_a_uci_v1,tent,all,0,ba,uci_internal_fixed,skipped,3,0.0,0.0,"{""17"": 0.0, ""29"": 0.0, ""43"": 0.0}",same-panel seed variability; no CI or independence claim
stage_a_uci_v1,tent,all,0,ba,uci_internal_fixed,recoveries,3,0.0,0.0,"{""17"": 0.0, ""29"": 0.0, ""43"": 0.0}",same-panel seed variability; no CI or independence claim
stage_a_uci_v1,tent,all,4,ab,uci_internal_fixed,accuracy,3,0.8616536458333334,0.01817386048464565,"{""17"": 0.859375, ""29"": 0.8447265625, ""43"": 0.880859375}",same-panel seed variability; no CI or independence claim
stage_a_uci_v1,tent,all,4,ab,uci_internal_fixed,nll,3,0.5141457317600596,0.11401331650864832,"{""17"": 0.5038094188406126, ""29"": 0.6329752572847591, ""43"": 0.4056525191548072}",same-panel seed variability; no CI or independence claim
stage_a_uci_v1,tent,all,4,ab,uci_internal_fixed,brier,3,0.21414177940910126,0.03264660806145098,"{""17"": 0.21656771148689508, ""29"": 0.24550775070835953, ""43"": 0.1803498760320491}",same-panel seed variability; no CI or independence claim
stage_a_uci_v1,tent,all,4,ab,uci_internal_fixed,ece15,3,0.07899930300355357,0.015389981740626021,"{""17"": 0.08059263206845049, ""29"": 0.09353063621526654, ""43"": 0.06287464072694365}",same-panel seed variability; no CI or independence claim
stage_a_uci_v1,tent,all,4,ab,uci_internal_fixed,seconds,3,0.08065711667101515,0.006895110708790598,"{""17"": 0.072698850010056, ""29"": 0.08443120000447375, ""43"": 0.0848412999985157}",same-panel seed variability; no CI or independence claim
stage_a_uci_v1,tent,all,4,ab,uci_internal_fixed,updates,3,16.0,0.0,"{""17"": 16.0, ""29"": 16.0, ""43"": 16.0}",same-panel seed variability; no CI or independence claim
stage_a_uci_v1,tent,all,4,ab,uci_internal_fixed,skipped,3,0.0,0.0,"{""17"": 0.0, ""29"": 0.0, ""43"": 0.0}",same-panel seed variability; no CI or independence claim
stage_a_uci_v1,tent,all,4,ab,uci_internal_fixed,recoveries,3,0.0,0.0,"{""17"": 0.0, ""29"": 0.0, ""43"": 0.0}",same-panel seed variability; no CI or independence claim
stage_a_uci_v1,tent,all,4,ba,uci_internal_fixed,accuracy,3,0.8616536458333334,0.01817386048464565,"{""17"": 0.859375, ""29"": 0.8447265625, ""43"": 0.880859375}",same-panel seed variability; no CI or independence claim
stage_a_uci_v1,tent,all,4,ba,uci_internal_fixed,nll,3,0.5141457317600596,0.11401331650864832,"{""17"": 0.5038094188406126, ""29"": 0.6329752572847591, ""43"": 0.4056525191548072}",same-panel seed variability; no CI or independence claim
stage_a_uci_v1,tent,all,4,ba,uci_internal_fixed,brier,3,0.21414177940910126,0.03264660806145098,"{""17"": 0.21656771148689508, ""29"": 0.24550775070835953, ""43"": 0.1803498760320491}",same-panel seed variability; no CI or independence claim
stage_a_uci_v1,tent,all,4,ba,uci_internal_fixed,ece15,3,0.07899930300355357,0.015389981740626021,"{""17"": 0.08059263206845049, ""29"": 0.09353063621526654, ""43"": 0.06287464072694365}",same-panel seed variability; no CI or independence claim
stage_a_uci_v1,tent,all,4,ba,uci_internal_fixed,seconds,3,0.07911655000013218,0.00119424074863599,"{""17"": 0.0794771999935619, ""29"": 0.0800889000020106, ""43"": 0.07778355000482405}",same-panel seed variability; no CI or independence claim
stage_a_uci_v1,tent,all,4,ba,uci_internal_fixed,updates,3,16.0,0.0,"{""17"": 16.0, ""29"": 16.0, ""43"": 16.0}",same-panel seed variability; no CI or independence claim
stage_a_uci_v1,tent,all,4,ba,uci_internal_fixed,skipped,3,0.0,0.0,"{""17"": 0.0, ""29"": 0.0, ""43"": 0.0}",same-panel seed variability; no CI or independence claim
stage_a_uci_v1,tent,all,4,ba,uci_internal_fixed,recoveries,3,0.0,0.0,"{""17"": 0.0, ""29"": 0.0, ""43"": 0.0}",same-panel seed variability; no CI or independence claim
stage_a_uci_v1,tent,aux,0,ab,uci_internal_fixed,accuracy,3,0.8619791666666666,0.018121309452756224,"{""17"": 0.8603515625, ""29"": 0.8447265625, ""43"": 0.880859375}",same-panel seed variability; no CI or independence claim
stage_a_uci_v1,tent,aux,0,ab,uci_internal_fixed,nll,3,0.513930715797977,0.11357604119185179,"{""17"": 0.5033290309695039, ""29"": 0.6324358882615164, ""43"": 0.4060272281629106}",same-panel seed variability; no CI or independence claim
stage_a_uci_v1,tent,aux,0,ab,uci_internal_fixed,brier,3,0.21406790651952337,0.0325313374117835,"{""17"": 0.2164064086256196, ""29"": 0.24536689332633063, ""43"": 0.18043041760661999}",same-panel seed variability; no CI or independence claim
stage_a_uci_v1,tent,aux,0,ab,uci_internal_fixed,ece15,3,0.07934603479537095,0.01530722889251108,"{""17"": 0.08018694152575101, ""29"": 0.0942154772202387, ""43"": 0.0636356856401231}",same-panel seed variability; no CI or independence claim
stage_a_uci_v1,tent,aux,0,ab,uci_internal_fixed,seconds,3,0.08398201667053697,0.014419813664477843,"{""17"": 0.08275919999869069, ""29"": 0.07021255001018284, ""43"": 0.0989743000027374}",same-panel seed variability; no CI or independence claim
stage_a_uci_v1,tent,aux,0,ab,uci_internal_fixed,updates,3,16.0,0.0,"{""17"": 16.0, ""29"": 16.0, ""43"": 16.0}",same-panel seed variability; no CI or independence claim
stage_a_uci_v1,tent,aux,0,ab,uci_internal_fixed,skipped,3,0.0,0.0,"{""17"": 0.0, ""29"": 0.0, ""43"": 0.0}",same-panel seed variability; no CI or independence claim
stage_a_uci_v1,tent,aux,0,ab,uci_internal_fixed,recoveries,3,0.0,0.0,"{""17"": 0.0, ""29"": 0.0, ""43"": 0.0}",same-panel seed variability; no CI or independence claim
stage_a_uci_v1,tent,aux,0,ba,uci_internal_fixed,accuracy,3,0.8616536458333334,0.01817386048464565,"{""17"": 0.859375, ""29"": 0.8447265625, ""43"": 0.880859375}",same-panel seed variability; no CI or independence claim
stage_a_uci_v1,tent,aux,0,ba,uci_internal_fixed,nll,3,0.5139045547439034,0.11360542099717896,"{""17"": 0.5033519807094681, ""29"": 0.6324180885745352, ""43"": 0.4059435949477067}",same-panel seed variability; no CI or independence claim
stage_a_uci_v1,tent,aux,0,ba,uci_internal_fixed,brier,3,0.2140656711041514,0.03254514286828469,"{""17"": 0.2164203477169167, ""29"": 0.2453695265543725, ""43"": 0.180407139041165}",same-panel seed variability; no CI or independence claim
stage_a_uci_v1,tent,aux,0,ba,uci_internal_fixed,ece15,3,0.07949729254838155,0.015330175101009574,"{""17"": 0.08066415532717605, ""29"": 0.09421069390531489, ""43"": 0.06361702841265371}",same-panel seed variability; no CI or independence claim
stage_a_uci_v1,tent,aux,0,ba,uci_internal_fixed,seconds,3,0.08369866666907905,0.015890623125434048,"{""17"": 0.0763151500068488, ""29"": 0.0728431000025011, ""43"": 0.10193774999788724}",same-panel seed variability; no CI or independence claim
stage_a_uci_v1,tent,aux,0,ba,uci_internal_fixed,updates,3,16.0,0.0,"{""17"": 16.0, ""29"": 16.0, ""43"": 16.0}",same-panel seed variability; no CI or independence claim
stage_a_uci_v1,tent,aux,0,ba,uci_internal_fixed,skipped,3,0.0,0.0,"{""17"": 0.0, ""29"": 0.0, ""43"": 0.0}",same-panel seed variability; no CI or independence claim
stage_a_uci_v1,tent,aux,0,ba,uci_internal_fixed,recoveries,3,0.0,0.0,"{""17"": 0.0, ""29"": 0.0, ""43"": 0.0}",same-panel seed variability; no CI or independence claim
stage_a_uci_v1,tent,aux,4,ab,uci_internal_fixed,accuracy,3,0.8623046875,0.0180861906029806,"{""17"": 0.861328125, ""29"": 0.8447265625, ""43"": 0.880859375}",same-panel seed variability; no CI or independence claim
stage_a_uci_v1,tent,aux,4,ab,uci_internal_fixed,nll,3,0.5144152186027519,0.11532849498531401,"{""17"": 0.5031103634542742, ""29"": 0.6349798384941314, ""43"": 0.4051554538598498}",same-panel seed variability; no CI or independence claim
stage_a_uci_v1,tent,aux,4,ab,uci_internal_fixed,brier,3,0.21412238750003545,0.03294291999406639,"{""17"": 0.21632614900073266, ""29"": 0.24590809641769834, ""43"": 0.18013291708167545}",same-panel seed variability; no CI or independence claim
stage_a_uci_v1,tent,aux,4,ab,uci_internal_fixed,ece15,3,0.0791961374745065,0.01467777151608807,"{""17"": 0.08104205295830551, ""29"": 0.09286363632924885, ""43"": 0.06368272313596515}",same-panel seed variability; no CI or independence claim
stage_a_uci_v1,tent,aux,4,ab,uci_internal_fixed,seconds,3,0.09081638333494384,0.020623139760302663,"{""17"": 0.08085240000218614, ""29"": 0.0770673000006354, ""43"": 0.11452945000200995}",same-panel seed variability; no CI or independence claim
stage_a_uci_v1,tent,aux,4,ab,uci_internal_fixed,updates,3,16.0,0.0,"{""17"": 16.0, ""29"": 16.0, ""43"": 16.0}",same-panel seed variability; no CI or independence claim
stage_a_uci_v1,tent,aux,4,ab,uci_internal_fixed,skipped,3,0.0,0.0,"{""17"": 0.0, ""29"": 0.0, ""43"": 0.0}",same-panel seed variability; no CI or independence claim
stage_a_uci_v1,tent,aux,4,ab,uci_internal_fixed,recoveries,3,0.0,0.0,"{""17"": 0.0, ""29"": 0.0, ""43"": 0.0}",same-panel seed variability; no CI or independence claim
stage_a_uci_v1,tent,aux,4,ba,uci_internal_fixed,accuracy,3,0.8623046875,0.0180861906029806,"{""17"": 0.861328125, ""29"": 0.8447265625, ""43"": 0.880859375}",same-panel seed variability; no CI or independence claim
stage_a_uci_v1,tent,aux,4,ba,uci_internal_fixed,nll,3,0.5143979326361886,0.11534579383222236,"{""17"": 0.5031273246395818, ""29"": 0.6349653131028378, ""43"": 0.4051011601661464}",same-panel seed variability; no CI or independence claim
stage_a_uci_v1,tent,aux,4,ba,uci_internal_fixed,brier,3,0.2141207995192341,0.03295128988529642,"{""17"": 0.21633570552013445, ""29"": 0.24590875879253754, ""43"": 0.1801179342450303}",same-panel seed variability; no CI or independence claim
stage_a_uci_v1,tent,aux,4,ba,uci_internal_fixed,ece15,3,0.0791877265102701,0.014680549113333363,"{""17"": 0.0810362302589976, ""29"": 0.09285647973037535, ""43"": 0.06367046954143735}",same-panel seed variability; no CI or independence claim
stage_a_uci_v1,tent,aux,4,ba,uci_internal_fixed,seconds,3,0.10114051666459994,0.027049116664660727,"{""17"": 0.07141834999492849, ""29"": 0.12431419999484206, ""43"": 0.1076890000040293}",same-panel seed variability; no CI or independence claim
stage_a_uci_v1,tent,aux,4,ba,uci_internal_fixed,updates,3,16.0,0.0,"{""17"": 16.0, ""29"": 16.0, ""43"": 16.0}",same-panel seed variability; no CI or independence claim
stage_a_uci_v1,tent,aux,4,ba,uci_internal_fixed,skipped,3,0.0,0.0,"{""17"": 0.0, ""29"": 0.0, ""43"": 0.0}",same-panel seed variability; no CI or independence claim
stage_a_uci_v1,tent,aux,4,ba,uci_internal_fixed,recoveries,3,0.0,0.0,"{""17"": 0.0, ""29"": 0.0, ""43"": 0.0}",same-panel seed variability; no CI or independence claim
stage_a_uci_v1,tent,none,0,ab,uci_internal_fixed,accuracy,3,0.8619791666666666,0.018121309452756224,"{""17"": 0.8603515625, ""29"": 0.8447265625, ""43"": 0.880859375}",same-panel seed variability; no CI or independence claim
stage_a_uci_v1,tent,none,0,ab,uci_internal_fixed,nll,3,0.513930715797977,0.11357604119185179,"{""17"": 0.5033290309695039, ""29"": 0.6324358882615164, ""43"": 0.4060272281629106}",same-panel seed variability; no CI or independence claim
stage_a_uci_v1,tent,none,0,ab,uci_internal_fixed,brier,3,0.21406790651952337,0.0325313374117835,"{""17"": 0.2164064086256196, ""29"": 0.24536689332633063, ""43"": 0.18043041760661999}",same-panel seed variability; no CI or independence claim
stage_a_uci_v1,tent,none,0,ab,uci_internal_fixed,ece15,3,0.07934603479537095,0.01530722889251108,"{""17"": 0.08018694152575101, ""29"": 0.0942154772202387, ""43"": 0.0636356856401231}",same-panel seed variability; no CI or independence claim
stage_a_uci_v1,tent,none,0,ab,uci_internal_fixed,seconds,3,0.0891901333307032,0.02240539526155288,"{""17"": 0.06939124999189515, ""29"": 0.0846671999970567, ""43"": 0.11351195000315781}",same-panel seed variability; no CI or independence claim
stage_a_uci_v1,tent,none,0,ab,uci_internal_fixed,updates,3,16.0,0.0,"{""17"": 16.0, ""29"": 16.0, ""43"": 16.0}",same-panel seed variability; no CI or independence claim
stage_a_uci_v1,tent,none,0,ab,uci_internal_fixed,skipped,3,0.0,0.0,"{""17"": 0.0, ""29"": 0.0, ""43"": 0.0}",same-panel seed variability; no CI or independence claim
stage_a_uci_v1,tent,none,0,ab,uci_internal_fixed,recoveries,3,0.0,0.0,"{""17"": 0.0, ""29"": 0.0, ""43"": 0.0}",same-panel seed variability; no CI or independence claim
stage_a_uci_v1,tent,none,0,ba,uci_internal_fixed,accuracy,3,0.8616536458333334,0.01817386048464565,"{""17"": 0.859375, ""29"": 0.8447265625, ""43"": 0.880859375}",same-panel seed variability; no CI or independence claim
stage_a_uci_v1,tent,none,0,ba,uci_internal_fixed,nll,3,0.5139045547439034,0.11360542099717896,"{""17"": 0.5033519807094681, ""29"": 0.6324180885745352, ""43"": 0.4059435949477067}",same-panel seed variability; no CI or independence claim
stage_a_uci_v1,tent,none,0,ba,uci_internal_fixed,brier,3,0.2140656711041514,0.03254514286828469,"{""17"": 0.2164203477169167, ""29"": 0.2453695265543725, ""43"": 0.180407139041165}",same-panel seed variability; no CI or independence claim
stage_a_uci_v1,tent,none,0,ba,uci_internal_fixed,ece15,3,0.07949729254838155,0.015330175101009574,"{""17"": 0.08066415532717605, ""29"": 0.09421069390531489, ""43"": 0.06361702841265371}",same-panel seed variability; no CI or independence claim
stage_a_uci_v1,tent,none,0,ba,uci_internal_fixed,seconds,3,0.09254500000436862,0.031655931779485585,"{""17"": 0.0772770000039599, ""29"": 0.07141680000495396, ""43"": 0.128941200004192}",same-panel seed variability; no CI or independence claim
stage_a_uci_v1,tent,none,0,ba,uci_internal_fixed,updates,3,16.0,0.0,"{""17"": 16.0, ""29"": 16.0, ""43"": 16.0}",same-panel seed variability; no CI or independence claim
stage_a_uci_v1,tent,none,0,ba,uci_internal_fixed,skipped,3,0.0,0.0,"{""17"": 0.0, ""29"": 0.0, ""43"": 0.0}",same-panel seed variability; no CI or independence claim
stage_a_uci_v1,tent,none,0,ba,uci_internal_fixed,recoveries,3,0.0,0.0,"{""17"": 0.0, ""29"": 0.0, ""43"": 0.0}",same-panel seed variability; no CI or independence claim
stage_a_uci_v1,tent,none,4,ab,uci_internal_fixed,accuracy,3,0.8623046875,0.0180861906029806,"{""17"": 0.861328125, ""29"": 0.8447265625, ""43"": 0.880859375}",same-panel seed variability; no CI or independence claim
stage_a_uci_v1,tent,none,4,ab,uci_internal_fixed,nll,3,0.5144152186027519,0.11532849498531401,"{""17"": 0.5031103634542742, ""29"": 0.6349798384941314, ""43"": 0.4051554538598498}",same-panel seed variability; no CI or independence claim
stage_a_uci_v1,tent,none,4,ab,uci_internal_fixed,brier,3,0.21412238750003545,0.03294291999406639,"{""17"": 0.21632614900073266, ""29"": 0.24590809641769834, ""43"": 0.18013291708167545}",same-panel seed variability; no CI or independence claim
stage_a_uci_v1,tent,none,4,ab,uci_internal_fixed,ece15,3,0.0791961374745065,0.01467777151608807,"{""17"": 0.08104205295830551, ""29"": 0.09286363632924885, ""43"": 0.06368272313596515}",same-panel seed variability; no CI or independence claim
stage_a_uci_v1,tent,none,4,ab,uci_internal_fixed,seconds,3,0.08856469999833881,0.00759270984281425,"{""17"": 0.08290299999498525, ""29"": 0.08559830000012875, ""43"": 0.09719279999990245}",same-panel seed variability; no CI or independence claim
stage_a_uci_v1,tent,none,4,ab,uci_internal_fixed,updates,3,16.0,0.0,"{""17"": 16.0, ""29"": 16.0, ""43"": 16.0}",same-panel seed variability; no CI or independence claim
stage_a_uci_v1,tent,none,4,ab,uci_internal_fixed,skipped,3,0.0,0.0,"{""17"": 0.0, ""29"": 0.0, ""43"": 0.0}",same-panel seed variability; no CI or independence claim
stage_a_uci_v1,tent,none,4,ab,uci_internal_fixed,recoveries,3,0.0,0.0,"{""17"": 0.0, ""29"": 0.0, ""43"": 0.0}",same-panel seed variability; no CI or independence claim
stage_a_uci_v1,tent,none,4,ba,uci_internal_fixed,accuracy,3,0.8623046875,0.0180861906029806,"{""17"": 0.861328125, ""29"": 0.8447265625, ""43"": 0.880859375}",same-panel seed variability; no CI or independence claim
stage_a_uci_v1,tent,none,4,ba,uci_internal_fixed,nll,3,0.5143979326361886,0.11534579383222236,"{""17"": 0.5031273246395818, ""29"": 0.6349653131028378, ""43"": 0.4051011601661464}",same-panel seed variability; no CI or independence claim
stage_a_uci_v1,tent,none,4,ba,uci_internal_fixed,brier,3,0.2141207995192341,0.03295128988529642,"{""17"": 0.21633570552013445, ""29"": 0.24590875879253754, ""43"": 0.1801179342450303}",same-panel seed variability; no CI or independence claim
stage_a_uci_v1,tent,none,4,ba,uci_internal_fixed,ece15,3,0.0791877265102701,0.014680549113333363,"{""17"": 0.0810362302589976, ""29"": 0.09285647973037535, ""43"": 0.06367046954143735}",same-panel seed variability; no CI or independence claim
stage_a_uci_v1,tent,none,4,ba,uci_internal_fixed,seconds,3,0.08447431666960858,0.01097681079306113,"{""17"": 0.08100240000203479, ""29"": 0.07565330000215906, ""43"": 0.0967672500046319}",same-panel seed variability; no CI or independence claim
stage_a_uci_v1,tent,none,4,ba,uci_internal_fixed,updates,3,16.0,0.0,"{""17"": 16.0, ""29"": 16.0, ""43"": 16.0}",same-panel seed variability; no CI or independence claim
stage_a_uci_v1,tent,none,4,ba,uci_internal_fixed,skipped,3,0.0,0.0,"{""17"": 0.0, ""29"": 0.0, ""43"": 0.0}",same-panel seed variability; no CI or independence claim
stage_a_uci_v1,tent,none,4,ba,uci_internal_fixed,recoveries,3,0.0,0.0,"{""17"": 0.0, ""29"": 0.0, ""43"": 0.0}",same-panel seed variability; no CI or independence claim
stage_a_uci_v1,tent,optimizer,0,ab,uci_internal_fixed,accuracy,3,0.8619791666666666,0.018121309452756224,"{""17"": 0.8603515625, ""29"": 0.8447265625, ""43"": 0.880859375}",same-panel seed variability; no CI or independence claim
stage_a_uci_v1,tent,optimizer,0,ab,uci_internal_fixed,nll,3,0.5140207636254324,0.11374829596413429,"{""17"": 0.5034037528019594, ""29"": 0.6327053429929421, ""43"": 0.4059531950813955}",same-panel seed variability; no CI or independence claim
stage_a_uci_v1,tent,optimizer,0,ab,uci_internal_fixed,brier,3,0.21408797244272207,0.03256768705891141,"{""17"": 0.2164270884034694, ""29"": 0.2454230394064824, ""43"": 0.1804137895182144}",same-panel seed variability; no CI or independence claim
stage_a_uci_v1,tent,optimizer,0,ab,uci_internal_fixed,ece15,3,0.07911659185227622,0.015650045717284726,"{""17"": 0.08017419272469095, ""29"": 0.09421101263479015, ""43"": 0.0629645701973476}",same-panel seed variability; no CI or independence claim
stage_a_uci_v1,tent,optimizer,0,ab,uci_internal_fixed,seconds,3,0.11721553333579016,0.048509739427281755,"{""17"": 0.09783575000619746, ""29"": 0.0813915499966242, ""43"": 0.1724193000045488}",same-panel seed variability; no CI or independence claim
stage_a_uci_v1,tent,optimizer,0,ab,uci_internal_fixed,updates,3,16.0,0.0,"{""17"": 16.0, ""29"": 16.0, ""43"": 16.0}",same-panel seed variability; no CI or independence claim
stage_a_uci_v1,tent,optimizer,0,ab,uci_internal_fixed,skipped,3,0.0,0.0,"{""17"": 0.0, ""29"": 0.0, ""43"": 0.0}",same-panel seed variability; no CI or independence claim
stage_a_uci_v1,tent,optimizer,0,ab,uci_internal_fixed,recoveries,3,0.0,0.0,"{""17"": 0.0, ""29"": 0.0, ""43"": 0.0}",same-panel seed variability; no CI or independence claim
stage_a_uci_v1,tent,optimizer,0,ba,uci_internal_fixed,accuracy,3,0.8616536458333334,0.01817386048464565,"{""17"": 0.859375, ""29"": 0.8447265625, ""43"": 0.880859375}",same-panel seed variability; no CI or independence claim
stage_a_uci_v1,tent,optimizer,0,ba,uci_internal_fixed,nll,3,0.5139579097725794,0.11381922102912052,"{""17"": 0.5034433210868962, ""29"": 0.6326695898581236, ""43"": 0.4057608183727183}",same-panel seed variability; no CI or independence claim
stage_a_uci_v1,tent,optimizer,0,ba,uci_internal_fixed,brier,3,0.21408338031305515,0.0325938131828866,"{""17"": 0.2164548316463341, ""29"": 0.24542670046290604, ""43"": 0.1803686088299253}",same-panel seed variability; no CI or independence claim
stage_a_uci_v1,tent,optimizer,0,ba,uci_internal_fixed,ece15,3,0.07925634676265982,0.015034406945409513,"{""17"": 0.0806380824998738, ""29"": 0.0935521895726693, ""43"": 0.06357876821543634}",same-panel seed variability; no CI or independence claim
stage_a_uci_v1,tent,optimizer,0,ba,uci_internal_fixed,seconds,3,0.08832524999888842,0.010852788756144571,"{""17"": 0.08746185000200055, ""29"": 0.07792994999181245, ""43"": 0.0995839500028523}",same-panel seed variability; no CI or independence claim
stage_a_uci_v1,tent,optimizer,0,ba,uci_internal_fixed,updates,3,16.0,0.0,"{""17"": 16.0, ""29"": 16.0, ""43"": 16.0}",same-panel seed variability; no CI or independence claim
stage_a_uci_v1,tent,optimizer,0,ba,uci_internal_fixed,skipped,3,0.0,0.0,"{""17"": 0.0, ""29"": 0.0, ""43"": 0.0}",same-panel seed variability; no CI or independence claim
stage_a_uci_v1,tent,optimizer,0,ba,uci_internal_fixed,recoveries,3,0.0,0.0,"{""17"": 0.0, ""29"": 0.0, ""43"": 0.0}",same-panel seed variability; no CI or independence claim
stage_a_uci_v1,tent,optimizer,4,ab,uci_internal_fixed,accuracy,3,0.8623046875,0.0180861906029806,"{""17"": 0.861328125, ""29"": 0.8447265625, ""43"": 0.880859375}",same-panel seed variability; no CI or independence claim
stage_a_uci_v1,tent,optimizer,4,ab,uci_internal_fixed,nll,3,0.5140561009357577,0.11419984321429806,"{""17"": 0.5032504527299361, ""29"": 0.6332747089410309, ""43"": 0.4056431411363059}",same-panel seed variability; no CI or independence claim
stage_a_uci_v1,tent,optimizer,4,ab,uci_internal_fixed,brier,3,0.21407586250579394,0.03268001188230959,"{""17"": 0.21637771653046245, ""29"": 0.24554409056628054, ""43"": 0.18030578042063886}",same-panel seed variability; no CI or independence claim
stage_a_uci_v1,tent,optimizer,4,ab,uci_internal_fixed,ece15,3,0.07898562420616105,0.015078971908571326,"{""17"": 0.0810193130455, ""29"": 0.09294454274194876, ""43"": 0.06299301683103435}",same-panel seed variability; no CI or independence claim
stage_a_uci_v1,tent,optimizer,4,ab,uci_internal_fixed,seconds,3,0.09010196666349653,0.025276465098341718,"{""17"": 0.11659549999603765, ""29"": 0.0662500499965972, ""43"": 0.08746034999785475}",same-panel seed variability; no CI or independence claim
stage_a_uci_v1,tent,optimizer,4,ab,uci_internal_fixed,updates,3,16.0,0.0,"{""17"": 16.0, ""29"": 16.0, ""43"": 16.0}",same-panel seed variability; no CI or independence claim
stage_a_uci_v1,tent,optimizer,4,ab,uci_internal_fixed,skipped,3,0.0,0.0,"{""17"": 0.0, ""29"": 0.0, ""43"": 0.0}",same-panel seed variability; no CI or independence claim
stage_a_uci_v1,tent,optimizer,4,ab,uci_internal_fixed,recoveries,3,0.0,0.0,"{""17"": 0.0, ""29"": 0.0, ""43"": 0.0}",same-panel seed variability; no CI or independence claim
stage_a_uci_v1,tent,optimizer,4,ba,uci_internal_fixed,accuracy,3,0.8623046875,0.0180861906029806,"{""17"": 0.861328125, ""29"": 0.8447265625, ""43"": 0.880859375}",same-panel seed variability; no CI or independence claim
stage_a_uci_v1,tent,optimizer,4,ba,uci_internal_fixed,nll,3,0.5140143540019452,0.11424643034480801,"{""17"": 0.5032762370676905, ""29"": 0.6332507321005663, ""43"": 0.40551609283757867}",same-panel seed variability; no CI or independence claim
stage_a_uci_v1,tent,optimizer,4,ba,uci_internal_fixed,brier,3,0.21407256170017286,0.03269707079515452,"{""17"": 0.2163957223377167, ""29"": 0.24554609486477147, ""43"": 0.18027586789803043}",same-panel seed variability; no CI or independence claim
stage_a_uci_v1,tent,optimizer,4,ba,uci_internal_fixed,ece15,3,0.07918942193259021,0.014744210394316663,"{""17"": 0.08100778344309605, ""29"": 0.0929401153655665, ""43"": 0.0636203669891081}",same-panel seed variability; no CI or independence claim
stage_a_uci_v1,tent,optimizer,4,ba,uci_internal_fixed,seconds,3,0.11408221666594419,0.03192766703888115,"{""17"": 0.08174764999421305, ""29"": 0.14558679999754526, ""43"": 0.11491220000607424}",same-panel seed variability; no CI or independence claim
stage_a_uci_v1,tent,optimizer,4,ba,uci_internal_fixed,updates,3,16.0,0.0,"{""17"": 16.0, ""29"": 16.0, ""43"": 16.0}",same-panel seed variability; no CI or independence claim
stage_a_uci_v1,tent,optimizer,4,ba,uci_internal_fixed,skipped,3,0.0,0.0,"{""17"": 0.0, ""29"": 0.0, ""43"": 0.0}",same-panel seed variability; no CI or independence claim
stage_a_uci_v1,tent,optimizer,4,ba,uci_internal_fixed,recoveries,3,0.0,0.0,"{""17"": 0.0, ""29"": 0.0, ""43"": 0.0}",same-panel seed variability; no CI or independence claim
stage_a_uci_v1,tent,optimizer_aux,0,ab,uci_internal_fixed,accuracy,3,0.8619791666666666,0.018121309452756224,"{""17"": 0.8603515625, ""29"": 0.8447265625, ""43"": 0.880859375}",same-panel seed variability; no CI or independence claim
stage_a_uci_v1,tent,optimizer_aux,0,ab,uci_internal_fixed,nll,3,0.5140207636254324,0.11374829596413429,"{""17"": 0.5034037528019594, ""29"": 0.6327053429929421, ""43"": 0.4059531950813955}",same-panel seed variability; no CI or independence claim
stage_a_uci_v1,tent,optimizer_aux,0,ab,uci_internal_fixed,brier,3,0.21408797244272207,0.03256768705891141,"{""17"": 0.2164270884034694, ""29"": 0.2454230394064824, ""43"": 0.1804137895182144}",same-panel seed variability; no CI or independence claim
stage_a_uci_v1,tent,optimizer_aux,0,ab,uci_internal_fixed,ece15,3,0.07911659185227622,0.015650045717284726,"{""17"": 0.08017419272469095, ""29"": 0.09421101263479015, ""43"": 0.0629645701973476}",same-panel seed variability; no CI or independence claim
stage_a_uci_v1,tent,optimizer_aux,0,ab,uci_internal_fixed,seconds,3,0.07756686667077395,0.011704308325542685,"{""17"": 0.0662058000089018, ""29"": 0.07690820000425444, ""43"": 0.0895865999991656}",same-panel seed variability; no CI or independence claim
stage_a_uci_v1,tent,optimizer_aux,0,ab,uci_internal_fixed,updates,3,16.0,0.0,"{""17"": 16.0, ""29"": 16.0, ""43"": 16.0}",same-panel seed variability; no CI or independence claim
stage_a_uci_v1,tent,optimizer_aux,0,ab,uci_internal_fixed,skipped,3,0.0,0.0,"{""17"": 0.0, ""29"": 0.0, ""43"": 0.0}",same-panel seed variability; no CI or independence claim
stage_a_uci_v1,tent,optimizer_aux,0,ab,uci_internal_fixed,recoveries,3,0.0,0.0,"{""17"": 0.0, ""29"": 0.0, ""43"": 0.0}",same-panel seed variability; no CI or independence claim
stage_a_uci_v1,tent,optimizer_aux,0,ba,uci_internal_fixed,accuracy,3,0.8616536458333334,0.01817386048464565,"{""17"": 0.859375, ""29"": 0.8447265625, ""43"": 0.880859375}",same-panel seed variability; no CI or independence claim
stage_a_uci_v1,tent,optimizer_aux,0,ba,uci_internal_fixed,nll,3,0.5139579097725794,0.11381922102912052,"{""17"": 0.5034433210868962, ""29"": 0.6326695898581236, ""43"": 0.4057608183727183}",same-panel seed variability; no CI or independence claim
stage_a_uci_v1,tent,optimizer_aux,0,ba,uci_internal_fixed,brier,3,0.21408338031305515,0.0325938131828866,"{""17"": 0.2164548316463341, ""29"": 0.24542670046290604, ""43"": 0.1803686088299253}",same-panel seed variability; no CI or independence claim
stage_a_uci_v1,tent,optimizer_aux,0,ba,uci_internal_fixed,ece15,3,0.07925634676265982,0.015034406945409513,"{""17"": 0.0806380824998738, ""29"": 0.0935521895726693, ""43"": 0.06357876821543634}",same-panel seed variability; no CI or independence claim
stage_a_uci_v1,tent,optimizer_aux,0,ba,uci_internal_fixed,seconds,3,0.08030620000257231,0.007467229019731963,"{""17"": 0.08840550000604705, ""29"": 0.07369520000065675, ""43"": 0.07881790000101316}",same-panel seed variability; no CI or independence claim
stage_a_uci_v1,tent,optimizer_aux,0,ba,uci_internal_fixed,updates,3,16.0,0.0,"{""17"": 16.0, ""29"": 16.0, ""43"": 16.0}",same-panel seed variability; no CI or independence claim
stage_a_uci_v1,tent,optimizer_aux,0,ba,uci_internal_fixed,skipped,3,0.0,0.0,"{""17"": 0.0, ""29"": 0.0, ""43"": 0.0}",same-panel seed variability; no CI or independence claim
stage_a_uci_v1,tent,optimizer_aux,0,ba,uci_internal_fixed,recoveries,3,0.0,0.0,"{""17"": 0.0, ""29"": 0.0, ""43"": 0.0}",same-panel seed variability; no CI or independence claim
stage_a_uci_v1,tent,optimizer_aux,4,ab,uci_internal_fixed,accuracy,3,0.8623046875,0.0180861906029806,"{""17"": 0.861328125, ""29"": 0.8447265625, ""43"": 0.880859375}",same-panel seed variability; no CI or independence claim
stage_a_uci_v1,tent,optimizer_aux,4,ab,uci_internal_fixed,nll,3,0.5140561009357577,0.11419984321429806,"{""17"": 0.5032504527299361, ""29"": 0.6332747089410309, ""43"": 0.4056431411363059}",same-panel seed variability; no CI or independence claim
stage_a_uci_v1,tent,optimizer_aux,4,ab,uci_internal_fixed,brier,3,0.21407586250579394,0.03268001188230959,"{""17"": 0.21637771653046245, ""29"": 0.24554409056628054, ""43"": 0.18030578042063886}",same-panel seed variability; no CI or independence claim
stage_a_uci_v1,tent,optimizer_aux,4,ab,uci_internal_fixed,ece15,3,0.07898562420616105,0.015078971908571326,"{""17"": 0.0810193130455, ""29"": 0.09294454274194876, ""43"": 0.06299301683103435}",same-panel seed variability; no CI or independence claim
stage_a_uci_v1,tent,optimizer_aux,4,ab,uci_internal_fixed,seconds,3,0.0810542833326811,0.0044921012159546,"{""17"": 0.0810153999991598, ""29"": 0.07658174999960465, ""43"": 0.08556569999927885}",same-panel seed variability; no CI or independence claim
stage_a_uci_v1,tent,optimizer_aux,4,ab,uci_internal_fixed,updates,3,16.0,0.0,"{""17"": 16.0, ""29"": 16.0, ""43"": 16.0}",same-panel seed variability; no CI or independence claim
stage_a_uci_v1,tent,optimizer_aux,4,ab,uci_internal_fixed,skipped,3,0.0,0.0,"{""17"": 0.0, ""29"": 0.0, ""43"": 0.0}",same-panel seed variability; no CI or independence claim
stage_a_uci_v1,tent,optimizer_aux,4,ab,uci_internal_fixed,recoveries,3,0.0,0.0,"{""17"": 0.0, ""29"": 0.0, ""43"": 0.0}",same-panel seed variability; no CI or independence claim
stage_a_uci_v1,tent,optimizer_aux,4,ba,uci_internal_fixed,accuracy,3,0.8623046875,0.0180861906029806,"{""17"": 0.861328125, ""29"": 0.8447265625, ""43"": 0.880859375}",same-panel seed variability; no CI or independence claim
stage_a_uci_v1,tent,optimizer_aux,4,ba,uci_internal_fixed,nll,3,0.5140143540019452,0.11424643034480801,"{""17"": 0.5032762370676905, ""29"": 0.6332507321005663, ""43"": 0.40551609283757867}",same-panel seed variability; no CI or independence claim
stage_a_uci_v1,tent,optimizer_aux,4,ba,uci_internal_fixed,brier,3,0.21407256170017286,0.03269707079515452,"{""17"": 0.2163957223377167, ""29"": 0.24554609486477147, ""43"": 0.18027586789803043}",same-panel seed variability; no CI or independence claim
stage_a_uci_v1,tent,optimizer_aux,4,ba,uci_internal_fixed,ece15,3,0.07918942193259021,0.014744210394316663,"{""17"": 0.08100778344309605, ""29"": 0.0929401153655665, ""43"": 0.0636203669891081}",same-panel seed variability; no CI or independence claim
stage_a_uci_v1,tent,optimizer_aux,4,ba,uci_internal_fixed,seconds,3,0.08053551666428874,0.005185578455756642,"{""17"": 0.08158779999939719, ""29"": 0.0749044999975012, ""43"": 0.08511424999596781}",same-panel seed variability; no CI or independence claim
stage_a_uci_v1,tent,optimizer_aux,4,ba,uci_internal_fixed,updates,3,16.0,0.0,"{""17"": 16.0, ""29"": 16.0, ""43"": 16.0}",same-panel seed variability; no CI or independence claim
stage_a_uci_v1,tent,optimizer_aux,4,ba,uci_internal_fixed,skipped,3,0.0,0.0,"{""17"": 0.0, ""29"": 0.0, ""43"": 0.0}",same-panel seed variability; no CI or independence claim
stage_a_uci_v1,tent,optimizer_aux,4,ba,uci_internal_fixed,recoveries,3,0.0,0.0,"{""17"": 0.0, ""29"": 0.0, ""43"": 0.0}",same-panel seed variability; no CI or independence claim
stage_a_uci_v1,tent,parameters,0,ab,uci_internal_fixed,accuracy,3,0.8616536458333334,0.01817386048464565,"{""17"": 0.859375, ""29"": 0.8447265625, ""43"": 0.880859375}",same-panel seed variability; no CI or independence claim
stage_a_uci_v1,tent,parameters,0,ab,uci_internal_fixed,nll,3,0.51405495626297,0.11384032658621915,"{""17"": 0.5037357180248052, ""29"": 0.6327035834352337, ""43"": 0.4057255673288713}",same-panel seed variability; no CI or independence claim
stage_a_uci_v1,tent,parameters,0,ab,uci_internal_fixed,brier,3,0.21412125965748938,0.032610016882616714,"{""17"": 0.21654701220291023, ""29"": 0.24545066349121644, ""43"": 0.18036610327834152}",same-panel seed variability; no CI or independence claim
stage_a_uci_v1,tent,parameters,0,ab,uci_internal_fixed,ece15,3,0.07901208171909709,0.015382717278510002,"{""17"": 0.0806069918029438, ""29"": 0.0935352071896381, ""43"": 0.06289404616470935}",same-panel seed variability; no CI or independence claim
stage_a_uci_v1,tent,parameters,0,ab,uci_internal_fixed,seconds,3,0.08087801666503458,0.023035843209723916,"{""17"": 0.07218729999294735, ""29"": 0.06345175000024025, ""43"": 0.10699500000191615}",same-panel seed variability; no CI or independence claim
stage_a_uci_v1,tent,parameters,0,ab,uci_internal_fixed,updates,3,16.0,0.0,"{""17"": 16.0, ""29"": 16.0, ""43"": 16.0}",same-panel seed variability; no CI or independence claim
stage_a_uci_v1,tent,parameters,0,ab,uci_internal_fixed,skipped,3,0.0,0.0,"{""17"": 0.0, ""29"": 0.0, ""43"": 0.0}",same-panel seed variability; no CI or independence claim
stage_a_uci_v1,tent,parameters,0,ab,uci_internal_fixed,recoveries,3,0.0,0.0,"{""17"": 0.0, ""29"": 0.0, ""43"": 0.0}",same-panel seed variability; no CI or independence claim
stage_a_uci_v1,tent,parameters,0,ba,uci_internal_fixed,accuracy,3,0.8616536458333334,0.01817386048464565,"{""17"": 0.859375, ""29"": 0.8447265625, ""43"": 0.880859375}",same-panel seed variability; no CI or independence claim
stage_a_uci_v1,tent,parameters,0,ba,uci_internal_fixed,nll,3,0.5140915711297555,0.11379816245998248,"{""17"": 0.5037222330867153, ""29"": 0.6327195273069306, ""43"": 0.4058329529956203}",same-panel seed variability; no CI or independence claim
stage_a_uci_v1,tent,parameters,0,ba,uci_internal_fixed,brier,3,0.21412360523940868,0.032597793981853695,"{""17"": 0.21653407000510672, ""29"": 0.2454492569083861, ""43"": 0.1803874888047333}",same-panel seed variability; no CI or independence claim
stage_a_uci_v1,tent,parameters,0,ba,uci_internal_fixed,ece15,3,0.07902311552166603,0.01537536356443656,"{""17"": 0.08061911659979434, ""29"": 0.09353822668981421, ""43"": 0.06291200327538955}",same-panel seed variability; no CI or independence claim
stage_a_uci_v1,tent,parameters,0,ba,uci_internal_fixed,seconds,3,0.09483419999742176,0.015554940193690671,"{""17"": 0.09759584999119389, ""29"": 0.07808340000337916, ""43"": 0.10882334999769225}",same-panel seed variability; no CI or independence claim
stage_a_uci_v1,tent,parameters,0,ba,uci_internal_fixed,updates,3,16.0,0.0,"{""17"": 16.0, ""29"": 16.0, ""43"": 16.0}",same-panel seed variability; no CI or independence claim
stage_a_uci_v1,tent,parameters,0,ba,uci_internal_fixed,skipped,3,0.0,0.0,"{""17"": 0.0, ""29"": 0.0, ""43"": 0.0}",same-panel seed variability; no CI or independence claim
stage_a_uci_v1,tent,parameters,0,ba,uci_internal_fixed,recoveries,3,0.0,0.0,"{""17"": 0.0, ""29"": 0.0, ""43"": 0.0}",same-panel seed variability; no CI or independence claim
stage_a_uci_v1,tent,parameters,4,ab,uci_internal_fixed,accuracy,3,0.8616536458333334,0.01817386048464565,"{""17"": 0.859375, ""29"": 0.8447265625, ""43"": 0.880859375}",same-panel seed variability; no CI or independence claim
stage_a_uci_v1,tent,parameters,4,ab,uci_internal_fixed,nll,3,0.5145020303060358,0.11514023582858333,"{""17"": 0.5036687420458444, ""29"": 0.634676043723535, ""43"": 0.40516130514872817}",same-panel seed variability; no CI or independence claim
stage_a_uci_v1,tent,parameters,4,ab,uci_internal_fixed,brier,3,0.21418720471350258,0.032909177070045155,"{""17"": 0.2165156663145436, ""29"": 0.245870312242852, ""43"": 0.1801756355831121}",same-panel seed variability; no CI or independence claim
stage_a_uci_v1,tent,parameters,4,ab,uci_internal_fixed,ece15,3,0.07905311101615511,0.01541256550191186,"{""17"": 0.0806275751283608, ""29"": 0.09361801146404845, ""43"": 0.0629137464560561}",same-panel seed variability; no CI or independence claim
stage_a_uci_v1,tent,parameters,4,ab,uci_internal_fixed,seconds,3,0.08117740000064559,0.008810276990698805,"{""17"": 0.08427035000204336, ""29"": 0.07123770000180225, ""43"": 0.08802414999809116}",same-panel seed variability; no CI or independence claim
stage_a_uci_v1,tent,parameters,4,ab,uci_internal_fixed,updates,3,16.0,0.0,"{""17"": 16.0, ""29"": 16.0, ""43"": 16.0}",same-panel seed variability; no CI or independence claim
stage_a_uci_v1,tent,parameters,4,ab,uci_internal_fixed,skipped,3,0.0,0.0,"{""17"": 0.0, ""29"": 0.0, ""43"": 0.0}",same-panel seed variability; no CI or independence claim
stage_a_uci_v1,tent,parameters,4,ab,uci_internal_fixed,recoveries,3,0.0,0.0,"{""17"": 0.0, ""29"": 0.0, ""43"": 0.0}",same-panel seed variability; no CI or independence claim
stage_a_uci_v1,tent,parameters,4,ba,uci_internal_fixed,accuracy,3,0.8616536458333334,0.01817386048464565,"{""17"": 0.859375, ""29"": 0.8447265625, ""43"": 0.880859375}",same-panel seed variability; no CI or independence claim
stage_a_uci_v1,tent,parameters,4,ba,uci_internal_fixed,nll,3,0.5145257348698197,0.11511043829412511,"{""17"": 0.5036606918559201, ""29"": 0.6346834765094637, ""43"": 0.40523303624407503}",same-panel seed variability; no CI or independence claim
stage_a_uci_v1,tent,parameters,4,ba,uci_internal_fixed,brier,3,0.2141885849925409,0.032900432472962135,"{""17"": 0.2165073141444036, ""29"": 0.2458683141654962, ""43"": 0.18019012666772286}",same-panel seed variability; no CI or independence claim
stage_a_uci_v1,tent,parameters,4,ba,uci_internal_fixed,ece15,3,0.07888675211553235,0.015162594666060738,"{""17"": 0.08063557464399465, ""29"": 0.0930991063041811, ""43"": 0.0629255753984213}",same-panel seed variability; no CI or independence claim
stage_a_uci_v1,tent,parameters,4,ba,uci_internal_fixed,seconds,3,0.09115694999976158,0.028359633986119875,"{""17"": 0.0823378000059165, ""29"": 0.06825469999603226, ""43"": 0.12287834999733599}",same-panel seed variability; no CI or independence claim
stage_a_uci_v1,tent,parameters,4,ba,uci_internal_fixed,updates,3,16.0,0.0,"{""17"": 16.0, ""29"": 16.0, ""43"": 16.0}",same-panel seed variability; no CI or independence claim
stage_a_uci_v1,tent,parameters,4,ba,uci_internal_fixed,skipped,3,0.0,0.0,"{""17"": 0.0, ""29"": 0.0, ""43"": 0.0}",same-panel seed variability; no CI or independence claim
stage_a_uci_v1,tent,parameters,4,ba,uci_internal_fixed,recoveries,3,0.0,0.0,"{""17"": 0.0, ""29"": 0.0, ""43"": 0.0}",same-panel seed variability; no CI or independence claim
stage_a_uci_v1,tent,parameters_aux,0,ab,uci_internal_fixed,accuracy,3,0.8616536458333334,0.01817386048464565,"{""17"": 0.859375, ""29"": 0.8447265625, ""43"": 0.880859375}",same-panel seed variability; no CI or independence claim
stage_a_uci_v1,tent,parameters_aux,0,ab,uci_internal_fixed,nll,3,0.51405495626297,0.11384032658621915,"{""17"": 0.5037357180248052, ""29"": 0.6327035834352337, ""43"": 0.4057255673288713}",same-panel seed variability; no CI or independence claim
stage_a_uci_v1,tent,parameters_aux,0,ab,uci_internal_fixed,brier,3,0.21412125965748938,0.032610016882616714,"{""17"": 0.21654701220291023, ""29"": 0.24545066349121644, ""43"": 0.18036610327834152}",same-panel seed variability; no CI or independence claim
stage_a_uci_v1,tent,parameters_aux,0,ab,uci_internal_fixed,ece15,3,0.07901208171909709,0.015382717278510002,"{""17"": 0.0806069918029438, ""29"": 0.0935352071896381, ""43"": 0.06289404616470935}",same-panel seed variability; no CI or independence claim
stage_a_uci_v1,tent,parameters_aux,0,ab,uci_internal_fixed,seconds,3,0.10797398333185503,0.06128385235927647,"{""17"": 0.07780049999564645, ""29"": 0.06762714999786104, ""43"": 0.17849430000205757}",same-panel seed variability; no CI or independence claim
stage_a_uci_v1,tent,parameters_aux,0,ab,uci_internal_fixed,updates,3,16.0,0.0,"{""17"": 16.0, ""29"": 16.0, ""43"": 16.0}",same-panel seed variability; no CI or independence claim
stage_a_uci_v1,tent,parameters_aux,0,ab,uci_internal_fixed,skipped,3,0.0,0.0,"{""17"": 0.0, ""29"": 0.0, ""43"": 0.0}",same-panel seed variability; no CI or independence claim
stage_a_uci_v1,tent,parameters_aux,0,ab,uci_internal_fixed,recoveries,3,0.0,0.0,"{""17"": 0.0, ""29"": 0.0, ""43"": 0.0}",same-panel seed variability; no CI or independence claim
stage_a_uci_v1,tent,parameters_aux,0,ba,uci_internal_fixed,accuracy,3,0.8616536458333334,0.01817386048464565,"{""17"": 0.859375, ""29"": 0.8447265625, ""43"": 0.880859375}",same-panel seed variability; no CI or independence claim
stage_a_uci_v1,tent,parameters_aux,0,ba,uci_internal_fixed,nll,3,0.5140915711297555,0.11379816245998248,"{""17"": 0.5037222330867153, ""29"": 0.6327195273069306, ""43"": 0.4058329529956203}",same-panel seed variability; no CI or independence claim
stage_a_uci_v1,tent,parameters_aux,0,ba,uci_internal_fixed,brier,3,0.21412360523940868,0.032597793981853695,"{""17"": 0.21653407000510672, ""29"": 0.2454492569083861, ""43"": 0.1803874888047333}",same-panel seed variability; no CI or independence claim
stage_a_uci_v1,tent,parameters_aux,0,ba,uci_internal_fixed,ece15,3,0.07902311552166603,0.01537536356443656,"{""17"": 0.08061911659979434, ""29"": 0.09353822668981421, ""43"": 0.06291200327538955}",same-panel seed variability; no CI or independence claim
stage_a_uci_v1,tent,parameters_aux,0,ba,uci_internal_fixed,seconds,3,0.0846290999979828,0.024459054134049894,"{""17"": 0.07225189999735446, ""29"": 0.06883249999373214, ""43"": 0.1128029000028618}",same-panel seed variability; no CI or independence claim
stage_a_uci_v1,tent,parameters_aux,0,ba,uci_internal_fixed,updates,3,16.0,0.0,"{""17"": 16.0, ""29"": 16.0, ""43"": 16.0}",same-panel seed variability; no CI or independence claim
stage_a_uci_v1,tent,parameters_aux,0,ba,uci_internal_fixed,skipped,3,0.0,0.0,"{""17"": 0.0, ""29"": 0.0, ""43"": 0.0}",same-panel seed variability; no CI or independence claim
stage_a_uci_v1,tent,parameters_aux,0,ba,uci_internal_fixed,recoveries,3,0.0,0.0,"{""17"": 0.0, ""29"": 0.0, ""43"": 0.0}",same-panel seed variability; no CI or independence claim
stage_a_uci_v1,tent,parameters_aux,4,ab,uci_internal_fixed,accuracy,3,0.8616536458333334,0.01817386048464565,"{""17"": 0.859375, ""29"": 0.8447265625, ""43"": 0.880859375}",same-panel seed variability; no CI or independence claim
stage_a_uci_v1,tent,parameters_aux,4,ab,uci_internal_fixed,nll,3,0.5145020303060358,0.11514023582858333,"{""17"": 0.5036687420458444, ""29"": 0.634676043723535, ""43"": 0.40516130514872817}",same-panel seed variability; no CI or independence claim
stage_a_uci_v1,tent,parameters_aux,4,ab,uci_internal_fixed,brier,3,0.21418720471350258,0.032909177070045155,"{""17"": 0.2165156663145436, ""29"": 0.245870312242852, ""43"": 0.1801756355831121}",same-panel seed variability; no CI or independence claim
stage_a_uci_v1,tent,parameters_aux,4,ab,uci_internal_fixed,ece15,3,0.07905311101615511,0.01541256550191186,"{""17"": 0.0806275751283608, ""29"": 0.09361801146404845, ""43"": 0.0629137464560561}",same-panel seed variability; no CI or independence claim
stage_a_uci_v1,tent,parameters_aux,4,ab,uci_internal_fixed,seconds,3,0.08734830000078846,0.019750688702338697,"{""17"": 0.06948440000269325, ""29"": 0.0840021999974851, ""43"": 0.108558300002187}",same-panel seed variability; no CI or independence claim
stage_a_uci_v1,tent,parameters_aux,4,ab,uci_internal_fixed,updates,3,16.0,0.0,"{""17"": 16.0, ""29"": 16.0, ""43"": 16.0}",same-panel seed variability; no CI or independence claim
stage_a_uci_v1,tent,parameters_aux,4,ab,uci_internal_fixed,skipped,3,0.0,0.0,"{""17"": 0.0, ""29"": 0.0, ""43"": 0.0}",same-panel seed variability; no CI or independence claim
stage_a_uci_v1,tent,parameters_aux,4,ab,uci_internal_fixed,recoveries,3,0.0,0.0,"{""17"": 0.0, ""29"": 0.0, ""43"": 0.0}",same-panel seed variability; no CI or independence claim
stage_a_uci_v1,tent,parameters_aux,4,ba,uci_internal_fixed,accuracy,3,0.8616536458333334,0.01817386048464565,"{""17"": 0.859375, ""29"": 0.8447265625, ""43"": 0.880859375}",same-panel seed variability; no CI or independence claim
stage_a_uci_v1,tent,parameters_aux,4,ba,uci_internal_fixed,nll,3,0.5145257348698197,0.11511043829412511,"{""17"": 0.5036606918559201, ""29"": 0.6346834765094637, ""43"": 0.40523303624407503}",same-panel seed variability; no CI or independence claim
stage_a_uci_v1,tent,parameters_aux,4,ba,uci_internal_fixed,brier,3,0.2141885849925409,0.032900432472962135,"{""17"": 0.2165073141444036, ""29"": 0.2458683141654962, ""43"": 0.18019012666772286}",same-panel seed variability; no CI or independence claim
stage_a_uci_v1,tent,parameters_aux,4,ba,uci_internal_fixed,ece15,3,0.07888675211553235,0.015162594666060738,"{""17"": 0.08063557464399465, ""29"": 0.0930991063041811, ""43"": 0.0629255753984213}",same-panel seed variability; no CI or independence claim
stage_a_uci_v1,tent,parameters_aux,4,ba,uci_internal_fixed,seconds,3,0.07821998333383816,0.007291367146980567,"{""17"": 0.07084774999384535, ""29"": 0.0783845000041765, ""43"": 0.08542770000349259}",same-panel seed variability; no CI or independence claim
stage_a_uci_v1,tent,parameters_aux,4,ba,uci_internal_fixed,updates,3,16.0,0.0,"{""17"": 16.0, ""29"": 16.0, ""43"": 16.0}",same-panel seed variability; no CI or independence claim
stage_a_uci_v1,tent,parameters_aux,4,ba,uci_internal_fixed,skipped,3,0.0,0.0,"{""17"": 0.0, ""29"": 0.0, ""43"": 0.0}",same-panel seed variability; no CI or independence claim
stage_a_uci_v1,tent,parameters_aux,4,ba,uci_internal_fixed,recoveries,3,0.0,0.0,"{""17"": 0.0, ""29"": 0.0, ""43"": 0.0}",same-panel seed variability; no CI or independence claim
stage_a_uci_v1,tent,parameters_optimizer,0,ab,uci_internal_fixed,accuracy,3,0.8616536458333334,0.01817386048464565,"{""17"": 0.859375, ""29"": 0.8447265625, ""43"": 0.880859375}",same-panel seed variability; no CI or independence claim
stage_a_uci_v1,tent,parameters_optimizer,0,ab,uci_internal_fixed,nll,3,0.5141457317600596,0.11401331650864832,"{""17"": 0.5038094188406126, ""29"": 0.6329752572847591, ""43"": 0.4056525191548072}",same-panel seed variability; no CI or independence claim
stage_a_uci_v1,tent,parameters_optimizer,0,ab,uci_internal_fixed,brier,3,0.21414177940910126,0.03264660806145098,"{""17"": 0.21656771148689508, ""29"": 0.24550775070835953, ""43"": 0.1803498760320491}",same-panel seed variability; no CI or independence claim
stage_a_uci_v1,tent,parameters_optimizer,0,ab,uci_internal_fixed,ece15,3,0.07899930300355357,0.015389981740626021,"{""17"": 0.08059263206845049, ""29"": 0.09353063621526654, ""43"": 0.06287464072694365}",same-panel seed variability; no CI or independence claim
stage_a_uci_v1,tent,parameters_optimizer,0,ab,uci_internal_fixed,seconds,3,0.09004496666845319,0.021159452167446118,"{""17"": 0.07994594999763645, ""29"": 0.0758271500017144, ""43"": 0.1143618000060087}",same-panel seed variability; no CI or independence claim
stage_a_uci_v1,tent,parameters_optimizer,0,ab,uci_internal_fixed,updates,3,16.0,0.0,"{""17"": 16.0, ""29"": 16.0, ""43"": 16.0}",same-panel seed variability; no CI or independence claim
stage_a_uci_v1,tent,parameters_optimizer,0,ab,uci_internal_fixed,skipped,3,0.0,0.0,"{""17"": 0.0, ""29"": 0.0, ""43"": 0.0}",same-panel seed variability; no CI or independence claim
stage_a_uci_v1,tent,parameters_optimizer,0,ab,uci_internal_fixed,recoveries,3,0.0,0.0,"{""17"": 0.0, ""29"": 0.0, ""43"": 0.0}",same-panel seed variability; no CI or independence claim
stage_a_uci_v1,tent,parameters_optimizer,0,ba,uci_internal_fixed,accuracy,3,0.8616536458333334,0.01817386048464565,"{""17"": 0.859375, ""29"": 0.8447265625, ""43"": 0.880859375}",same-panel seed variability; no CI or independence claim
stage_a_uci_v1,tent,parameters_optimizer,0,ba,uci_internal_fixed,nll,3,0.5141457317600596,0.11401331650864832,"{""17"": 0.5038094188406126, ""29"": 0.6329752572847591, ""43"": 0.4056525191548072}",same-panel seed variability; no CI or independence claim
stage_a_uci_v1,tent,parameters_optimizer,0,ba,uci_internal_fixed,brier,3,0.21414177940910126,0.03264660806145098,"{""17"": 0.21656771148689508, ""29"": 0.24550775070835953, ""43"": 0.1803498760320491}",same-panel seed variability; no CI or independence claim
stage_a_uci_v1,tent,parameters_optimizer,0,ba,uci_internal_fixed,ece15,3,0.07899930300355357,0.015389981740626021,"{""17"": 0.08059263206845049, ""29"": 0.09353063621526654, ""43"": 0.06287464072694365}",same-panel seed variability; no CI or independence claim
stage_a_uci_v1,tent,parameters_optimizer,0,ba,uci_internal_fixed,seconds,3,0.08444963333022311,0.01951629568325742,"{""17"": 0.08158634999563215, ""29"": 0.06652314999519146, ""43"": 0.1052393999998457}",same-panel seed variability; no CI or independence claim
stage_a_uci_v1,tent,parameters_optimizer,0,ba,uci_internal_fixed,updates,3,16.0,0.0,"{""17"": 16.0, ""29"": 16.0, ""43"": 16.0}",same-panel seed variability; no CI or independence claim
stage_a_uci_v1,tent,parameters_optimizer,0,ba,uci_internal_fixed,skipped,3,0.0,0.0,"{""17"": 0.0, ""29"": 0.0, ""43"": 0.0}",same-panel seed variability; no CI or independence claim
stage_a_uci_v1,tent,parameters_optimizer,0,ba,uci_internal_fixed,recoveries,3,0.0,0.0,"{""17"": 0.0, ""29"": 0.0, ""43"": 0.0}",same-panel seed variability; no CI or independence claim
stage_a_uci_v1,tent,parameters_optimizer,4,ab,uci_internal_fixed,accuracy,3,0.8616536458333334,0.01817386048464565,"{""17"": 0.859375, ""29"": 0.8447265625, ""43"": 0.880859375}",same-panel seed variability; no CI or independence claim
stage_a_uci_v1,tent,parameters_optimizer,4,ab,uci_internal_fixed,nll,3,0.5141457317600596,0.11401331650864832,"{""17"": 0.5038094188406126, ""29"": 0.6329752572847591, ""43"": 0.4056525191548072}",same-panel seed variability; no CI or independence claim
stage_a_uci_v1,tent,parameters_optimizer,4,ab,uci_internal_fixed,brier,3,0.21414177940910126,0.03264660806145098,"{""17"": 0.21656771148689508, ""29"": 0.24550775070835953, ""43"": 0.1803498760320491}",same-panel seed variability; no CI or independence claim
stage_a_uci_v1,tent,parameters_optimizer,4,ab,uci_internal_fixed,ece15,3,0.07899930300355357,0.015389981740626021,"{""17"": 0.08059263206845049, ""29"": 0.09353063621526654, ""43"": 0.06287464072694365}",same-panel seed variability; no CI or independence claim
stage_a_uci_v1,tent,parameters_optimizer,4,ab,uci_internal_fixed,seconds,3,0.0823051499998352,0.006849047042135417,"{""17"": 0.0840169999937643, ""29"": 0.0747625500007416, ""43"": 0.08813590000499971}",same-panel seed variability; no CI or independence claim
stage_a_uci_v1,tent,parameters_optimizer,4,ab,uci_internal_fixed,updates,3,16.0,0.0,"{""17"": 16.0, ""29"": 16.0, ""43"": 16.0}",same-panel seed variability; no CI or independence claim
stage_a_uci_v1,tent,parameters_optimizer,4,ab,uci_internal_fixed,skipped,3,0.0,0.0,"{""17"": 0.0, ""29"": 0.0, ""43"": 0.0}",same-panel seed variability; no CI or independence claim
stage_a_uci_v1,tent,parameters_optimizer,4,ab,uci_internal_fixed,recoveries,3,0.0,0.0,"{""17"": 0.0, ""29"": 0.0, ""43"": 0.0}",same-panel seed variability; no CI or independence claim
stage_a_uci_v1,tent,parameters_optimizer,4,ba,uci_internal_fixed,accuracy,3,0.8616536458333334,0.01817386048464565,"{""17"": 0.859375, ""29"": 0.8447265625, ""43"": 0.880859375}",same-panel seed variability; no CI or independence claim
stage_a_uci_v1,tent,parameters_optimizer,4,ba,uci_internal_fixed,nll,3,0.5141457317600596,0.11401331650864832,"{""17"": 0.5038094188406126, ""29"": 0.6329752572847591, ""43"": 0.4056525191548072}",same-panel seed variability; no CI or independence claim
stage_a_uci_v1,tent,parameters_optimizer,4,ba,uci_internal_fixed,brier,3,0.21414177940910126,0.03264660806145098,"{""17"": 0.21656771148689508, ""29"": 0.24550775070835953, ""43"": 0.1803498760320491}",same-panel seed variability; no CI or independence claim
stage_a_uci_v1,tent,parameters_optimizer,4,ba,uci_internal_fixed,ece15,3,0.07899930300355357,0.015389981740626021,"{""17"": 0.08059263206845049, ""29"": 0.09353063621526654, ""43"": 0.06287464072694365}",same-panel seed variability; no CI or independence claim
stage_a_uci_v1,tent,parameters_optimizer,4,ba,uci_internal_fixed,seconds,3,0.08497918333402284,0.012983541811844449,"{""17"": 0.0997504999977536, ""29"": 0.07537350000347935, ""43"": 0.07981355000083559}",same-panel seed variability; no CI or independence claim
stage_a_uci_v1,tent,parameters_optimizer,4,ba,uci_internal_fixed,updates,3,16.0,0.0,"{""17"": 16.0, ""29"": 16.0, ""43"": 16.0}",same-panel seed variability; no CI or independence claim
stage_a_uci_v1,tent,parameters_optimizer,4,ba,uci_internal_fixed,skipped,3,0.0,0.0,"{""17"": 0.0, ""29"": 0.0, ""43"": 0.0}",same-panel seed variability; no CI or independence claim
stage_a_uci_v1,tent,parameters_optimizer,4,ba,uci_internal_fixed,recoveries,3,0.0,0.0,"{""17"": 0.0, ""29"": 0.0, ""43"": 0.0}",same-panel seed variability; no CI or independence claim
stage_a_uci_v1,tent,parameters_optimizer_aux,0,ab,uci_internal_fixed,accuracy,3,0.8616536458333334,0.01817386048464565,"{""17"": 0.859375, ""29"": 0.8447265625, ""43"": 0.880859375}",same-panel seed variability; no CI or independence claim
stage_a_uci_v1,tent,parameters_optimizer_aux,0,ab,uci_internal_fixed,nll,3,0.5141457317600596,0.11401331650864832,"{""17"": 0.5038094188406126, ""29"": 0.6329752572847591, ""43"": 0.4056525191548072}",same-panel seed variability; no CI or independence claim
stage_a_uci_v1,tent,parameters_optimizer_aux,0,ab,uci_internal_fixed,brier,3,0.21414177940910126,0.03264660806145098,"{""17"": 0.21656771148689508, ""29"": 0.24550775070835953, ""43"": 0.1803498760320491}",same-panel seed variability; no CI or independence claim
stage_a_uci_v1,tent,parameters_optimizer_aux,0,ab,uci_internal_fixed,ece15,3,0.07899930300355357,0.015389981740626021,"{""17"": 0.08059263206845049, ""29"": 0.09353063621526654, ""43"": 0.06287464072694365}",same-panel seed variability; no CI or independence claim
stage_a_uci_v1,tent,parameters_optimizer_aux,0,ab,uci_internal_fixed,seconds,3,0.08668851666637538,0.024131629812687926,"{""17"": 0.06978179999714479, ""29"": 0.07595964999927671, ""43"": 0.1143241000027046}",same-panel seed variability; no CI or independence claim
stage_a_uci_v1,tent,parameters_optimizer_aux,0,ab,uci_internal_fixed,updates,3,16.0,0.0,"{""17"": 16.0, ""29"": 16.0, ""43"": 16.0}",same-panel seed variability; no CI or independence claim
stage_a_uci_v1,tent,parameters_optimizer_aux,0,ab,uci_internal_fixed,skipped,3,0.0,0.0,"{""17"": 0.0, ""29"": 0.0, ""43"": 0.0}",same-panel seed variability; no CI or independence claim
stage_a_uci_v1,tent,parameters_optimizer_aux,0,ab,uci_internal_fixed,recoveries,3,0.0,0.0,"{""17"": 0.0, ""29"": 0.0, ""43"": 0.0}",same-panel seed variability; no CI or independence claim
stage_a_uci_v1,tent,parameters_optimizer_aux,0,ba,uci_internal_fixed,accuracy,3,0.8616536458333334,0.01817386048464565,"{""17"": 0.859375, ""29"": 0.8447265625, ""43"": 0.880859375}",same-panel seed variability; no CI or independence claim
stage_a_uci_v1,tent,parameters_optimizer_aux,0,ba,uci_internal_fixed,nll,3,0.5141457317600596,0.11401331650864832,"{""17"": 0.5038094188406126, ""29"": 0.6329752572847591, ""43"": 0.4056525191548072}",same-panel seed variability; no CI or independence claim
stage_a_uci_v1,tent,parameters_optimizer_aux,0,ba,uci_internal_fixed,brier,3,0.21414177940910126,0.03264660806145098,"{""17"": 0.21656771148689508, ""29"": 0.24550775070835953, ""43"": 0.1803498760320491}",same-panel seed variability; no CI or independence claim
stage_a_uci_v1,tent,parameters_optimizer_aux,0,ba,uci_internal_fixed,ece15,3,0.07899930300355357,0.015389981740626021,"{""17"": 0.08059263206845049, ""29"": 0.09353063621526654, ""43"": 0.06287464072694365}",same-panel seed variability; no CI or independence claim
stage_a_uci_v1,tent,parameters_optimizer_aux,0,ba,uci_internal_fixed,seconds,3,0.07930095000241025,0.010506925135792164,"{""17"": 0.06819499999983235, ""29"": 0.0806244000050355, ""43"": 0.0890834500023629}",same-panel seed variability; no CI or independence claim
stage_a_uci_v1,tent,parameters_optimizer_aux,0,ba,uci_internal_fixed,updates,3,16.0,0.0,"{""17"": 16.0, ""29"": 16.0, ""43"": 16.0}",same-panel seed variability; no CI or independence claim
stage_a_uci_v1,tent,parameters_optimizer_aux,0,ba,uci_internal_fixed,skipped,3,0.0,0.0,"{""17"": 0.0, ""29"": 0.0, ""43"": 0.0}",same-panel seed variability; no CI or independence claim
stage_a_uci_v1,tent,parameters_optimizer_aux,0,ba,uci_internal_fixed,recoveries,3,0.0,0.0,"{""17"": 0.0, ""29"": 0.0, ""43"": 0.0}",same-panel seed variability; no CI or independence claim
stage_a_uci_v1,tent,parameters_optimizer_aux,4,ab,uci_internal_fixed,accuracy,3,0.8616536458333334,0.01817386048464565,"{""17"": 0.859375, ""29"": 0.8447265625, ""43"": 0.880859375}",same-panel seed variability; no CI or independence claim
stage_a_uci_v1,tent,parameters_optimizer_aux,4,ab,uci_internal_fixed,nll,3,0.5141457317600596,0.11401331650864832,"{""17"": 0.5038094188406126, ""29"": 0.6329752572847591, ""43"": 0.4056525191548072}",same-panel seed variability; no CI or independence claim
stage_a_uci_v1,tent,parameters_optimizer_aux,4,ab,uci_internal_fixed,brier,3,0.21414177940910126,0.03264660806145098,"{""17"": 0.21656771148689508, ""29"": 0.24550775070835953, ""43"": 0.1803498760320491}",same-panel seed variability; no CI or independence claim
stage_a_uci_v1,tent,parameters_optimizer_aux,4,ab,uci_internal_fixed,ece15,3,0.07899930300355357,0.015389981740626021,"{""17"": 0.08059263206845049, ""29"": 0.09353063621526654, ""43"": 0.06287464072694365}",same-panel seed variability; no CI or independence claim
stage_a_uci_v1,tent,parameters_optimizer_aux,4,ab,uci_internal_fixed,seconds,3,0.0821447000004506,0.014577807736879535,"{""17"": 0.07350435000262215, ""29"": 0.0739540499926079, ""43"": 0.09897570000612174}",same-panel seed variability; no CI or independence claim
stage_a_uci_v1,tent,parameters_optimizer_aux,4,ab,uci_internal_fixed,updates,3,16.0,0.0,"{""17"": 16.0, ""29"": 16.0, ""43"": 16.0}",same-panel seed variability; no CI or independence claim
stage_a_uci_v1,tent,parameters_optimizer_aux,4,ab,uci_internal_fixed,skipped,3,0.0,0.0,"{""17"": 0.0, ""29"": 0.0, ""43"": 0.0}",same-panel seed variability; no CI or independence claim
stage_a_uci_v1,tent,parameters_optimizer_aux,4,ab,uci_internal_fixed,recoveries,3,0.0,0.0,"{""17"": 0.0, ""29"": 0.0, ""43"": 0.0}",same-panel seed variability; no CI or independence claim
stage_a_uci_v1,tent,parameters_optimizer_aux,4,ba,uci_internal_fixed,accuracy,3,0.8616536458333334,0.01817386048464565,"{""17"": 0.859375, ""29"": 0.8447265625, ""43"": 0.880859375}",same-panel seed variability; no CI or independence claim
stage_a_uci_v1,tent,parameters_optimizer_aux,4,ba,uci_internal_fixed,nll,3,0.5141457317600596,0.11401331650864832,"{""17"": 0.5038094188406126, ""29"": 0.6329752572847591, ""43"": 0.4056525191548072}",same-panel seed variability; no CI or independence claim
stage_a_uci_v1,tent,parameters_optimizer_aux,4,ba,uci_internal_fixed,brier,3,0.21414177940910126,0.03264660806145098,"{""17"": 0.21656771148689508, ""29"": 0.24550775070835953, ""43"": 0.1803498760320491}",same-panel seed variability; no CI or independence claim
stage_a_uci_v1,tent,parameters_optimizer_aux,4,ba,uci_internal_fixed,ece15,3,0.07899930300355357,0.015389981740626021,"{""17"": 0.08059263206845049, ""29"": 0.09353063621526654, ""43"": 0.06287464072694365}",same-panel seed variability; no CI or independence claim
stage_a_uci_v1,tent,parameters_optimizer_aux,4,ba,uci_internal_fixed,seconds,3,0.08168680000138308,0.006810218653434245,"{""17"": 0.07471990000340151, ""29"": 0.0820117999974172, ""43"": 0.08832870000333054}",same-panel seed variability; no CI or independence claim
stage_a_uci_v1,tent,parameters_optimizer_aux,4,ba,uci_internal_fixed,updates,3,16.0,0.0,"{""17"": 16.0, ""29"": 16.0, ""43"": 16.0}",same-panel seed variability; no CI or independence claim
stage_a_uci_v1,tent,parameters_optimizer_aux,4,ba,uci_internal_fixed,skipped,3,0.0,0.0,"{""17"": 0.0, ""29"": 0.0, ""43"": 0.0}",same-panel seed variability; no CI or independence claim
stage_a_uci_v1,tent,parameters_optimizer_aux,4,ba,uci_internal_fixed,recoveries,3,0.0,0.0,"{""17"": 0.0, ""29"": 0.0, ""43"": 0.0}",same-panel seed variability; no CI or independence claim
