experiment_id,method,intervention,washout_batches,direction,metric,n_panels,mean,sd,ci95_low,ci95_high,n_seeds_min,n_seeds_max,individual_panels,interval_type
stage_a_uci_v1,norm,all,0,ab,accuracy,1,0.861328125,,,,3,3,"{""uci_internal_fixed"": 0.861328125}",descriptive panel t interval; design-conditional
stage_a_uci_v1,norm,all,0,ab,nll,1,0.51379354555466,,,,3,3,"{""uci_internal_fixed"": 0.51379354555466}",descriptive panel t interval; design-conditional
stage_a_uci_v1,norm,all,0,ab,brier,1,0.21413016188688805,,,,3,3,"{""uci_internal_fixed"": 0.21413016188688805}",descriptive panel t interval; design-conditional
stage_a_uci_v1,norm,all,0,ab,ece15,1,0.07924768291116553,,,,3,3,"{""uci_internal_fixed"": 0.07924768291116553}",descriptive panel t interval; design-conditional
stage_a_uci_v1,norm,all,0,ab,seconds,1,0.031824149996585484,,,,3,3,"{""uci_internal_fixed"": 0.031824149996585484}",descriptive panel t interval; design-conditional
stage_a_uci_v1,norm,all,0,ab,updates,1,0.0,,,,3,3,"{""uci_internal_fixed"": 0.0}",descriptive panel t interval; design-conditional
stage_a_uci_v1,norm,all,0,ab,skipped,1,0.0,,,,3,3,"{""uci_internal_fixed"": 0.0}",descriptive panel t interval; design-conditional
stage_a_uci_v1,norm,all,0,ab,recoveries,1,0.0,,,,3,3,"{""uci_internal_fixed"": 0.0}",descriptive panel t interval; design-conditional
stage_a_uci_v1,norm,all,0,ba,accuracy,1,0.861328125,,,,3,3,"{""uci_internal_fixed"": 0.861328125}",descriptive panel t interval; design-conditional
stage_a_uci_v1,norm,all,0,ba,nll,1,0.51379354555466,,,,3,3,"{""uci_internal_fixed"": 0.51379354555466}",descriptive panel t interval; design-conditional
stage_a_uci_v1,norm,all,0,ba,brier,1,0.21413016188688805,,,,3,3,"{""uci_internal_fixed"": 0.21413016188688805}",descriptive panel t interval; design-conditional
stage_a_uci_v1,norm,all,0,ba,ece15,1,0.07924768291116553,,,,3,3,"{""uci_internal_fixed"": 0.07924768291116553}",descriptive panel t interval; design-conditional
stage_a_uci_v1,norm,all,0,ba,seconds,1,0.02951886666414788,,,,3,3,"{""uci_internal_fixed"": 0.02951886666414788}",descriptive panel t interval; design-conditional
stage_a_uci_v1,norm,all,0,ba,updates,1,0.0,,,,3,3,"{""uci_internal_fixed"": 0.0}",descriptive panel t interval; design-conditional
stage_a_uci_v1,norm,all,0,ba,skipped,1,0.0,,,,3,3,"{""uci_internal_fixed"": 0.0}",descriptive panel t interval; design-conditional
stage_a_uci_v1,norm,all,0,ba,recoveries,1,0.0,,,,3,3,"{""uci_internal_fixed"": 0.0}",descriptive panel t interval; design-conditional
stage_a_uci_v1,norm,all,4,ab,accuracy,1,0.861328125,,,,3,3,"{""uci_internal_fixed"": 0.861328125}",descriptive panel t interval; design-conditional
stage_a_uci_v1,norm,all,4,ab,nll,1,0.51379354555466,,,,3,3,"{""uci_internal_fixed"": 0.51379354555466}",descriptive panel t interval; design-conditional
stage_a_uci_v1,norm,all,4,ab,brier,1,0.21413016188688805,,,,3,3,"{""uci_internal_fixed"": 0.21413016188688805}",descriptive panel t interval; design-conditional
stage_a_uci_v1,norm,all,4,ab,ece15,1,0.07924768291116553,,,,3,3,"{""uci_internal_fixed"": 0.07924768291116553}",descriptive panel t interval; design-conditional
stage_a_uci_v1,norm,all,4,ab,seconds,1,0.03313918333151373,,,,3,3,"{""uci_internal_fixed"": 0.03313918333151373}",descriptive panel t interval; design-conditional
stage_a_uci_v1,norm,all,4,ab,updates,1,0.0,,,,3,3,"{""uci_internal_fixed"": 0.0}",descriptive panel t interval; design-conditional
stage_a_uci_v1,norm,all,4,ab,skipped,1,0.0,,,,3,3,"{""uci_internal_fixed"": 0.0}",descriptive panel t interval; design-conditional
stage_a_uci_v1,norm,all,4,ab,recoveries,1,0.0,,,,3,3,"{""uci_internal_fixed"": 0.0}",descriptive panel t interval; design-conditional
stage_a_uci_v1,norm,all,4,ba,accuracy,1,0.861328125,,,,3,3,"{""uci_internal_fixed"": 0.861328125}",descriptive panel t interval; design-conditional
stage_a_uci_v1,norm,all,4,ba,nll,1,0.51379354555466,,,,3,3,"{""uci_internal_fixed"": 0.51379354555466}",descriptive panel t interval; design-conditional
stage_a_uci_v1,norm,all,4,ba,brier,1,0.21413016188688805,,,,3,3,"{""uci_internal_fixed"": 0.21413016188688805}",descriptive panel t interval; design-conditional
stage_a_uci_v1,norm,all,4,ba,ece15,1,0.07924768291116553,,,,3,3,"{""uci_internal_fixed"": 0.07924768291116553}",descriptive panel t interval; design-conditional
stage_a_uci_v1,norm,all,4,ba,seconds,1,0.03272861667210231,,,,3,3,"{""uci_internal_fixed"": 0.03272861667210231}",descriptive panel t interval; design-conditional
stage_a_uci_v1,norm,all,4,ba,updates,1,0.0,,,,3,3,"{""uci_internal_fixed"": 0.0}",descriptive panel t interval; design-conditional
stage_a_uci_v1,norm,all,4,ba,skipped,1,0.0,,,,3,3,"{""uci_internal_fixed"": 0.0}",descriptive panel t interval; design-conditional
stage_a_uci_v1,norm,all,4,ba,recoveries,1,0.0,,,,3,3,"{""uci_internal_fixed"": 0.0}",descriptive panel t interval; design-conditional
stage_a_uci_v1,norm,none,0,ab,accuracy,1,0.861328125,,,,3,3,"{""uci_internal_fixed"": 0.861328125}",descriptive panel t interval; design-conditional
stage_a_uci_v1,norm,none,0,ab,nll,1,0.51379354555466,,,,3,3,"{""uci_internal_fixed"": 0.51379354555466}",descriptive panel t interval; design-conditional
stage_a_uci_v1,norm,none,0,ab,brier,1,0.21413016188688805,,,,3,3,"{""uci_internal_fixed"": 0.21413016188688805}",descriptive panel t interval; design-conditional
stage_a_uci_v1,norm,none,0,ab,ece15,1,0.07924768291116553,,,,3,3,"{""uci_internal_fixed"": 0.07924768291116553}",descriptive panel t interval; design-conditional
stage_a_uci_v1,norm,none,0,ab,seconds,1,0.04025223333398265,,,,3,3,"{""uci_internal_fixed"": 0.04025223333398265}",descriptive panel t interval; design-conditional
stage_a_uci_v1,norm,none,0,ab,updates,1,0.0,,,,3,3,"{""uci_internal_fixed"": 0.0}",descriptive panel t interval; design-conditional
stage_a_uci_v1,norm,none,0,ab,skipped,1,0.0,,,,3,3,"{""uci_internal_fixed"": 0.0}",descriptive panel t interval; design-conditional
stage_a_uci_v1,norm,none,0,ab,recoveries,1,0.0,,,,3,3,"{""uci_internal_fixed"": 0.0}",descriptive panel t interval; design-conditional
stage_a_uci_v1,norm,none,0,ba,accuracy,1,0.861328125,,,,3,3,"{""uci_internal_fixed"": 0.861328125}",descriptive panel t interval; design-conditional
stage_a_uci_v1,norm,none,0,ba,nll,1,0.51379354555466,,,,3,3,"{""uci_internal_fixed"": 0.51379354555466}",descriptive panel t interval; design-conditional
stage_a_uci_v1,norm,none,0,ba,brier,1,0.21413016188688805,,,,3,3,"{""uci_internal_fixed"": 0.21413016188688805}",descriptive panel t interval; design-conditional
stage_a_uci_v1,norm,none,0,ba,ece15,1,0.07924768291116553,,,,3,3,"{""uci_internal_fixed"": 0.07924768291116553}",descriptive panel t interval; design-conditional
stage_a_uci_v1,norm,none,0,ba,seconds,1,0.032177666670274115,,,,3,3,"{""uci_internal_fixed"": 0.032177666670274115}",descriptive panel t interval; design-conditional
stage_a_uci_v1,norm,none,0,ba,updates,1,0.0,,,,3,3,"{""uci_internal_fixed"": 0.0}",descriptive panel t interval; design-conditional
stage_a_uci_v1,norm,none,0,ba,skipped,1,0.0,,,,3,3,"{""uci_internal_fixed"": 0.0}",descriptive panel t interval; design-conditional
stage_a_uci_v1,norm,none,0,ba,recoveries,1,0.0,,,,3,3,"{""uci_internal_fixed"": 0.0}",descriptive panel t interval; design-conditional
stage_a_uci_v1,norm,none,4,ab,accuracy,1,0.861328125,,,,3,3,"{""uci_internal_fixed"": 0.861328125}",descriptive panel t interval; design-conditional
stage_a_uci_v1,norm,none,4,ab,nll,1,0.51379354555466,,,,3,3,"{""uci_internal_fixed"": 0.51379354555466}",descriptive panel t interval; design-conditional
stage_a_uci_v1,norm,none,4,ab,brier,1,0.21413016188688805,,,,3,3,"{""uci_internal_fixed"": 0.21413016188688805}",descriptive panel t interval; design-conditional
stage_a_uci_v1,norm,none,4,ab,ece15,1,0.07924768291116553,,,,3,3,"{""uci_internal_fixed"": 0.07924768291116553}",descriptive panel t interval; design-conditional
stage_a_uci_v1,norm,none,4,ab,seconds,1,0.04387875000005195,,,,3,3,"{""uci_internal_fixed"": 0.04387875000005195}",descriptive panel t interval; design-conditional
stage_a_uci_v1,norm,none,4,ab,updates,1,0.0,,,,3,3,"{""uci_internal_fixed"": 0.0}",descriptive panel t interval; design-conditional
stage_a_uci_v1,norm,none,4,ab,skipped,1,0.0,,,,3,3,"{""uci_internal_fixed"": 0.0}",descriptive panel t interval; design-conditional
stage_a_uci_v1,norm,none,4,ab,recoveries,1,0.0,,,,3,3,"{""uci_internal_fixed"": 0.0}",descriptive panel t interval; design-conditional
stage_a_uci_v1,norm,none,4,ba,accuracy,1,0.861328125,,,,3,3,"{""uci_internal_fixed"": 0.861328125}",descriptive panel t interval; design-conditional
stage_a_uci_v1,norm,none,4,ba,nll,1,0.51379354555466,,,,3,3,"{""uci_internal_fixed"": 0.51379354555466}",descriptive panel t interval; design-conditional
stage_a_uci_v1,norm,none,4,ba,brier,1,0.21413016188688805,,,,3,3,"{""uci_internal_fixed"": 0.21413016188688805}",descriptive panel t interval; design-conditional
stage_a_uci_v1,norm,none,4,ba,ece15,1,0.07924768291116553,,,,3,3,"{""uci_internal_fixed"": 0.07924768291116553}",descriptive panel t interval; design-conditional
stage_a_uci_v1,norm,none,4,ba,seconds,1,0.0401119833356157,,,,3,3,"{""uci_internal_fixed"": 0.0401119833356157}",descriptive panel t interval; design-conditional
stage_a_uci_v1,norm,none,4,ba,updates,1,0.0,,,,3,3,"{""uci_internal_fixed"": 0.0}",descriptive panel t interval; design-conditional
stage_a_uci_v1,norm,none,4,ba,skipped,1,0.0,,,,3,3,"{""uci_internal_fixed"": 0.0}",descriptive panel t interval; design-conditional
stage_a_uci_v1,norm,none,4,ba,recoveries,1,0.0,,,,3,3,"{""uci_internal_fixed"": 0.0}",descriptive panel t interval; design-conditional
stage_a_uci_v1,sar_complete,all,0,ab,accuracy,1,0.8616536458333334,,,,3,3,"{""uci_internal_fixed"": 0.8616536458333334}",descriptive panel t interval; design-conditional
stage_a_uci_v1,sar_complete,all,0,ab,nll,1,0.5136921476014341,,,,3,3,"{""uci_internal_fixed"": 0.5136921476014341}",descriptive panel t interval; design-conditional
stage_a_uci_v1,sar_complete,all,0,ab,brier,1,0.21403785842504322,,,,3,3,"{""uci_internal_fixed"": 0.21403785842504322}",descriptive panel t interval; design-conditional
stage_a_uci_v1,sar_complete,all,0,ab,ece15,1,0.07898169428309054,,,,3,3,"{""uci_internal_fixed"": 0.07898169428309054}",descriptive panel t interval; design-conditional
stage_a_uci_v1,sar_complete,all,0,ab,seconds,1,0.23330135000045024,,,,3,3,"{""uci_internal_fixed"": 0.23330135000045024}",descriptive panel t interval; design-conditional
stage_a_uci_v1,sar_complete,all,0,ab,updates,1,16.0,,,,3,3,"{""uci_internal_fixed"": 16.0}",descriptive panel t interval; design-conditional
stage_a_uci_v1,sar_complete,all,0,ab,skipped,1,0.0,,,,3,3,"{""uci_internal_fixed"": 0.0}",descriptive panel t interval; design-conditional
stage_a_uci_v1,sar_complete,all,0,ab,recoveries,1,8.5,,,,3,3,"{""uci_internal_fixed"": 8.5}",descriptive panel t interval; design-conditional
stage_a_uci_v1,sar_complete,all,0,ba,accuracy,1,0.8616536458333334,,,,3,3,"{""uci_internal_fixed"": 0.8616536458333334}",descriptive panel t interval; design-conditional
stage_a_uci_v1,sar_complete,all,0,ba,nll,1,0.5136921476014341,,,,3,3,"{""uci_internal_fixed"": 0.5136921476014341}",descriptive panel t interval; design-conditional
stage_a_uci_v1,sar_complete,all,0,ba,brier,1,0.21403785842504322,,,,3,3,"{""uci_internal_fixed"": 0.21403785842504322}",descriptive panel t interval; design-conditional
stage_a_uci_v1,sar_complete,all,0,ba,ece15,1,0.07898169428309054,,,,3,3,"{""uci_internal_fixed"": 0.07898169428309054}",descriptive panel t interval; design-conditional
stage_a_uci_v1,sar_complete,all,0,ba,seconds,1,0.20127059999746655,,,,3,3,"{""uci_internal_fixed"": 0.20127059999746655}",descriptive panel t interval; design-conditional
stage_a_uci_v1,sar_complete,all,0,ba,updates,1,16.0,,,,3,3,"{""uci_internal_fixed"": 16.0}",descriptive panel t interval; design-conditional
stage_a_uci_v1,sar_complete,all,0,ba,skipped,1,0.0,,,,3,3,"{""uci_internal_fixed"": 0.0}",descriptive panel t interval; design-conditional
stage_a_uci_v1,sar_complete,all,0,ba,recoveries,1,8.5,,,,3,3,"{""uci_internal_fixed"": 8.5}",descriptive panel t interval; design-conditional
stage_a_uci_v1,sar_complete,all,4,ab,accuracy,1,0.8616536458333334,,,,3,3,"{""uci_internal_fixed"": 0.8616536458333334}",descriptive panel t interval; design-conditional
stage_a_uci_v1,sar_complete,all,4,ab,nll,1,0.5136921476014341,,,,3,3,"{""uci_internal_fixed"": 0.5136921476014341}",descriptive panel t interval; design-conditional
stage_a_uci_v1,sar_complete,all,4,ab,brier,1,0.21403785842504322,,,,3,3,"{""uci_internal_fixed"": 0.21403785842504322}",descriptive panel t interval; design-conditional
stage_a_uci_v1,sar_complete,all,4,ab,ece15,1,0.07898169428309054,,,,3,3,"{""uci_internal_fixed"": 0.07898169428309054}",descriptive panel t interval; design-conditional
stage_a_uci_v1,sar_complete,all,4,ab,seconds,1,0.18816196666739415,,,,3,3,"{""uci_internal_fixed"": 0.18816196666739415}",descriptive panel t interval; design-conditional
stage_a_uci_v1,sar_complete,all,4,ab,updates,1,16.0,,,,3,3,"{""uci_internal_fixed"": 16.0}",descriptive panel t interval; design-conditional
stage_a_uci_v1,sar_complete,all,4,ab,skipped,1,0.0,,,,3,3,"{""uci_internal_fixed"": 0.0}",descriptive panel t interval; design-conditional
stage_a_uci_v1,sar_complete,all,4,ab,recoveries,1,8.5,,,,3,3,"{""uci_internal_fixed"": 8.5}",descriptive panel t interval; design-conditional
stage_a_uci_v1,sar_complete,all,4,ba,accuracy,1,0.8616536458333334,,,,3,3,"{""uci_internal_fixed"": 0.8616536458333334}",descriptive panel t interval; design-conditional
stage_a_uci_v1,sar_complete,all,4,ba,nll,1,0.5136921476014341,,,,3,3,"{""uci_internal_fixed"": 0.5136921476014341}",descriptive panel t interval; design-conditional
stage_a_uci_v1,sar_complete,all,4,ba,brier,1,0.21403785842504322,,,,3,3,"{""uci_internal_fixed"": 0.21403785842504322}",descriptive panel t interval; design-conditional
stage_a_uci_v1,sar_complete,all,4,ba,ece15,1,0.07898169428309054,,,,3,3,"{""uci_internal_fixed"": 0.07898169428309054}",descriptive panel t interval; design-conditional
stage_a_uci_v1,sar_complete,all,4,ba,seconds,1,0.15160890000212623,,,,3,3,"{""uci_internal_fixed"": 0.15160890000212623}",descriptive panel t interval; design-conditional
stage_a_uci_v1,sar_complete,all,4,ba,updates,1,16.0,,,,3,3,"{""uci_internal_fixed"": 16.0}",descriptive panel t interval; design-conditional
stage_a_uci_v1,sar_complete,all,4,ba,skipped,1,0.0,,,,3,3,"{""uci_internal_fixed"": 0.0}",descriptive panel t interval; design-conditional
stage_a_uci_v1,sar_complete,all,4,ba,recoveries,1,8.5,,,,3,3,"{""uci_internal_fixed"": 8.5}",descriptive panel t interval; design-conditional
stage_a_uci_v1,sar_complete,aux,0,ab,accuracy,1,0.8616536458333334,,,,3,3,"{""uci_internal_fixed"": 0.8616536458333334}",descriptive panel t interval; design-conditional
stage_a_uci_v1,sar_complete,aux,0,ab,nll,1,0.5136911208914686,,,,3,3,"{""uci_internal_fixed"": 0.5136911208914686}",descriptive panel t interval; design-conditional
stage_a_uci_v1,sar_complete,aux,0,ab,brier,1,0.21403761550077616,,,,3,3,"{""uci_internal_fixed"": 0.21403761550077616}",descriptive panel t interval; design-conditional
stage_a_uci_v1,sar_complete,aux,0,ab,ece15,1,0.07898263321143657,,,,3,3,"{""uci_internal_fixed"": 0.07898263321143657}",descriptive panel t interval; design-conditional
stage_a_uci_v1,sar_complete,aux,0,ab,seconds,1,0.18016331667119323,,,,3,3,"{""uci_internal_fixed"": 0.18016331667119323}",descriptive panel t interval; design-conditional
stage_a_uci_v1,sar_complete,aux,0,ab,updates,1,16.0,,,,3,3,"{""uci_internal_fixed"": 16.0}",descriptive panel t interval; design-conditional
stage_a_uci_v1,sar_complete,aux,0,ab,skipped,1,0.0,,,,3,3,"{""uci_internal_fixed"": 0.0}",descriptive panel t interval; design-conditional
stage_a_uci_v1,sar_complete,aux,0,ab,recoveries,1,8.5,,,,3,3,"{""uci_internal_fixed"": 8.5}",descriptive panel t interval; design-conditional
stage_a_uci_v1,sar_complete,aux,0,ba,accuracy,1,0.8616536458333334,,,,3,3,"{""uci_internal_fixed"": 0.8616536458333334}",descriptive panel t interval; design-conditional
stage_a_uci_v1,sar_complete,aux,0,ba,nll,1,0.5136918991569656,,,,3,3,"{""uci_internal_fixed"": 0.5136918991569656}",descriptive panel t interval; design-conditional
stage_a_uci_v1,sar_complete,aux,0,ba,brier,1,0.21403775275629702,,,,3,3,"{""uci_internal_fixed"": 0.21403775275629702}",descriptive panel t interval; design-conditional
stage_a_uci_v1,sar_complete,aux,0,ba,ece15,1,0.07898188026443755,,,,3,3,"{""uci_internal_fixed"": 0.07898188026443755}",descriptive panel t interval; design-conditional
stage_a_uci_v1,sar_complete,aux,0,ba,seconds,1,0.2452455499975864,,,,3,3,"{""uci_internal_fixed"": 0.2452455499975864}",descriptive panel t interval; design-conditional
stage_a_uci_v1,sar_complete,aux,0,ba,updates,1,16.0,,,,3,3,"{""uci_internal_fixed"": 16.0}",descriptive panel t interval; design-conditional
stage_a_uci_v1,sar_complete,aux,0,ba,skipped,1,0.0,,,,3,3,"{""uci_internal_fixed"": 0.0}",descriptive panel t interval; design-conditional
stage_a_uci_v1,sar_complete,aux,0,ba,recoveries,1,8.5,,,,3,3,"{""uci_internal_fixed"": 8.5}",descriptive panel t interval; design-conditional
stage_a_uci_v1,sar_complete,aux,4,ab,accuracy,1,0.8616536458333334,,,,3,3,"{""uci_internal_fixed"": 0.8616536458333334}",descriptive panel t interval; design-conditional
stage_a_uci_v1,sar_complete,aux,4,ab,nll,1,0.5136921476014341,,,,3,3,"{""uci_internal_fixed"": 0.5136921476014341}",descriptive panel t interval; design-conditional
stage_a_uci_v1,sar_complete,aux,4,ab,brier,1,0.21403785842504322,,,,3,3,"{""uci_internal_fixed"": 0.21403785842504322}",descriptive panel t interval; design-conditional
stage_a_uci_v1,sar_complete,aux,4,ab,ece15,1,0.07898169428309054,,,,3,3,"{""uci_internal_fixed"": 0.07898169428309054}",descriptive panel t interval; design-conditional
stage_a_uci_v1,sar_complete,aux,4,ab,seconds,1,0.17448746666680862,,,,3,3,"{""uci_internal_fixed"": 0.17448746666680862}",descriptive panel t interval; design-conditional
stage_a_uci_v1,sar_complete,aux,4,ab,updates,1,16.0,,,,3,3,"{""uci_internal_fixed"": 16.0}",descriptive panel t interval; design-conditional
stage_a_uci_v1,sar_complete,aux,4,ab,skipped,1,0.0,,,,3,3,"{""uci_internal_fixed"": 0.0}",descriptive panel t interval; design-conditional
stage_a_uci_v1,sar_complete,aux,4,ab,recoveries,1,8.5,,,,3,3,"{""uci_internal_fixed"": 8.5}",descriptive panel t interval; design-conditional
stage_a_uci_v1,sar_complete,aux,4,ba,accuracy,1,0.8616536458333334,,,,3,3,"{""uci_internal_fixed"": 0.8616536458333334}",descriptive panel t interval; design-conditional
stage_a_uci_v1,sar_complete,aux,4,ba,nll,1,0.5136921476014341,,,,3,3,"{""uci_internal_fixed"": 0.5136921476014341}",descriptive panel t interval; design-conditional
stage_a_uci_v1,sar_complete,aux,4,ba,brier,1,0.21403785842504322,,,,3,3,"{""uci_internal_fixed"": 0.21403785842504322}",descriptive panel t interval; design-conditional
stage_a_uci_v1,sar_complete,aux,4,ba,ece15,1,0.07898169428309054,,,,3,3,"{""uci_internal_fixed"": 0.07898169428309054}",descriptive panel t interval; design-conditional
stage_a_uci_v1,sar_complete,aux,4,ba,seconds,1,0.1696850999990905,,,,3,3,"{""uci_internal_fixed"": 0.1696850999990905}",descriptive panel t interval; design-conditional
stage_a_uci_v1,sar_complete,aux,4,ba,updates,1,16.0,,,,3,3,"{""uci_internal_fixed"": 16.0}",descriptive panel t interval; design-conditional
stage_a_uci_v1,sar_complete,aux,4,ba,skipped,1,0.0,,,,3,3,"{""uci_internal_fixed"": 0.0}",descriptive panel t interval; design-conditional
stage_a_uci_v1,sar_complete,aux,4,ba,recoveries,1,8.5,,,,3,3,"{""uci_internal_fixed"": 8.5}",descriptive panel t interval; design-conditional
stage_a_uci_v1,sar_complete,none,0,ab,accuracy,1,0.861328125,,,,3,3,"{""uci_internal_fixed"": 0.861328125}",descriptive panel t interval; design-conditional
stage_a_uci_v1,sar_complete,none,0,ab,nll,1,0.5138863357021054,,,,3,3,"{""uci_internal_fixed"": 0.5138863357021054}",descriptive panel t interval; design-conditional
stage_a_uci_v1,sar_complete,none,0,ab,brier,1,0.21414417125556526,,,,3,3,"{""uci_internal_fixed"": 0.21414417125556526}",descriptive panel t interval; design-conditional
stage_a_uci_v1,sar_complete,none,0,ab,ece15,1,0.07925299168666443,,,,3,3,"{""uci_internal_fixed"": 0.07925299168666443}",descriptive panel t interval; design-conditional
stage_a_uci_v1,sar_complete,none,0,ab,seconds,1,0.16957990000082637,,,,3,3,"{""uci_internal_fixed"": 0.16957990000082637}",descriptive panel t interval; design-conditional
stage_a_uci_v1,sar_complete,none,0,ab,updates,1,16.0,,,,3,3,"{""uci_internal_fixed"": 16.0}",descriptive panel t interval; design-conditional
stage_a_uci_v1,sar_complete,none,0,ab,skipped,1,0.0,,,,3,3,"{""uci_internal_fixed"": 0.0}",descriptive panel t interval; design-conditional
stage_a_uci_v1,sar_complete,none,0,ab,recoveries,1,12.833333333333334,,,,3,3,"{""uci_internal_fixed"": 12.833333333333334}",descriptive panel t interval; design-conditional
stage_a_uci_v1,sar_complete,none,0,ba,accuracy,1,0.861328125,,,,3,3,"{""uci_internal_fixed"": 0.861328125}",descriptive panel t interval; design-conditional
stage_a_uci_v1,sar_complete,none,0,ba,nll,1,0.5138358542693372,,,,3,3,"{""uci_internal_fixed"": 0.5138358542693372}",descriptive panel t interval; design-conditional
stage_a_uci_v1,sar_complete,none,0,ba,brier,1,0.21413102141123852,,,,3,3,"{""uci_internal_fixed"": 0.21413102141123852}",descriptive panel t interval; design-conditional
stage_a_uci_v1,sar_complete,none,0,ba,ece15,1,0.0792531270536798,,,,3,3,"{""uci_internal_fixed"": 0.0792531270536798}",descriptive panel t interval; design-conditional
stage_a_uci_v1,sar_complete,none,0,ba,seconds,1,0.16099308333408166,,,,3,3,"{""uci_internal_fixed"": 0.16099308333408166}",descriptive panel t interval; design-conditional
stage_a_uci_v1,sar_complete,none,0,ba,updates,1,16.0,,,,3,3,"{""uci_internal_fixed"": 16.0}",descriptive panel t interval; design-conditional
stage_a_uci_v1,sar_complete,none,0,ba,skipped,1,0.0,,,,3,3,"{""uci_internal_fixed"": 0.0}",descriptive panel t interval; design-conditional
stage_a_uci_v1,sar_complete,none,0,ba,recoveries,1,12.333333333333334,,,,3,3,"{""uci_internal_fixed"": 12.333333333333334}",descriptive panel t interval; design-conditional
stage_a_uci_v1,sar_complete,none,4,ab,accuracy,1,0.861328125,,,,3,3,"{""uci_internal_fixed"": 0.861328125}",descriptive panel t interval; design-conditional
stage_a_uci_v1,sar_complete,none,4,ab,nll,1,0.5141057965680674,,,,3,3,"{""uci_internal_fixed"": 0.5141057965680674}",descriptive panel t interval; design-conditional
stage_a_uci_v1,sar_complete,none,4,ab,brier,1,0.21417164845120007,,,,3,3,"{""uci_internal_fixed"": 0.21417164845120007}",descriptive panel t interval; design-conditional
stage_a_uci_v1,sar_complete,none,4,ab,ece15,1,0.07928688614591352,,,,3,3,"{""uci_internal_fixed"": 0.07928688614591352}",descriptive panel t interval; design-conditional
stage_a_uci_v1,sar_complete,none,4,ab,seconds,1,0.1899518000039582,,,,3,3,"{""uci_internal_fixed"": 0.1899518000039582}",descriptive panel t interval; design-conditional
stage_a_uci_v1,sar_complete,none,4,ab,updates,1,16.0,,,,3,3,"{""uci_internal_fixed"": 16.0}",descriptive panel t interval; design-conditional
stage_a_uci_v1,sar_complete,none,4,ab,skipped,1,0.0,,,,3,3,"{""uci_internal_fixed"": 0.0}",descriptive panel t interval; design-conditional
stage_a_uci_v1,sar_complete,none,4,ab,recoveries,1,10.166666666666666,,,,3,3,"{""uci_internal_fixed"": 10.166666666666666}",descriptive panel t interval; design-conditional
stage_a_uci_v1,sar_complete,none,4,ba,accuracy,1,0.8616536458333334,,,,3,3,"{""uci_internal_fixed"": 0.8616536458333334}",descriptive panel t interval; design-conditional
stage_a_uci_v1,sar_complete,none,4,ba,nll,1,0.5141350032858429,,,,3,3,"{""uci_internal_fixed"": 0.5141350032858429}",descriptive panel t interval; design-conditional
stage_a_uci_v1,sar_complete,none,4,ba,brier,1,0.2141765961736135,,,,3,3,"{""uci_internal_fixed"": 0.2141765961736135}",descriptive panel t interval; design-conditional
stage_a_uci_v1,sar_complete,none,4,ba,ece15,1,0.07896337537981624,,,,3,3,"{""uci_internal_fixed"": 0.07896337537981624}",descriptive panel t interval; design-conditional
stage_a_uci_v1,sar_complete,none,4,ba,seconds,1,0.19331015000110097,,,,3,3,"{""uci_internal_fixed"": 0.19331015000110097}",descriptive panel t interval; design-conditional
stage_a_uci_v1,sar_complete,none,4,ba,updates,1,16.0,,,,3,3,"{""uci_internal_fixed"": 16.0}",descriptive panel t interval; design-conditional
stage_a_uci_v1,sar_complete,none,4,ba,skipped,1,0.0,,,,3,3,"{""uci_internal_fixed"": 0.0}",descriptive panel t interval; design-conditional
stage_a_uci_v1,sar_complete,none,4,ba,recoveries,1,10.0,,,,3,3,"{""uci_internal_fixed"": 10.0}",descriptive panel t interval; design-conditional
stage_a_uci_v1,sar_complete,optimizer,0,ab,accuracy,1,0.861328125,,,,3,3,"{""uci_internal_fixed"": 0.861328125}",descriptive panel t interval; design-conditional
stage_a_uci_v1,sar_complete,optimizer,0,ab,nll,1,0.5138863386224921,,,,3,3,"{""uci_internal_fixed"": 0.5138863386224921}",descriptive panel t interval; design-conditional
stage_a_uci_v1,sar_complete,optimizer,0,ab,brier,1,0.21414417126145927,,,,3,3,"{""uci_internal_fixed"": 0.21414417126145927}",descriptive panel t interval; design-conditional
stage_a_uci_v1,sar_complete,optimizer,0,ab,ece15,1,0.07925298877045095,,,,3,3,"{""uci_internal_fixed"": 0.07925298877045095}",descriptive panel t interval; design-conditional
stage_a_uci_v1,sar_complete,optimizer,0,ab,seconds,1,0.16139296666854833,,,,3,3,"{""uci_internal_fixed"": 0.16139296666854833}",descriptive panel t interval; design-conditional
stage_a_uci_v1,sar_complete,optimizer,0,ab,updates,1,16.0,,,,3,3,"{""uci_internal_fixed"": 16.0}",descriptive panel t interval; design-conditional
stage_a_uci_v1,sar_complete,optimizer,0,ab,skipped,1,0.0,,,,3,3,"{""uci_internal_fixed"": 0.0}",descriptive panel t interval; design-conditional
stage_a_uci_v1,sar_complete,optimizer,0,ab,recoveries,1,12.833333333333334,,,,3,3,"{""uci_internal_fixed"": 12.833333333333334}",descriptive panel t interval; design-conditional
stage_a_uci_v1,sar_complete,optimizer,0,ba,accuracy,1,0.861328125,,,,3,3,"{""uci_internal_fixed"": 0.861328125}",descriptive panel t interval; design-conditional
stage_a_uci_v1,sar_complete,optimizer,0,ba,nll,1,0.5138358755361777,,,,3,3,"{""uci_internal_fixed"": 0.5138358755361777}",descriptive panel t interval; design-conditional
stage_a_uci_v1,sar_complete,optimizer,0,ba,brier,1,0.214131032451684,,,,3,3,"{""uci_internal_fixed"": 0.214131032451684}",descriptive panel t interval; design-conditional
stage_a_uci_v1,sar_complete,optimizer,0,ba,ece15,1,0.07925311549218288,,,,3,3,"{""uci_internal_fixed"": 0.07925311549218288}",descriptive panel t interval; design-conditional
stage_a_uci_v1,sar_complete,optimizer,0,ba,seconds,1,0.1922025666669166,,,,3,3,"{""uci_internal_fixed"": 0.1922025666669166}",descriptive panel t interval; design-conditional
stage_a_uci_v1,sar_complete,optimizer,0,ba,updates,1,16.0,,,,3,3,"{""uci_internal_fixed"": 16.0}",descriptive panel t interval; design-conditional
stage_a_uci_v1,sar_complete,optimizer,0,ba,skipped,1,0.0,,,,3,3,"{""uci_internal_fixed"": 0.0}",descriptive panel t interval; design-conditional
stage_a_uci_v1,sar_complete,optimizer,0,ba,recoveries,1,12.333333333333334,,,,3,3,"{""uci_internal_fixed"": 12.333333333333334}",descriptive panel t interval; design-conditional
stage_a_uci_v1,sar_complete,optimizer,4,ab,accuracy,1,0.861328125,,,,3,3,"{""uci_internal_fixed"": 0.861328125}",descriptive panel t interval; design-conditional
stage_a_uci_v1,sar_complete,optimizer,4,ab,nll,1,0.5141057965680674,,,,3,3,"{""uci_internal_fixed"": 0.5141057965680674}",descriptive panel t interval; design-conditional
stage_a_uci_v1,sar_complete,optimizer,4,ab,brier,1,0.21417164845120007,,,,3,3,"{""uci_internal_fixed"": 0.21417164845120007}",descriptive panel t interval; design-conditional
stage_a_uci_v1,sar_complete,optimizer,4,ab,ece15,1,0.07928688614591352,,,,3,3,"{""uci_internal_fixed"": 0.07928688614591352}",descriptive panel t interval; design-conditional
stage_a_uci_v1,sar_complete,optimizer,4,ab,seconds,1,0.16054633333260424,,,,3,3,"{""uci_internal_fixed"": 0.16054633333260424}",descriptive panel t interval; design-conditional
stage_a_uci_v1,sar_complete,optimizer,4,ab,updates,1,16.0,,,,3,3,"{""uci_internal_fixed"": 16.0}",descriptive panel t interval; design-conditional
stage_a_uci_v1,sar_complete,optimizer,4,ab,skipped,1,0.0,,,,3,3,"{""uci_internal_fixed"": 0.0}",descriptive panel t interval; design-conditional
stage_a_uci_v1,sar_complete,optimizer,4,ab,recoveries,1,10.166666666666666,,,,3,3,"{""uci_internal_fixed"": 10.166666666666666}",descriptive panel t interval; design-conditional
stage_a_uci_v1,sar_complete,optimizer,4,ba,accuracy,1,0.8616536458333334,,,,3,3,"{""uci_internal_fixed"": 0.8616536458333334}",descriptive panel t interval; design-conditional
stage_a_uci_v1,sar_complete,optimizer,4,ba,nll,1,0.5141350032858429,,,,3,3,"{""uci_internal_fixed"": 0.5141350032858429}",descriptive panel t interval; design-conditional
stage_a_uci_v1,sar_complete,optimizer,4,ba,brier,1,0.2141765961736135,,,,3,3,"{""uci_internal_fixed"": 0.2141765961736135}",descriptive panel t interval; design-conditional
stage_a_uci_v1,sar_complete,optimizer,4,ba,ece15,1,0.07896337537981624,,,,3,3,"{""uci_internal_fixed"": 0.07896337537981624}",descriptive panel t interval; design-conditional
stage_a_uci_v1,sar_complete,optimizer,4,ba,seconds,1,0.17039081666735,,,,3,3,"{""uci_internal_fixed"": 0.17039081666735}",descriptive panel t interval; design-conditional
stage_a_uci_v1,sar_complete,optimizer,4,ba,updates,1,16.0,,,,3,3,"{""uci_internal_fixed"": 16.0}",descriptive panel t interval; design-conditional
stage_a_uci_v1,sar_complete,optimizer,4,ba,skipped,1,0.0,,,,3,3,"{""uci_internal_fixed"": 0.0}",descriptive panel t interval; design-conditional
stage_a_uci_v1,sar_complete,optimizer,4,ba,recoveries,1,10.0,,,,3,3,"{""uci_internal_fixed"": 10.0}",descriptive panel t interval; design-conditional
stage_a_uci_v1,sar_complete,optimizer_aux,0,ab,accuracy,1,0.8616536458333334,,,,3,3,"{""uci_internal_fixed"": 0.8616536458333334}",descriptive panel t interval; design-conditional
stage_a_uci_v1,sar_complete,optimizer_aux,0,ab,nll,1,0.5136911208914686,,,,3,3,"{""uci_internal_fixed"": 0.5136911208914686}",descriptive panel t interval; design-conditional
stage_a_uci_v1,sar_complete,optimizer_aux,0,ab,brier,1,0.21403761550077616,,,,3,3,"{""uci_internal_fixed"": 0.21403761550077616}",descriptive panel t interval; design-conditional
stage_a_uci_v1,sar_complete,optimizer_aux,0,ab,ece15,1,0.07898263321143657,,,,3,3,"{""uci_internal_fixed"": 0.07898263321143657}",descriptive panel t interval; design-conditional
stage_a_uci_v1,sar_complete,optimizer_aux,0,ab,seconds,1,0.1720204333323636,,,,3,3,"{""uci_internal_fixed"": 0.1720204333323636}",descriptive panel t interval; design-conditional
stage_a_uci_v1,sar_complete,optimizer_aux,0,ab,updates,1,16.0,,,,3,3,"{""uci_internal_fixed"": 16.0}",descriptive panel t interval; design-conditional
stage_a_uci_v1,sar_complete,optimizer_aux,0,ab,skipped,1,0.0,,,,3,3,"{""uci_internal_fixed"": 0.0}",descriptive panel t interval; design-conditional
stage_a_uci_v1,sar_complete,optimizer_aux,0,ab,recoveries,1,8.5,,,,3,3,"{""uci_internal_fixed"": 8.5}",descriptive panel t interval; design-conditional
stage_a_uci_v1,sar_complete,optimizer_aux,0,ba,accuracy,1,0.8616536458333334,,,,3,3,"{""uci_internal_fixed"": 0.8616536458333334}",descriptive panel t interval; design-conditional
stage_a_uci_v1,sar_complete,optimizer_aux,0,ba,nll,1,0.5136918991569656,,,,3,3,"{""uci_internal_fixed"": 0.5136918991569656}",descriptive panel t interval; design-conditional
stage_a_uci_v1,sar_complete,optimizer_aux,0,ba,brier,1,0.21403775275629702,,,,3,3,"{""uci_internal_fixed"": 0.21403775275629702}",descriptive panel t interval; design-conditional
stage_a_uci_v1,sar_complete,optimizer_aux,0,ba,ece15,1,0.07898188026443755,,,,3,3,"{""uci_internal_fixed"": 0.07898188026443755}",descriptive panel t interval; design-conditional
stage_a_uci_v1,sar_complete,optimizer_aux,0,ba,seconds,1,0.19627746666810705,,,,3,3,"{""uci_internal_fixed"": 0.19627746666810705}",descriptive panel t interval; design-conditional
stage_a_uci_v1,sar_complete,optimizer_aux,0,ba,updates,1,16.0,,,,3,3,"{""uci_internal_fixed"": 16.0}",descriptive panel t interval; design-conditional
stage_a_uci_v1,sar_complete,optimizer_aux,0,ba,skipped,1,0.0,,,,3,3,"{""uci_internal_fixed"": 0.0}",descriptive panel t interval; design-conditional
stage_a_uci_v1,sar_complete,optimizer_aux,0,ba,recoveries,1,8.5,,,,3,3,"{""uci_internal_fixed"": 8.5}",descriptive panel t interval; design-conditional
stage_a_uci_v1,sar_complete,optimizer_aux,4,ab,accuracy,1,0.8616536458333334,,,,3,3,"{""uci_internal_fixed"": 0.8616536458333334}",descriptive panel t interval; design-conditional
stage_a_uci_v1,sar_complete,optimizer_aux,4,ab,nll,1,0.5136921476014341,,,,3,3,"{""uci_internal_fixed"": 0.5136921476014341}",descriptive panel t interval; design-conditional
stage_a_uci_v1,sar_complete,optimizer_aux,4,ab,brier,1,0.21403785842504322,,,,3,3,"{""uci_internal_fixed"": 0.21403785842504322}",descriptive panel t interval; design-conditional
stage_a_uci_v1,sar_complete,optimizer_aux,4,ab,ece15,1,0.07898169428309054,,,,3,3,"{""uci_internal_fixed"": 0.07898169428309054}",descriptive panel t interval; design-conditional
stage_a_uci_v1,sar_complete,optimizer_aux,4,ab,seconds,1,0.21176350000071884,,,,3,3,"{""uci_internal_fixed"": 0.21176350000071884}",descriptive panel t interval; design-conditional
stage_a_uci_v1,sar_complete,optimizer_aux,4,ab,updates,1,16.0,,,,3,3,"{""uci_internal_fixed"": 16.0}",descriptive panel t interval; design-conditional
stage_a_uci_v1,sar_complete,optimizer_aux,4,ab,skipped,1,0.0,,,,3,3,"{""uci_internal_fixed"": 0.0}",descriptive panel t interval; design-conditional
stage_a_uci_v1,sar_complete,optimizer_aux,4,ab,recoveries,1,8.5,,,,3,3,"{""uci_internal_fixed"": 8.5}",descriptive panel t interval; design-conditional
stage_a_uci_v1,sar_complete,optimizer_aux,4,ba,accuracy,1,0.8616536458333334,,,,3,3,"{""uci_internal_fixed"": 0.8616536458333334}",descriptive panel t interval; design-conditional
stage_a_uci_v1,sar_complete,optimizer_aux,4,ba,nll,1,0.5136921476014341,,,,3,3,"{""uci_internal_fixed"": 0.5136921476014341}",descriptive panel t interval; design-conditional
stage_a_uci_v1,sar_complete,optimizer_aux,4,ba,brier,1,0.21403785842504322,,,,3,3,"{""uci_internal_fixed"": 0.21403785842504322}",descriptive panel t interval; design-conditional
stage_a_uci_v1,sar_complete,optimizer_aux,4,ba,ece15,1,0.07898169428309054,,,,3,3,"{""uci_internal_fixed"": 0.07898169428309054}",descriptive panel t interval; design-conditional
stage_a_uci_v1,sar_complete,optimizer_aux,4,ba,seconds,1,0.19537920000342027,,,,3,3,"{""uci_internal_fixed"": 0.19537920000342027}",descriptive panel t interval; design-conditional
stage_a_uci_v1,sar_complete,optimizer_aux,4,ba,updates,1,16.0,,,,3,3,"{""uci_internal_fixed"": 16.0}",descriptive panel t interval; design-conditional
stage_a_uci_v1,sar_complete,optimizer_aux,4,ba,skipped,1,0.0,,,,3,3,"{""uci_internal_fixed"": 0.0}",descriptive panel t interval; design-conditional
stage_a_uci_v1,sar_complete,optimizer_aux,4,ba,recoveries,1,8.5,,,,3,3,"{""uci_internal_fixed"": 8.5}",descriptive panel t interval; design-conditional
stage_a_uci_v1,sar_complete,parameters,0,ab,accuracy,1,0.861328125,,,,3,3,"{""uci_internal_fixed"": 0.861328125}",descriptive panel t interval; design-conditional
stage_a_uci_v1,sar_complete,parameters,0,ab,nll,1,0.5138873977194044,,,,3,3,"{""uci_internal_fixed"": 0.5138873977194044}",descriptive panel t interval; design-conditional
stage_a_uci_v1,sar_complete,parameters,0,ab,brier,1,0.21414441399914164,,,,3,3,"{""uci_internal_fixed"": 0.21414441399914164}",descriptive panel t interval; design-conditional
stage_a_uci_v1,sar_complete,parameters,0,ab,ece15,1,0.07925201735986052,,,,3,3,"{""uci_internal_fixed"": 0.07925201735986052}",descriptive panel t interval; design-conditional
stage_a_uci_v1,sar_complete,parameters,0,ab,seconds,1,0.1487360333364146,,,,3,3,"{""uci_internal_fixed"": 0.1487360333364146}",descriptive panel t interval; design-conditional
stage_a_uci_v1,sar_complete,parameters,0,ab,updates,1,16.0,,,,3,3,"{""uci_internal_fixed"": 16.0}",descriptive panel t interval; design-conditional
stage_a_uci_v1,sar_complete,parameters,0,ab,skipped,1,0.0,,,,3,3,"{""uci_internal_fixed"": 0.0}",descriptive panel t interval; design-conditional
stage_a_uci_v1,sar_complete,parameters,0,ab,recoveries,1,12.833333333333334,,,,3,3,"{""uci_internal_fixed"": 12.833333333333334}",descriptive panel t interval; design-conditional
stage_a_uci_v1,sar_complete,parameters,0,ba,accuracy,1,0.861328125,,,,3,3,"{""uci_internal_fixed"": 0.861328125}",descriptive panel t interval; design-conditional
stage_a_uci_v1,sar_complete,parameters,0,ba,nll,1,0.5138363287174706,,,,3,3,"{""uci_internal_fixed"": 0.5138363287174706}",descriptive panel t interval; design-conditional
stage_a_uci_v1,sar_complete,parameters,0,ba,brier,1,0.2141312257386754,,,,3,3,"{""uci_internal_fixed"": 0.2141312257386754}",descriptive panel t interval; design-conditional
stage_a_uci_v1,sar_complete,parameters,0,ba,ece15,1,0.07925276788446722,,,,3,3,"{""uci_internal_fixed"": 0.07925276788446722}",descriptive panel t interval; design-conditional
stage_a_uci_v1,sar_complete,parameters,0,ba,seconds,1,0.15503706667125997,,,,3,3,"{""uci_internal_fixed"": 0.15503706667125997}",descriptive panel t interval; design-conditional
stage_a_uci_v1,sar_complete,parameters,0,ba,updates,1,16.0,,,,3,3,"{""uci_internal_fixed"": 16.0}",descriptive panel t interval; design-conditional
stage_a_uci_v1,sar_complete,parameters,0,ba,skipped,1,0.0,,,,3,3,"{""uci_internal_fixed"": 0.0}",descriptive panel t interval; design-conditional
stage_a_uci_v1,sar_complete,parameters,0,ba,recoveries,1,12.333333333333334,,,,3,3,"{""uci_internal_fixed"": 12.333333333333334}",descriptive panel t interval; design-conditional
stage_a_uci_v1,sar_complete,parameters,4,ab,accuracy,1,0.861328125,,,,3,3,"{""uci_internal_fixed"": 0.861328125}",descriptive panel t interval; design-conditional
stage_a_uci_v1,sar_complete,parameters,4,ab,nll,1,0.5141057965680674,,,,3,3,"{""uci_internal_fixed"": 0.5141057965680674}",descriptive panel t interval; design-conditional
stage_a_uci_v1,sar_complete,parameters,4,ab,brier,1,0.21417164845120007,,,,3,3,"{""uci_internal_fixed"": 0.21417164845120007}",descriptive panel t interval; design-conditional
stage_a_uci_v1,sar_complete,parameters,4,ab,ece15,1,0.07928688614591352,,,,3,3,"{""uci_internal_fixed"": 0.07928688614591352}",descriptive panel t interval; design-conditional
stage_a_uci_v1,sar_complete,parameters,4,ab,seconds,1,0.16593934999885576,,,,3,3,"{""uci_internal_fixed"": 0.16593934999885576}",descriptive panel t interval; design-conditional
stage_a_uci_v1,sar_complete,parameters,4,ab,updates,1,16.0,,,,3,3,"{""uci_internal_fixed"": 16.0}",descriptive panel t interval; design-conditional
stage_a_uci_v1,sar_complete,parameters,4,ab,skipped,1,0.0,,,,3,3,"{""uci_internal_fixed"": 0.0}",descriptive panel t interval; design-conditional
stage_a_uci_v1,sar_complete,parameters,4,ab,recoveries,1,10.166666666666666,,,,3,3,"{""uci_internal_fixed"": 10.166666666666666}",descriptive panel t interval; design-conditional
stage_a_uci_v1,sar_complete,parameters,4,ba,accuracy,1,0.8616536458333334,,,,3,3,"{""uci_internal_fixed"": 0.8616536458333334}",descriptive panel t interval; design-conditional
stage_a_uci_v1,sar_complete,parameters,4,ba,nll,1,0.5141350032858429,,,,3,3,"{""uci_internal_fixed"": 0.5141350032858429}",descriptive panel t interval; design-conditional
stage_a_uci_v1,sar_complete,parameters,4,ba,brier,1,0.2141765961736135,,,,3,3,"{""uci_internal_fixed"": 0.2141765961736135}",descriptive panel t interval; design-conditional
stage_a_uci_v1,sar_complete,parameters,4,ba,ece15,1,0.07896337537981624,,,,3,3,"{""uci_internal_fixed"": 0.07896337537981624}",descriptive panel t interval; design-conditional
stage_a_uci_v1,sar_complete,parameters,4,ba,seconds,1,0.15509860000020123,,,,3,3,"{""uci_internal_fixed"": 0.15509860000020123}",descriptive panel t interval; design-conditional
stage_a_uci_v1,sar_complete,parameters,4,ba,updates,1,16.0,,,,3,3,"{""uci_internal_fixed"": 16.0}",descriptive panel t interval; design-conditional
stage_a_uci_v1,sar_complete,parameters,4,ba,skipped,1,0.0,,,,3,3,"{""uci_internal_fixed"": 0.0}",descriptive panel t interval; design-conditional
stage_a_uci_v1,sar_complete,parameters,4,ba,recoveries,1,10.0,,,,3,3,"{""uci_internal_fixed"": 10.0}",descriptive panel t interval; design-conditional
stage_a_uci_v1,sar_complete,parameters_aux,0,ab,accuracy,1,0.8616536458333334,,,,3,3,"{""uci_internal_fixed"": 0.8616536458333334}",descriptive panel t interval; design-conditional
stage_a_uci_v1,sar_complete,parameters_aux,0,ab,nll,1,0.5136921476014341,,,,3,3,"{""uci_internal_fixed"": 0.5136921476014341}",descriptive panel t interval; design-conditional
stage_a_uci_v1,sar_complete,parameters_aux,0,ab,brier,1,0.21403785842504322,,,,3,3,"{""uci_internal_fixed"": 0.21403785842504322}",descriptive panel t interval; design-conditional
stage_a_uci_v1,sar_complete,parameters_aux,0,ab,ece15,1,0.07898169428309054,,,,3,3,"{""uci_internal_fixed"": 0.07898169428309054}",descriptive panel t interval; design-conditional
stage_a_uci_v1,sar_complete,parameters_aux,0,ab,seconds,1,0.2376899000034124,,,,3,3,"{""uci_internal_fixed"": 0.2376899000034124}",descriptive panel t interval; design-conditional
stage_a_uci_v1,sar_complete,parameters_aux,0,ab,updates,1,16.0,,,,3,3,"{""uci_internal_fixed"": 16.0}",descriptive panel t interval; design-conditional
stage_a_uci_v1,sar_complete,parameters_aux,0,ab,skipped,1,0.0,,,,3,3,"{""uci_internal_fixed"": 0.0}",descriptive panel t interval; design-conditional
stage_a_uci_v1,sar_complete,parameters_aux,0,ab,recoveries,1,8.5,,,,3,3,"{""uci_internal_fixed"": 8.5}",descriptive panel t interval; design-conditional
stage_a_uci_v1,sar_complete,parameters_aux,0,ba,accuracy,1,0.8616536458333334,,,,3,3,"{""uci_internal_fixed"": 0.8616536458333334}",descriptive panel t interval; design-conditional
stage_a_uci_v1,sar_complete,parameters_aux,0,ba,nll,1,0.5136921476014341,,,,3,3,"{""uci_internal_fixed"": 0.5136921476014341}",descriptive panel t interval; design-conditional
stage_a_uci_v1,sar_complete,parameters_aux,0,ba,brier,1,0.21403785842504322,,,,3,3,"{""uci_internal_fixed"": 0.21403785842504322}",descriptive panel t interval; design-conditional
stage_a_uci_v1,sar_complete,parameters_aux,0,ba,ece15,1,0.07898169428309054,,,,3,3,"{""uci_internal_fixed"": 0.07898169428309054}",descriptive panel t interval; design-conditional
stage_a_uci_v1,sar_complete,parameters_aux,0,ba,seconds,1,0.16898921666628053,,,,3,3,"{""uci_internal_fixed"": 0.16898921666628053}",descriptive panel t interval; design-conditional
stage_a_uci_v1,sar_complete,parameters_aux,0,ba,updates,1,16.0,,,,3,3,"{""uci_internal_fixed"": 16.0}",descriptive panel t interval; design-conditional
stage_a_uci_v1,sar_complete,parameters_aux,0,ba,skipped,1,0.0,,,,3,3,"{""uci_internal_fixed"": 0.0}",descriptive panel t interval; design-conditional
stage_a_uci_v1,sar_complete,parameters_aux,0,ba,recoveries,1,8.5,,,,3,3,"{""uci_internal_fixed"": 8.5}",descriptive panel t interval; design-conditional
stage_a_uci_v1,sar_complete,parameters_aux,4,ab,accuracy,1,0.8616536458333334,,,,3,3,"{""uci_internal_fixed"": 0.8616536458333334}",descriptive panel t interval; design-conditional
stage_a_uci_v1,sar_complete,parameters_aux,4,ab,nll,1,0.5136921476014341,,,,3,3,"{""uci_internal_fixed"": 0.5136921476014341}",descriptive panel t interval; design-conditional
stage_a_uci_v1,sar_complete,parameters_aux,4,ab,brier,1,0.21403785842504322,,,,3,3,"{""uci_internal_fixed"": 0.21403785842504322}",descriptive panel t interval; design-conditional
stage_a_uci_v1,sar_complete,parameters_aux,4,ab,ece15,1,0.07898169428309054,,,,3,3,"{""uci_internal_fixed"": 0.07898169428309054}",descriptive panel t interval; design-conditional
stage_a_uci_v1,sar_complete,parameters_aux,4,ab,seconds,1,0.18448610000147403,,,,3,3,"{""uci_internal_fixed"": 0.18448610000147403}",descriptive panel t interval; design-conditional
stage_a_uci_v1,sar_complete,parameters_aux,4,ab,updates,1,16.0,,,,3,3,"{""uci_internal_fixed"": 16.0}",descriptive panel t interval; design-conditional
stage_a_uci_v1,sar_complete,parameters_aux,4,ab,skipped,1,0.0,,,,3,3,"{""uci_internal_fixed"": 0.0}",descriptive panel t interval; design-conditional
stage_a_uci_v1,sar_complete,parameters_aux,4,ab,recoveries,1,8.5,,,,3,3,"{""uci_internal_fixed"": 8.5}",descriptive panel t interval; design-conditional
stage_a_uci_v1,sar_complete,parameters_aux,4,ba,accuracy,1,0.8616536458333334,,,,3,3,"{""uci_internal_fixed"": 0.8616536458333334}",descriptive panel t interval; design-conditional
stage_a_uci_v1,sar_complete,parameters_aux,4,ba,nll,1,0.5136921476014341,,,,3,3,"{""uci_internal_fixed"": 0.5136921476014341}",descriptive panel t interval; design-conditional
stage_a_uci_v1,sar_complete,parameters_aux,4,ba,brier,1,0.21403785842504322,,,,3,3,"{""uci_internal_fixed"": 0.21403785842504322}",descriptive panel t interval; design-conditional
stage_a_uci_v1,sar_complete,parameters_aux,4,ba,ece15,1,0.07898169428309054,,,,3,3,"{""uci_internal_fixed"": 0.07898169428309054}",descriptive panel t interval; design-conditional
stage_a_uci_v1,sar_complete,parameters_aux,4,ba,seconds,1,0.19210725000205753,,,,3,3,"{""uci_internal_fixed"": 0.19210725000205753}",descriptive panel t interval; design-conditional
stage_a_uci_v1,sar_complete,parameters_aux,4,ba,updates,1,16.0,,,,3,3,"{""uci_internal_fixed"": 16.0}",descriptive panel t interval; design-conditional
stage_a_uci_v1,sar_complete,parameters_aux,4,ba,skipped,1,0.0,,,,3,3,"{""uci_internal_fixed"": 0.0}",descriptive panel t interval; design-conditional
stage_a_uci_v1,sar_complete,parameters_aux,4,ba,recoveries,1,8.5,,,,3,3,"{""uci_internal_fixed"": 8.5}",descriptive panel t interval; design-conditional
stage_a_uci_v1,sar_complete,parameters_optimizer,0,ab,accuracy,1,0.861328125,,,,3,3,"{""uci_internal_fixed"": 0.861328125}",descriptive panel t interval; design-conditional
stage_a_uci_v1,sar_complete,parameters_optimizer,0,ab,nll,1,0.5138874008871673,,,,3,3,"{""uci_internal_fixed"": 0.5138874008871673}",descriptive panel t interval; design-conditional
stage_a_uci_v1,sar_complete,parameters_optimizer,0,ab,brier,1,0.21414441401160808,,,,3,3,"{""uci_internal_fixed"": 0.21414441401160808}",descriptive panel t interval; design-conditional
stage_a_uci_v1,sar_complete,parameters_optimizer,0,ab,ece15,1,0.07925201419837379,,,,3,3,"{""uci_internal_fixed"": 0.07925201419837379}",descriptive panel t interval; design-conditional
stage_a_uci_v1,sar_complete,parameters_optimizer,0,ab,seconds,1,0.20556454999799215,,,,3,3,"{""uci_internal_fixed"": 0.20556454999799215}",descriptive panel t interval; design-conditional
stage_a_uci_v1,sar_complete,parameters_optimizer,0,ab,updates,1,16.0,,,,3,3,"{""uci_internal_fixed"": 16.0}",descriptive panel t interval; design-conditional
stage_a_uci_v1,sar_complete,parameters_optimizer,0,ab,skipped,1,0.0,,,,3,3,"{""uci_internal_fixed"": 0.0}",descriptive panel t interval; design-conditional
stage_a_uci_v1,sar_complete,parameters_optimizer,0,ab,recoveries,1,12.833333333333334,,,,3,3,"{""uci_internal_fixed"": 12.833333333333334}",descriptive panel t interval; design-conditional
stage_a_uci_v1,sar_complete,parameters_optimizer,0,ba,accuracy,1,0.861328125,,,,3,3,"{""uci_internal_fixed"": 0.861328125}",descriptive panel t interval; design-conditional
stage_a_uci_v1,sar_complete,parameters_optimizer,0,ba,nll,1,0.5138363516579386,,,,3,3,"{""uci_internal_fixed"": 0.5138363516579386}",descriptive panel t interval; design-conditional
stage_a_uci_v1,sar_complete,parameters_optimizer,0,ba,brier,1,0.21413123763172395,,,,3,3,"{""uci_internal_fixed"": 0.21413123763172395}",descriptive panel t interval; design-conditional
stage_a_uci_v1,sar_complete,parameters_optimizer,0,ba,ece15,1,0.07925275504696892,,,,3,3,"{""uci_internal_fixed"": 0.07925275504696892}",descriptive panel t interval; design-conditional
stage_a_uci_v1,sar_complete,parameters_optimizer,0,ba,seconds,1,0.17768906666848727,,,,3,3,"{""uci_internal_fixed"": 0.17768906666848727}",descriptive panel t interval; design-conditional
stage_a_uci_v1,sar_complete,parameters_optimizer,0,ba,updates,1,16.0,,,,3,3,"{""uci_internal_fixed"": 16.0}",descriptive panel t interval; design-conditional
stage_a_uci_v1,sar_complete,parameters_optimizer,0,ba,skipped,1,0.0,,,,3,3,"{""uci_internal_fixed"": 0.0}",descriptive panel t interval; design-conditional
stage_a_uci_v1,sar_complete,parameters_optimizer,0,ba,recoveries,1,12.333333333333334,,,,3,3,"{""uci_internal_fixed"": 12.333333333333334}",descriptive panel t interval; design-conditional
stage_a_uci_v1,sar_complete,parameters_optimizer,4,ab,accuracy,1,0.861328125,,,,3,3,"{""uci_internal_fixed"": 0.861328125}",descriptive panel t interval; design-conditional
stage_a_uci_v1,sar_complete,parameters_optimizer,4,ab,nll,1,0.5141057965680674,,,,3,3,"{""uci_internal_fixed"": 0.5141057965680674}",descriptive panel t interval; design-conditional
stage_a_uci_v1,sar_complete,parameters_optimizer,4,ab,brier,1,0.21417164845120007,,,,3,3,"{""uci_internal_fixed"": 0.21417164845120007}",descriptive panel t interval; design-conditional
stage_a_uci_v1,sar_complete,parameters_optimizer,4,ab,ece15,1,0.07928688614591352,,,,3,3,"{""uci_internal_fixed"": 0.07928688614591352}",descriptive panel t interval; design-conditional
stage_a_uci_v1,sar_complete,parameters_optimizer,4,ab,seconds,1,0.15368929999870787,,,,3,3,"{""uci_internal_fixed"": 0.15368929999870787}",descriptive panel t interval; design-conditional
stage_a_uci_v1,sar_complete,parameters_optimizer,4,ab,updates,1,16.0,,,,3,3,"{""uci_internal_fixed"": 16.0}",descriptive panel t interval; design-conditional
stage_a_uci_v1,sar_complete,parameters_optimizer,4,ab,skipped,1,0.0,,,,3,3,"{""uci_internal_fixed"": 0.0}",descriptive panel t interval; design-conditional
stage_a_uci_v1,sar_complete,parameters_optimizer,4,ab,recoveries,1,10.166666666666666,,,,3,3,"{""uci_internal_fixed"": 10.166666666666666}",descriptive panel t interval; design-conditional
stage_a_uci_v1,sar_complete,parameters_optimizer,4,ba,accuracy,1,0.8616536458333334,,,,3,3,"{""uci_internal_fixed"": 0.8616536458333334}",descriptive panel t interval; design-conditional
stage_a_uci_v1,sar_complete,parameters_optimizer,4,ba,nll,1,0.5141350032858429,,,,3,3,"{""uci_internal_fixed"": 0.5141350032858429}",descriptive panel t interval; design-conditional
stage_a_uci_v1,sar_complete,parameters_optimizer,4,ba,brier,1,0.2141765961736135,,,,3,3,"{""uci_internal_fixed"": 0.2141765961736135}",descriptive panel t interval; design-conditional
stage_a_uci_v1,sar_complete,parameters_optimizer,4,ba,ece15,1,0.07896337537981624,,,,3,3,"{""uci_internal_fixed"": 0.07896337537981624}",descriptive panel t interval; design-conditional
stage_a_uci_v1,sar_complete,parameters_optimizer,4,ba,seconds,1,0.16988631666754372,,,,3,3,"{""uci_internal_fixed"": 0.16988631666754372}",descriptive panel t interval; design-conditional
stage_a_uci_v1,sar_complete,parameters_optimizer,4,ba,updates,1,16.0,,,,3,3,"{""uci_internal_fixed"": 16.0}",descriptive panel t interval; design-conditional
stage_a_uci_v1,sar_complete,parameters_optimizer,4,ba,skipped,1,0.0,,,,3,3,"{""uci_internal_fixed"": 0.0}",descriptive panel t interval; design-conditional
stage_a_uci_v1,sar_complete,parameters_optimizer,4,ba,recoveries,1,10.0,,,,3,3,"{""uci_internal_fixed"": 10.0}",descriptive panel t interval; design-conditional
stage_a_uci_v1,sar_complete,parameters_optimizer_aux,0,ab,accuracy,1,0.8616536458333334,,,,3,3,"{""uci_internal_fixed"": 0.8616536458333334}",descriptive panel t interval; design-conditional
stage_a_uci_v1,sar_complete,parameters_optimizer_aux,0,ab,nll,1,0.5136921476014341,,,,3,3,"{""uci_internal_fixed"": 0.5136921476014341}",descriptive panel t interval; design-conditional
stage_a_uci_v1,sar_complete,parameters_optimizer_aux,0,ab,brier,1,0.21403785842504322,,,,3,3,"{""uci_internal_fixed"": 0.21403785842504322}",descriptive panel t interval; design-conditional
stage_a_uci_v1,sar_complete,parameters_optimizer_aux,0,ab,ece15,1,0.07898169428309054,,,,3,3,"{""uci_internal_fixed"": 0.07898169428309054}",descriptive panel t interval; design-conditional
stage_a_uci_v1,sar_complete,parameters_optimizer_aux,0,ab,seconds,1,0.18242748333432243,,,,3,3,"{""uci_internal_fixed"": 0.18242748333432243}",descriptive panel t interval; design-conditional
stage_a_uci_v1,sar_complete,parameters_optimizer_aux,0,ab,updates,1,16.0,,,,3,3,"{""uci_internal_fixed"": 16.0}",descriptive panel t interval; design-conditional
stage_a_uci_v1,sar_complete,parameters_optimizer_aux,0,ab,skipped,1,0.0,,,,3,3,"{""uci_internal_fixed"": 0.0}",descriptive panel t interval; design-conditional
stage_a_uci_v1,sar_complete,parameters_optimizer_aux,0,ab,recoveries,1,8.5,,,,3,3,"{""uci_internal_fixed"": 8.5}",descriptive panel t interval; design-conditional
stage_a_uci_v1,sar_complete,parameters_optimizer_aux,0,ba,accuracy,1,0.8616536458333334,,,,3,3,"{""uci_internal_fixed"": 0.8616536458333334}",descriptive panel t interval; design-conditional
stage_a_uci_v1,sar_complete,parameters_optimizer_aux,0,ba,nll,1,0.5136921476014341,,,,3,3,"{""uci_internal_fixed"": 0.5136921476014341}",descriptive panel t interval; design-conditional
stage_a_uci_v1,sar_complete,parameters_optimizer_aux,0,ba,brier,1,0.21403785842504322,,,,3,3,"{""uci_internal_fixed"": 0.21403785842504322}",descriptive panel t interval; design-conditional
stage_a_uci_v1,sar_complete,parameters_optimizer_aux,0,ba,ece15,1,0.07898169428309054,,,,3,3,"{""uci_internal_fixed"": 0.07898169428309054}",descriptive panel t interval; design-conditional
stage_a_uci_v1,sar_complete,parameters_optimizer_aux,0,ba,seconds,1,0.3238442000001669,,,,3,3,"{""uci_internal_fixed"": 0.3238442000001669}",descriptive panel t interval; design-conditional
stage_a_uci_v1,sar_complete,parameters_optimizer_aux,0,ba,updates,1,16.0,,,,3,3,"{""uci_internal_fixed"": 16.0}",descriptive panel t interval; design-conditional
stage_a_uci_v1,sar_complete,parameters_optimizer_aux,0,ba,skipped,1,0.0,,,,3,3,"{""uci_internal_fixed"": 0.0}",descriptive panel t interval; design-conditional
stage_a_uci_v1,sar_complete,parameters_optimizer_aux,0,ba,recoveries,1,8.5,,,,3,3,"{""uci_internal_fixed"": 8.5}",descriptive panel t interval; design-conditional
stage_a_uci_v1,sar_complete,parameters_optimizer_aux,4,ab,accuracy,1,0.8616536458333334,,,,3,3,"{""uci_internal_fixed"": 0.8616536458333334}",descriptive panel t interval; design-conditional
stage_a_uci_v1,sar_complete,parameters_optimizer_aux,4,ab,nll,1,0.5136921476014341,,,,3,3,"{""uci_internal_fixed"": 0.5136921476014341}",descriptive panel t interval; design-conditional
stage_a_uci_v1,sar_complete,parameters_optimizer_aux,4,ab,brier,1,0.21403785842504322,,,,3,3,"{""uci_internal_fixed"": 0.21403785842504322}",descriptive panel t interval; design-conditional
stage_a_uci_v1,sar_complete,parameters_optimizer_aux,4,ab,ece15,1,0.07898169428309054,,,,3,3,"{""uci_internal_fixed"": 0.07898169428309054}",descriptive panel t interval; design-conditional
stage_a_uci_v1,sar_complete,parameters_optimizer_aux,4,ab,seconds,1,0.20723699999992581,,,,3,3,"{""uci_internal_fixed"": 0.20723699999992581}",descriptive panel t interval; design-conditional
stage_a_uci_v1,sar_complete,parameters_optimizer_aux,4,ab,updates,1,16.0,,,,3,3,"{""uci_internal_fixed"": 16.0}",descriptive panel t interval; design-conditional
stage_a_uci_v1,sar_complete,parameters_optimizer_aux,4,ab,skipped,1,0.0,,,,3,3,"{""uci_internal_fixed"": 0.0}",descriptive panel t interval; design-conditional
stage_a_uci_v1,sar_complete,parameters_optimizer_aux,4,ab,recoveries,1,8.5,,,,3,3,"{""uci_internal_fixed"": 8.5}",descriptive panel t interval; design-conditional
stage_a_uci_v1,sar_complete,parameters_optimizer_aux,4,ba,accuracy,1,0.8616536458333334,,,,3,3,"{""uci_internal_fixed"": 0.8616536458333334}",descriptive panel t interval; design-conditional
stage_a_uci_v1,sar_complete,parameters_optimizer_aux,4,ba,nll,1,0.5136921476014341,,,,3,3,"{""uci_internal_fixed"": 0.5136921476014341}",descriptive panel t interval; design-conditional
stage_a_uci_v1,sar_complete,parameters_optimizer_aux,4,ba,brier,1,0.21403785842504322,,,,3,3,"{""uci_internal_fixed"": 0.21403785842504322}",descriptive panel t interval; design-conditional
stage_a_uci_v1,sar_complete,parameters_optimizer_aux,4,ba,ece15,1,0.07898169428309054,,,,3,3,"{""uci_internal_fixed"": 0.07898169428309054}",descriptive panel t interval; design-conditional
stage_a_uci_v1,sar_complete,parameters_optimizer_aux,4,ba,seconds,1,0.24954144999598307,,,,3,3,"{""uci_internal_fixed"": 0.24954144999598307}",descriptive panel t interval; design-conditional
stage_a_uci_v1,sar_complete,parameters_optimizer_aux,4,ba,updates,1,16.0,,,,3,3,"{""uci_internal_fixed"": 16.0}",descriptive panel t interval; design-conditional
stage_a_uci_v1,sar_complete,parameters_optimizer_aux,4,ba,skipped,1,0.0,,,,3,3,"{""uci_internal_fixed"": 0.0}",descriptive panel t interval; design-conditional
stage_a_uci_v1,sar_complete,parameters_optimizer_aux,4,ba,recoveries,1,8.5,,,,3,3,"{""uci_internal_fixed"": 8.5}",descriptive panel t interval; design-conditional
stage_a_uci_v1,source,all,0,ab,accuracy,1,0.8141276041666666,,,,3,3,"{""uci_internal_fixed"": 0.8141276041666666}",descriptive panel t interval; design-conditional
stage_a_uci_v1,source,all,0,ab,nll,1,0.5518788783477077,,,,3,3,"{""uci_internal_fixed"": 0.5518788783477077}",descriptive panel t interval; design-conditional
stage_a_uci_v1,source,all,0,ab,brier,1,0.2728537124476949,,,,3,3,"{""uci_internal_fixed"": 0.2728537124476949}",descriptive panel t interval; design-conditional
stage_a_uci_v1,source,all,0,ab,ece15,1,0.07707458931621847,,,,3,3,"{""uci_internal_fixed"": 0.07707458931621847}",descriptive panel t interval; design-conditional
stage_a_uci_v1,source,all,0,ab,seconds,1,0.027325366667355383,,,,3,3,"{""uci_internal_fixed"": 0.027325366667355383}",descriptive panel t interval; design-conditional
stage_a_uci_v1,source,all,0,ab,updates,1,0.0,,,,3,3,"{""uci_internal_fixed"": 0.0}",descriptive panel t interval; design-conditional
stage_a_uci_v1,source,all,0,ab,skipped,1,0.0,,,,3,3,"{""uci_internal_fixed"": 0.0}",descriptive panel t interval; design-conditional
stage_a_uci_v1,source,all,0,ab,recoveries,1,0.0,,,,3,3,"{""uci_internal_fixed"": 0.0}",descriptive panel t interval; design-conditional
stage_a_uci_v1,source,all,0,ba,accuracy,1,0.8141276041666666,,,,3,3,"{""uci_internal_fixed"": 0.8141276041666666}",descriptive panel t interval; design-conditional
stage_a_uci_v1,source,all,0,ba,nll,1,0.5518788783477077,,,,3,3,"{""uci_internal_fixed"": 0.5518788783477077}",descriptive panel t interval; design-conditional
stage_a_uci_v1,source,all,0,ba,brier,1,0.2728537124476949,,,,3,3,"{""uci_internal_fixed"": 0.2728537124476949}",descriptive panel t interval; design-conditional
stage_a_uci_v1,source,all,0,ba,ece15,1,0.07707458931621847,,,,3,3,"{""uci_internal_fixed"": 0.07707458931621847}",descriptive panel t interval; design-conditional
stage_a_uci_v1,source,all,0,ba,seconds,1,0.025738149995352868,,,,3,3,"{""uci_internal_fixed"": 0.025738149995352868}",descriptive panel t interval; design-conditional
stage_a_uci_v1,source,all,0,ba,updates,1,0.0,,,,3,3,"{""uci_internal_fixed"": 0.0}",descriptive panel t interval; design-conditional
stage_a_uci_v1,source,all,0,ba,skipped,1,0.0,,,,3,3,"{""uci_internal_fixed"": 0.0}",descriptive panel t interval; design-conditional
stage_a_uci_v1,source,all,0,ba,recoveries,1,0.0,,,,3,3,"{""uci_internal_fixed"": 0.0}",descriptive panel t interval; design-conditional
stage_a_uci_v1,source,all,4,ab,accuracy,1,0.8141276041666666,,,,3,3,"{""uci_internal_fixed"": 0.8141276041666666}",descriptive panel t interval; design-conditional
stage_a_uci_v1,source,all,4,ab,nll,1,0.5518788783477077,,,,3,3,"{""uci_internal_fixed"": 0.5518788783477077}",descriptive panel t interval; design-conditional
stage_a_uci_v1,source,all,4,ab,brier,1,0.2728537124476949,,,,3,3,"{""uci_internal_fixed"": 0.2728537124476949}",descriptive panel t interval; design-conditional
stage_a_uci_v1,source,all,4,ab,ece15,1,0.07707458931621847,,,,3,3,"{""uci_internal_fixed"": 0.07707458931621847}",descriptive panel t interval; design-conditional
stage_a_uci_v1,source,all,4,ab,seconds,1,0.02805710000393442,,,,3,3,"{""uci_internal_fixed"": 0.02805710000393442}",descriptive panel t interval; design-conditional
stage_a_uci_v1,source,all,4,ab,updates,1,0.0,,,,3,3,"{""uci_internal_fixed"": 0.0}",descriptive panel t interval; design-conditional
stage_a_uci_v1,source,all,4,ab,skipped,1,0.0,,,,3,3,"{""uci_internal_fixed"": 0.0}",descriptive panel t interval; design-conditional
stage_a_uci_v1,source,all,4,ab,recoveries,1,0.0,,,,3,3,"{""uci_internal_fixed"": 0.0}",descriptive panel t interval; design-conditional
stage_a_uci_v1,source,all,4,ba,accuracy,1,0.8141276041666666,,,,3,3,"{""uci_internal_fixed"": 0.8141276041666666}",descriptive panel t interval; design-conditional
stage_a_uci_v1,source,all,4,ba,nll,1,0.5518788783477077,,,,3,3,"{""uci_internal_fixed"": 0.5518788783477077}",descriptive panel t interval; design-conditional
stage_a_uci_v1,source,all,4,ba,brier,1,0.2728537124476949,,,,3,3,"{""uci_internal_fixed"": 0.2728537124476949}",descriptive panel t interval; design-conditional
stage_a_uci_v1,source,all,4,ba,ece15,1,0.07707458931621847,,,,3,3,"{""uci_internal_fixed"": 0.07707458931621847}",descriptive panel t interval; design-conditional
stage_a_uci_v1,source,all,4,ba,seconds,1,0.027334066665692533,,,,3,3,"{""uci_internal_fixed"": 0.027334066665692533}",descriptive panel t interval; design-conditional
stage_a_uci_v1,source,all,4,ba,updates,1,0.0,,,,3,3,"{""uci_internal_fixed"": 0.0}",descriptive panel t interval; design-conditional
stage_a_uci_v1,source,all,4,ba,skipped,1,0.0,,,,3,3,"{""uci_internal_fixed"": 0.0}",descriptive panel t interval; design-conditional
stage_a_uci_v1,source,all,4,ba,recoveries,1,0.0,,,,3,3,"{""uci_internal_fixed"": 0.0}",descriptive panel t interval; design-conditional
stage_a_uci_v1,source,none,0,ab,accuracy,1,0.8141276041666666,,,,3,3,"{""uci_internal_fixed"": 0.8141276041666666}",descriptive panel t interval; design-conditional
stage_a_uci_v1,source,none,0,ab,nll,1,0.5518788783477077,,,,3,3,"{""uci_internal_fixed"": 0.5518788783477077}",descriptive panel t interval; design-conditional
stage_a_uci_v1,source,none,0,ab,brier,1,0.2728537124476949,,,,3,3,"{""uci_internal_fixed"": 0.2728537124476949}",descriptive panel t interval; design-conditional
stage_a_uci_v1,source,none,0,ab,ece15,1,0.07707458931621847,,,,3,3,"{""uci_internal_fixed"": 0.07707458931621847}",descriptive panel t interval; design-conditional
stage_a_uci_v1,source,none,0,ab,seconds,1,0.03958650000034439,,,,3,3,"{""uci_internal_fixed"": 0.03958650000034439}",descriptive panel t interval; design-conditional
stage_a_uci_v1,source,none,0,ab,updates,1,0.0,,,,3,3,"{""uci_internal_fixed"": 0.0}",descriptive panel t interval; design-conditional
stage_a_uci_v1,source,none,0,ab,skipped,1,0.0,,,,3,3,"{""uci_internal_fixed"": 0.0}",descriptive panel t interval; design-conditional
stage_a_uci_v1,source,none,0,ab,recoveries,1,0.0,,,,3,3,"{""uci_internal_fixed"": 0.0}",descriptive panel t interval; design-conditional
stage_a_uci_v1,source,none,0,ba,accuracy,1,0.8141276041666666,,,,3,3,"{""uci_internal_fixed"": 0.8141276041666666}",descriptive panel t interval; design-conditional
stage_a_uci_v1,source,none,0,ba,nll,1,0.5518788783477077,,,,3,3,"{""uci_internal_fixed"": 0.5518788783477077}",descriptive panel t interval; design-conditional
stage_a_uci_v1,source,none,0,ba,brier,1,0.2728537124476949,,,,3,3,"{""uci_internal_fixed"": 0.2728537124476949}",descriptive panel t interval; design-conditional
stage_a_uci_v1,source,none,0,ba,ece15,1,0.07707458931621847,,,,3,3,"{""uci_internal_fixed"": 0.07707458931621847}",descriptive panel t interval; design-conditional
stage_a_uci_v1,source,none,0,ba,seconds,1,0.02711975000177815,,,,3,3,"{""uci_internal_fixed"": 0.02711975000177815}",descriptive panel t interval; design-conditional
stage_a_uci_v1,source,none,0,ba,updates,1,0.0,,,,3,3,"{""uci_internal_fixed"": 0.0}",descriptive panel t interval; design-conditional
stage_a_uci_v1,source,none,0,ba,skipped,1,0.0,,,,3,3,"{""uci_internal_fixed"": 0.0}",descriptive panel t interval; design-conditional
stage_a_uci_v1,source,none,0,ba,recoveries,1,0.0,,,,3,3,"{""uci_internal_fixed"": 0.0}",descriptive panel t interval; design-conditional
stage_a_uci_v1,source,none,4,ab,accuracy,1,0.8141276041666666,,,,3,3,"{""uci_internal_fixed"": 0.8141276041666666}",descriptive panel t interval; design-conditional
stage_a_uci_v1,source,none,4,ab,nll,1,0.5518788783477077,,,,3,3,"{""uci_internal_fixed"": 0.5518788783477077}",descriptive panel t interval; design-conditional
stage_a_uci_v1,source,none,4,ab,brier,1,0.2728537124476949,,,,3,3,"{""uci_internal_fixed"": 0.2728537124476949}",descriptive panel t interval; design-conditional
stage_a_uci_v1,source,none,4,ab,ece15,1,0.07707458931621847,,,,3,3,"{""uci_internal_fixed"": 0.07707458931621847}",descriptive panel t interval; design-conditional
stage_a_uci_v1,source,none,4,ab,seconds,1,0.02657298332875745,,,,3,3,"{""uci_internal_fixed"": 0.02657298332875745}",descriptive panel t interval; design-conditional
stage_a_uci_v1,source,none,4,ab,updates,1,0.0,,,,3,3,"{""uci_internal_fixed"": 0.0}",descriptive panel t interval; design-conditional
stage_a_uci_v1,source,none,4,ab,skipped,1,0.0,,,,3,3,"{""uci_internal_fixed"": 0.0}",descriptive panel t interval; design-conditional
stage_a_uci_v1,source,none,4,ab,recoveries,1,0.0,,,,3,3,"{""uci_internal_fixed"": 0.0}",descriptive panel t interval; design-conditional
stage_a_uci_v1,source,none,4,ba,accuracy,1,0.8141276041666666,,,,3,3,"{""uci_internal_fixed"": 0.8141276041666666}",descriptive panel t interval; design-conditional
stage_a_uci_v1,source,none,4,ba,nll,1,0.5518788783477077,,,,3,3,"{""uci_internal_fixed"": 0.5518788783477077}",descriptive panel t interval; design-conditional
stage_a_uci_v1,source,none,4,ba,brier,1,0.2728537124476949,,,,3,3,"{""uci_internal_fixed"": 0.2728537124476949}",descriptive panel t interval; design-conditional
stage_a_uci_v1,source,none,4,ba,ece15,1,0.07707458931621847,,,,3,3,"{""uci_internal_fixed"": 0.07707458931621847}",descriptive panel t interval; design-conditional
stage_a_uci_v1,source,none,4,ba,seconds,1,0.0270340666659952,,,,3,3,"{""uci_internal_fixed"": 0.0270340666659952}",descriptive panel t interval; design-conditional
stage_a_uci_v1,source,none,4,ba,updates,1,0.0,,,,3,3,"{""uci_internal_fixed"": 0.0}",descriptive panel t interval; design-conditional
stage_a_uci_v1,source,none,4,ba,skipped,1,0.0,,,,3,3,"{""uci_internal_fixed"": 0.0}",descriptive panel t interval; design-conditional
stage_a_uci_v1,source,none,4,ba,recoveries,1,0.0,,,,3,3,"{""uci_internal_fixed"": 0.0}",descriptive panel t interval; design-conditional
stage_a_uci_v1,tent,all,0,ab,accuracy,1,0.8616536458333334,,,,3,3,"{""uci_internal_fixed"": 0.8616536458333334}",descriptive panel t interval; design-conditional
stage_a_uci_v1,tent,all,0,ab,nll,1,0.5141457317600596,,,,3,3,"{""uci_internal_fixed"": 0.5141457317600596}",descriptive panel t interval; design-conditional
stage_a_uci_v1,tent,all,0,ab,brier,1,0.21414177940910126,,,,3,3,"{""uci_internal_fixed"": 0.21414177940910126}",descriptive panel t interval; design-conditional
stage_a_uci_v1,tent,all,0,ab,ece15,1,0.07899930300355357,,,,3,3,"{""uci_internal_fixed"": 0.07899930300355357}",descriptive panel t interval; design-conditional
stage_a_uci_v1,tent,all,0,ab,seconds,1,0.10044646666453137,,,,3,3,"{""uci_internal_fixed"": 0.10044646666453137}",descriptive panel t interval; design-conditional
stage_a_uci_v1,tent,all,0,ab,updates,1,16.0,,,,3,3,"{""uci_internal_fixed"": 16.0}",descriptive panel t interval; design-conditional
stage_a_uci_v1,tent,all,0,ab,skipped,1,0.0,,,,3,3,"{""uci_internal_fixed"": 0.0}",descriptive panel t interval; design-conditional
stage_a_uci_v1,tent,all,0,ab,recoveries,1,0.0,,,,3,3,"{""uci_internal_fixed"": 0.0}",descriptive panel t interval; design-conditional
stage_a_uci_v1,tent,all,0,ba,accuracy,1,0.8616536458333334,,,,3,3,"{""uci_internal_fixed"": 0.8616536458333334}",descriptive panel t interval; design-conditional
stage_a_uci_v1,tent,all,0,ba,nll,1,0.5141457317600596,,,,3,3,"{""uci_internal_fixed"": 0.5141457317600596}",descriptive panel t interval; design-conditional
stage_a_uci_v1,tent,all,0,ba,brier,1,0.21414177940910126,,,,3,3,"{""uci_internal_fixed"": 0.21414177940910126}",descriptive panel t interval; design-conditional
stage_a_uci_v1,tent,all,0,ba,ece15,1,0.07899930300355357,,,,3,3,"{""uci_internal_fixed"": 0.07899930300355357}",descriptive panel t interval; design-conditional
stage_a_uci_v1,tent,all,0,ba,seconds,1,0.08827614999609062,,,,3,3,"{""uci_internal_fixed"": 0.08827614999609062}",descriptive panel t interval; design-conditional
stage_a_uci_v1,tent,all,0,ba,updates,1,16.0,,,,3,3,"{""uci_internal_fixed"": 16.0}",descriptive panel t interval; design-conditional
stage_a_uci_v1,tent,all,0,ba,skipped,1,0.0,,,,3,3,"{""uci_internal_fixed"": 0.0}",descriptive panel t interval; design-conditional
stage_a_uci_v1,tent,all,0,ba,recoveries,1,0.0,,,,3,3,"{""uci_internal_fixed"": 0.0}",descriptive panel t interval; design-conditional
stage_a_uci_v1,tent,all,4,ab,accuracy,1,0.8616536458333334,,,,3,3,"{""uci_internal_fixed"": 0.8616536458333334}",descriptive panel t interval; design-conditional
stage_a_uci_v1,tent,all,4,ab,nll,1,0.5141457317600596,,,,3,3,"{""uci_internal_fixed"": 0.5141457317600596}",descriptive panel t interval; design-conditional
stage_a_uci_v1,tent,all,4,ab,brier,1,0.21414177940910126,,,,3,3,"{""uci_internal_fixed"": 0.21414177940910126}",descriptive panel t interval; design-conditional
stage_a_uci_v1,tent,all,4,ab,ece15,1,0.07899930300355357,,,,3,3,"{""uci_internal_fixed"": 0.07899930300355357}",descriptive panel t interval; design-conditional
stage_a_uci_v1,tent,all,4,ab,seconds,1,0.08065711667101515,,,,3,3,"{""uci_internal_fixed"": 0.08065711667101515}",descriptive panel t interval; design-conditional
stage_a_uci_v1,tent,all,4,ab,updates,1,16.0,,,,3,3,"{""uci_internal_fixed"": 16.0}",descriptive panel t interval; design-conditional
stage_a_uci_v1,tent,all,4,ab,skipped,1,0.0,,,,3,3,"{""uci_internal_fixed"": 0.0}",descriptive panel t interval; design-conditional
stage_a_uci_v1,tent,all,4,ab,recoveries,1,0.0,,,,3,3,"{""uci_internal_fixed"": 0.0}",descriptive panel t interval; design-conditional
stage_a_uci_v1,tent,all,4,ba,accuracy,1,0.8616536458333334,,,,3,3,"{""uci_internal_fixed"": 0.8616536458333334}",descriptive panel t interval; design-conditional
stage_a_uci_v1,tent,all,4,ba,nll,1,0.5141457317600596,,,,3,3,"{""uci_internal_fixed"": 0.5141457317600596}",descriptive panel t interval; design-conditional
stage_a_uci_v1,tent,all,4,ba,brier,1,0.21414177940910126,,,,3,3,"{""uci_internal_fixed"": 0.21414177940910126}",descriptive panel t interval; design-conditional
stage_a_uci_v1,tent,all,4,ba,ece15,1,0.07899930300355357,,,,3,3,"{""uci_internal_fixed"": 0.07899930300355357}",descriptive panel t interval; design-conditional
stage_a_uci_v1,tent,all,4,ba,seconds,1,0.07911655000013218,,,,3,3,"{""uci_internal_fixed"": 0.07911655000013218}",descriptive panel t interval; design-conditional
stage_a_uci_v1,tent,all,4,ba,updates,1,16.0,,,,3,3,"{""uci_internal_fixed"": 16.0}",descriptive panel t interval; design-conditional
stage_a_uci_v1,tent,all,4,ba,skipped,1,0.0,,,,3,3,"{""uci_internal_fixed"": 0.0}",descriptive panel t interval; design-conditional
stage_a_uci_v1,tent,all,4,ba,recoveries,1,0.0,,,,3,3,"{""uci_internal_fixed"": 0.0}",descriptive panel t interval; design-conditional
stage_a_uci_v1,tent,aux,0,ab,accuracy,1,0.8619791666666666,,,,3,3,"{""uci_internal_fixed"": 0.8619791666666666}",descriptive panel t interval; design-conditional
stage_a_uci_v1,tent,aux,0,ab,nll,1,0.513930715797977,,,,3,3,"{""uci_internal_fixed"": 0.513930715797977}",descriptive panel t interval; design-conditional
stage_a_uci_v1,tent,aux,0,ab,brier,1,0.21406790651952343,,,,3,3,"{""uci_internal_fixed"": 0.21406790651952343}",descriptive panel t interval; design-conditional
stage_a_uci_v1,tent,aux,0,ab,ece15,1,0.07934603479537093,,,,3,3,"{""uci_internal_fixed"": 0.07934603479537093}",descriptive panel t interval; design-conditional
stage_a_uci_v1,tent,aux,0,ab,seconds,1,0.08398201667053697,,,,3,3,"{""uci_internal_fixed"": 0.08398201667053697}",descriptive panel t interval; design-conditional
stage_a_uci_v1,tent,aux,0,ab,updates,1,16.0,,,,3,3,"{""uci_internal_fixed"": 16.0}",descriptive panel t interval; design-conditional
stage_a_uci_v1,tent,aux,0,ab,skipped,1,0.0,,,,3,3,"{""uci_internal_fixed"": 0.0}",descriptive panel t interval; design-conditional
stage_a_uci_v1,tent,aux,0,ab,recoveries,1,0.0,,,,3,3,"{""uci_internal_fixed"": 0.0}",descriptive panel t interval; design-conditional
stage_a_uci_v1,tent,aux,0,ba,accuracy,1,0.8616536458333334,,,,3,3,"{""uci_internal_fixed"": 0.8616536458333334}",descriptive panel t interval; design-conditional
stage_a_uci_v1,tent,aux,0,ba,nll,1,0.5139045547439033,,,,3,3,"{""uci_internal_fixed"": 0.5139045547439033}",descriptive panel t interval; design-conditional
stage_a_uci_v1,tent,aux,0,ba,brier,1,0.2140656711041514,,,,3,3,"{""uci_internal_fixed"": 0.2140656711041514}",descriptive panel t interval; design-conditional
stage_a_uci_v1,tent,aux,0,ba,ece15,1,0.07949729254838155,,,,3,3,"{""uci_internal_fixed"": 0.07949729254838155}",descriptive panel t interval; design-conditional
stage_a_uci_v1,tent,aux,0,ba,seconds,1,0.08369866666907905,,,,3,3,"{""uci_internal_fixed"": 0.08369866666907905}",descriptive panel t interval; design-conditional
stage_a_uci_v1,tent,aux,0,ba,updates,1,16.0,,,,3,3,"{""uci_internal_fixed"": 16.0}",descriptive panel t interval; design-conditional
stage_a_uci_v1,tent,aux,0,ba,skipped,1,0.0,,,,3,3,"{""uci_internal_fixed"": 0.0}",descriptive panel t interval; design-conditional
stage_a_uci_v1,tent,aux,0,ba,recoveries,1,0.0,,,,3,3,"{""uci_internal_fixed"": 0.0}",descriptive panel t interval; design-conditional
stage_a_uci_v1,tent,aux,4,ab,accuracy,1,0.8623046875,,,,3,3,"{""uci_internal_fixed"": 0.8623046875}",descriptive panel t interval; design-conditional
stage_a_uci_v1,tent,aux,4,ab,nll,1,0.5144152186027519,,,,3,3,"{""uci_internal_fixed"": 0.5144152186027519}",descriptive panel t interval; design-conditional
stage_a_uci_v1,tent,aux,4,ab,brier,1,0.21412238750003545,,,,3,3,"{""uci_internal_fixed"": 0.21412238750003545}",descriptive panel t interval; design-conditional
stage_a_uci_v1,tent,aux,4,ab,ece15,1,0.0791961374745065,,,,3,3,"{""uci_internal_fixed"": 0.0791961374745065}",descriptive panel t interval; design-conditional
stage_a_uci_v1,tent,aux,4,ab,seconds,1,0.09081638333494384,,,,3,3,"{""uci_internal_fixed"": 0.09081638333494384}",descriptive panel t interval; design-conditional
stage_a_uci_v1,tent,aux,4,ab,updates,1,16.0,,,,3,3,"{""uci_internal_fixed"": 16.0}",descriptive panel t interval; design-conditional
stage_a_uci_v1,tent,aux,4,ab,skipped,1,0.0,,,,3,3,"{""uci_internal_fixed"": 0.0}",descriptive panel t interval; design-conditional
stage_a_uci_v1,tent,aux,4,ab,recoveries,1,0.0,,,,3,3,"{""uci_internal_fixed"": 0.0}",descriptive panel t interval; design-conditional
stage_a_uci_v1,tent,aux,4,ba,accuracy,1,0.8623046875,,,,3,3,"{""uci_internal_fixed"": 0.8623046875}",descriptive panel t interval; design-conditional
stage_a_uci_v1,tent,aux,4,ba,nll,1,0.5143979326361886,,,,3,3,"{""uci_internal_fixed"": 0.5143979326361886}",descriptive panel t interval; design-conditional
stage_a_uci_v1,tent,aux,4,ba,brier,1,0.2141207995192341,,,,3,3,"{""uci_internal_fixed"": 0.2141207995192341}",descriptive panel t interval; design-conditional
stage_a_uci_v1,tent,aux,4,ba,ece15,1,0.0791877265102701,,,,3,3,"{""uci_internal_fixed"": 0.0791877265102701}",descriptive panel t interval; design-conditional
stage_a_uci_v1,tent,aux,4,ba,seconds,1,0.10114051666459994,,,,3,3,"{""uci_internal_fixed"": 0.10114051666459994}",descriptive panel t interval; design-conditional
stage_a_uci_v1,tent,aux,4,ba,updates,1,16.0,,,,3,3,"{""uci_internal_fixed"": 16.0}",descriptive panel t interval; design-conditional
stage_a_uci_v1,tent,aux,4,ba,skipped,1,0.0,,,,3,3,"{""uci_internal_fixed"": 0.0}",descriptive panel t interval; design-conditional
stage_a_uci_v1,tent,aux,4,ba,recoveries,1,0.0,,,,3,3,"{""uci_internal_fixed"": 0.0}",descriptive panel t interval; design-conditional
stage_a_uci_v1,tent,none,0,ab,accuracy,1,0.8619791666666666,,,,3,3,"{""uci_internal_fixed"": 0.8619791666666666}",descriptive panel t interval; design-conditional
stage_a_uci_v1,tent,none,0,ab,nll,1,0.513930715797977,,,,3,3,"{""uci_internal_fixed"": 0.513930715797977}",descriptive panel t interval; design-conditional
stage_a_uci_v1,tent,none,0,ab,brier,1,0.21406790651952343,,,,3,3,"{""uci_internal_fixed"": 0.21406790651952343}",descriptive panel t interval; design-conditional
stage_a_uci_v1,tent,none,0,ab,ece15,1,0.07934603479537093,,,,3,3,"{""uci_internal_fixed"": 0.07934603479537093}",descriptive panel t interval; design-conditional
stage_a_uci_v1,tent,none,0,ab,seconds,1,0.0891901333307032,,,,3,3,"{""uci_internal_fixed"": 0.0891901333307032}",descriptive panel t interval; design-conditional
stage_a_uci_v1,tent,none,0,ab,updates,1,16.0,,,,3,3,"{""uci_internal_fixed"": 16.0}",descriptive panel t interval; design-conditional
stage_a_uci_v1,tent,none,0,ab,skipped,1,0.0,,,,3,3,"{""uci_internal_fixed"": 0.0}",descriptive panel t interval; design-conditional
stage_a_uci_v1,tent,none,0,ab,recoveries,1,0.0,,,,3,3,"{""uci_internal_fixed"": 0.0}",descriptive panel t interval; design-conditional
stage_a_uci_v1,tent,none,0,ba,accuracy,1,0.8616536458333334,,,,3,3,"{""uci_internal_fixed"": 0.8616536458333334}",descriptive panel t interval; design-conditional
stage_a_uci_v1,tent,none,0,ba,nll,1,0.5139045547439033,,,,3,3,"{""uci_internal_fixed"": 0.5139045547439033}",descriptive panel t interval; design-conditional
stage_a_uci_v1,tent,none,0,ba,brier,1,0.2140656711041514,,,,3,3,"{""uci_internal_fixed"": 0.2140656711041514}",descriptive panel t interval; design-conditional
stage_a_uci_v1,tent,none,0,ba,ece15,1,0.07949729254838155,,,,3,3,"{""uci_internal_fixed"": 0.07949729254838155}",descriptive panel t interval; design-conditional
stage_a_uci_v1,tent,none,0,ba,seconds,1,0.09254500000436862,,,,3,3,"{""uci_internal_fixed"": 0.09254500000436862}",descriptive panel t interval; design-conditional
stage_a_uci_v1,tent,none,0,ba,updates,1,16.0,,,,3,3,"{""uci_internal_fixed"": 16.0}",descriptive panel t interval; design-conditional
stage_a_uci_v1,tent,none,0,ba,skipped,1,0.0,,,,3,3,"{""uci_internal_fixed"": 0.0}",descriptive panel t interval; design-conditional
stage_a_uci_v1,tent,none,0,ba,recoveries,1,0.0,,,,3,3,"{""uci_internal_fixed"": 0.0}",descriptive panel t interval; design-conditional
stage_a_uci_v1,tent,none,4,ab,accuracy,1,0.8623046875,,,,3,3,"{""uci_internal_fixed"": 0.8623046875}",descriptive panel t interval; design-conditional
stage_a_uci_v1,tent,none,4,ab,nll,1,0.5144152186027519,,,,3,3,"{""uci_internal_fixed"": 0.5144152186027519}",descriptive panel t interval; design-conditional
stage_a_uci_v1,tent,none,4,ab,brier,1,0.21412238750003545,,,,3,3,"{""uci_internal_fixed"": 0.21412238750003545}",descriptive panel t interval; design-conditional
stage_a_uci_v1,tent,none,4,ab,ece15,1,0.0791961374745065,,,,3,3,"{""uci_internal_fixed"": 0.0791961374745065}",descriptive panel t interval; design-conditional
stage_a_uci_v1,tent,none,4,ab,seconds,1,0.08856469999833883,,,,3,3,"{""uci_internal_fixed"": 0.08856469999833883}",descriptive panel t interval; design-conditional
stage_a_uci_v1,tent,none,4,ab,updates,1,16.0,,,,3,3,"{""uci_internal_fixed"": 16.0}",descriptive panel t interval; design-conditional
stage_a_uci_v1,tent,none,4,ab,skipped,1,0.0,,,,3,3,"{""uci_internal_fixed"": 0.0}",descriptive panel t interval; design-conditional
stage_a_uci_v1,tent,none,4,ab,recoveries,1,0.0,,,,3,3,"{""uci_internal_fixed"": 0.0}",descriptive panel t interval; design-conditional
stage_a_uci_v1,tent,none,4,ba,accuracy,1,0.8623046875,,,,3,3,"{""uci_internal_fixed"": 0.8623046875}",descriptive panel t interval; design-conditional
stage_a_uci_v1,tent,none,4,ba,nll,1,0.5143979326361886,,,,3,3,"{""uci_internal_fixed"": 0.5143979326361886}",descriptive panel t interval; design-conditional
stage_a_uci_v1,tent,none,4,ba,brier,1,0.2141207995192341,,,,3,3,"{""uci_internal_fixed"": 0.2141207995192341}",descriptive panel t interval; design-conditional
stage_a_uci_v1,tent,none,4,ba,ece15,1,0.0791877265102701,,,,3,3,"{""uci_internal_fixed"": 0.0791877265102701}",descriptive panel t interval; design-conditional
stage_a_uci_v1,tent,none,4,ba,seconds,1,0.08447431666960858,,,,3,3,"{""uci_internal_fixed"": 0.08447431666960858}",descriptive panel t interval; design-conditional
stage_a_uci_v1,tent,none,4,ba,updates,1,16.0,,,,3,3,"{""uci_internal_fixed"": 16.0}",descriptive panel t interval; design-conditional
stage_a_uci_v1,tent,none,4,ba,skipped,1,0.0,,,,3,3,"{""uci_internal_fixed"": 0.0}",descriptive panel t interval; design-conditional
stage_a_uci_v1,tent,none,4,ba,recoveries,1,0.0,,,,3,3,"{""uci_internal_fixed"": 0.0}",descriptive panel t interval; design-conditional
stage_a_uci_v1,tent,optimizer,0,ab,accuracy,1,0.8619791666666666,,,,3,3,"{""uci_internal_fixed"": 0.8619791666666666}",descriptive panel t interval; design-conditional
stage_a_uci_v1,tent,optimizer,0,ab,nll,1,0.5140207636254323,,,,3,3,"{""uci_internal_fixed"": 0.5140207636254323}",descriptive panel t interval; design-conditional
stage_a_uci_v1,tent,optimizer,0,ab,brier,1,0.21408797244272207,,,,3,3,"{""uci_internal_fixed"": 0.21408797244272207}",descriptive panel t interval; design-conditional
stage_a_uci_v1,tent,optimizer,0,ab,ece15,1,0.07911659185227622,,,,3,3,"{""uci_internal_fixed"": 0.07911659185227622}",descriptive panel t interval; design-conditional
stage_a_uci_v1,tent,optimizer,0,ab,seconds,1,0.11721553333579016,,,,3,3,"{""uci_internal_fixed"": 0.11721553333579016}",descriptive panel t interval; design-conditional
stage_a_uci_v1,tent,optimizer,0,ab,updates,1,16.0,,,,3,3,"{""uci_internal_fixed"": 16.0}",descriptive panel t interval; design-conditional
stage_a_uci_v1,tent,optimizer,0,ab,skipped,1,0.0,,,,3,3,"{""uci_internal_fixed"": 0.0}",descriptive panel t interval; design-conditional
stage_a_uci_v1,tent,optimizer,0,ab,recoveries,1,0.0,,,,3,3,"{""uci_internal_fixed"": 0.0}",descriptive panel t interval; design-conditional
stage_a_uci_v1,tent,optimizer,0,ba,accuracy,1,0.8616536458333334,,,,3,3,"{""uci_internal_fixed"": 0.8616536458333334}",descriptive panel t interval; design-conditional
stage_a_uci_v1,tent,optimizer,0,ba,nll,1,0.5139579097725794,,,,3,3,"{""uci_internal_fixed"": 0.5139579097725794}",descriptive panel t interval; design-conditional
stage_a_uci_v1,tent,optimizer,0,ba,brier,1,0.21408338031305515,,,,3,3,"{""uci_internal_fixed"": 0.21408338031305515}",descriptive panel t interval; design-conditional
stage_a_uci_v1,tent,optimizer,0,ba,ece15,1,0.07925634676265982,,,,3,3,"{""uci_internal_fixed"": 0.07925634676265982}",descriptive panel t interval; design-conditional
stage_a_uci_v1,tent,optimizer,0,ba,seconds,1,0.08832524999888842,,,,3,3,"{""uci_internal_fixed"": 0.08832524999888842}",descriptive panel t interval; design-conditional
stage_a_uci_v1,tent,optimizer,0,ba,updates,1,16.0,,,,3,3,"{""uci_internal_fixed"": 16.0}",descriptive panel t interval; design-conditional
stage_a_uci_v1,tent,optimizer,0,ba,skipped,1,0.0,,,,3,3,"{""uci_internal_fixed"": 0.0}",descriptive panel t interval; design-conditional
stage_a_uci_v1,tent,optimizer,0,ba,recoveries,1,0.0,,,,3,3,"{""uci_internal_fixed"": 0.0}",descriptive panel t interval; design-conditional
stage_a_uci_v1,tent,optimizer,4,ab,accuracy,1,0.8623046875,,,,3,3,"{""uci_internal_fixed"": 0.8623046875}",descriptive panel t interval; design-conditional
stage_a_uci_v1,tent,optimizer,4,ab,nll,1,0.5140561009357576,,,,3,3,"{""uci_internal_fixed"": 0.5140561009357576}",descriptive panel t interval; design-conditional
stage_a_uci_v1,tent,optimizer,4,ab,brier,1,0.21407586250579394,,,,3,3,"{""uci_internal_fixed"": 0.21407586250579394}",descriptive panel t interval; design-conditional
stage_a_uci_v1,tent,optimizer,4,ab,ece15,1,0.07898562420616104,,,,3,3,"{""uci_internal_fixed"": 0.07898562420616104}",descriptive panel t interval; design-conditional
stage_a_uci_v1,tent,optimizer,4,ab,seconds,1,0.09010196666349653,,,,3,3,"{""uci_internal_fixed"": 0.09010196666349653}",descriptive panel t interval; design-conditional
stage_a_uci_v1,tent,optimizer,4,ab,updates,1,16.0,,,,3,3,"{""uci_internal_fixed"": 16.0}",descriptive panel t interval; design-conditional
stage_a_uci_v1,tent,optimizer,4,ab,skipped,1,0.0,,,,3,3,"{""uci_internal_fixed"": 0.0}",descriptive panel t interval; design-conditional
stage_a_uci_v1,tent,optimizer,4,ab,recoveries,1,0.0,,,,3,3,"{""uci_internal_fixed"": 0.0}",descriptive panel t interval; design-conditional
stage_a_uci_v1,tent,optimizer,4,ba,accuracy,1,0.8623046875,,,,3,3,"{""uci_internal_fixed"": 0.8623046875}",descriptive panel t interval; design-conditional
stage_a_uci_v1,tent,optimizer,4,ba,nll,1,0.5140143540019452,,,,3,3,"{""uci_internal_fixed"": 0.5140143540019452}",descriptive panel t interval; design-conditional
stage_a_uci_v1,tent,optimizer,4,ba,brier,1,0.21407256170017286,,,,3,3,"{""uci_internal_fixed"": 0.21407256170017286}",descriptive panel t interval; design-conditional
stage_a_uci_v1,tent,optimizer,4,ba,ece15,1,0.07918942193259021,,,,3,3,"{""uci_internal_fixed"": 0.07918942193259021}",descriptive panel t interval; design-conditional
stage_a_uci_v1,tent,optimizer,4,ba,seconds,1,0.11408221666594419,,,,3,3,"{""uci_internal_fixed"": 0.11408221666594419}",descriptive panel t interval; design-conditional
stage_a_uci_v1,tent,optimizer,4,ba,updates,1,16.0,,,,3,3,"{""uci_internal_fixed"": 16.0}",descriptive panel t interval; design-conditional
stage_a_uci_v1,tent,optimizer,4,ba,skipped,1,0.0,,,,3,3,"{""uci_internal_fixed"": 0.0}",descriptive panel t interval; design-conditional
stage_a_uci_v1,tent,optimizer,4,ba,recoveries,1,0.0,,,,3,3,"{""uci_internal_fixed"": 0.0}",descriptive panel t interval; design-conditional
stage_a_uci_v1,tent,optimizer_aux,0,ab,accuracy,1,0.8619791666666666,,,,3,3,"{""uci_internal_fixed"": 0.8619791666666666}",descriptive panel t interval; design-conditional
stage_a_uci_v1,tent,optimizer_aux,0,ab,nll,1,0.5140207636254323,,,,3,3,"{""uci_internal_fixed"": 0.5140207636254323}",descriptive panel t interval; design-conditional
stage_a_uci_v1,tent,optimizer_aux,0,ab,brier,1,0.21408797244272207,,,,3,3,"{""uci_internal_fixed"": 0.21408797244272207}",descriptive panel t interval; design-conditional
stage_a_uci_v1,tent,optimizer_aux,0,ab,ece15,1,0.07911659185227622,,,,3,3,"{""uci_internal_fixed"": 0.07911659185227622}",descriptive panel t interval; design-conditional
stage_a_uci_v1,tent,optimizer_aux,0,ab,seconds,1,0.07756686667077395,,,,3,3,"{""uci_internal_fixed"": 0.07756686667077395}",descriptive panel t interval; design-conditional
stage_a_uci_v1,tent,optimizer_aux,0,ab,updates,1,16.0,,,,3,3,"{""uci_internal_fixed"": 16.0}",descriptive panel t interval; design-conditional
stage_a_uci_v1,tent,optimizer_aux,0,ab,skipped,1,0.0,,,,3,3,"{""uci_internal_fixed"": 0.0}",descriptive panel t interval; design-conditional
stage_a_uci_v1,tent,optimizer_aux,0,ab,recoveries,1,0.0,,,,3,3,"{""uci_internal_fixed"": 0.0}",descriptive panel t interval; design-conditional
stage_a_uci_v1,tent,optimizer_aux,0,ba,accuracy,1,0.8616536458333334,,,,3,3,"{""uci_internal_fixed"": 0.8616536458333334}",descriptive panel t interval; design-conditional
stage_a_uci_v1,tent,optimizer_aux,0,ba,nll,1,0.5139579097725794,,,,3,3,"{""uci_internal_fixed"": 0.5139579097725794}",descriptive panel t interval; design-conditional
stage_a_uci_v1,tent,optimizer_aux,0,ba,brier,1,0.21408338031305515,,,,3,3,"{""uci_internal_fixed"": 0.21408338031305515}",descriptive panel t interval; design-conditional
stage_a_uci_v1,tent,optimizer_aux,0,ba,ece15,1,0.07925634676265982,,,,3,3,"{""uci_internal_fixed"": 0.07925634676265982}",descriptive panel t interval; design-conditional
stage_a_uci_v1,tent,optimizer_aux,0,ba,seconds,1,0.08030620000257233,,,,3,3,"{""uci_internal_fixed"": 0.08030620000257233}",descriptive panel t interval; design-conditional
stage_a_uci_v1,tent,optimizer_aux,0,ba,updates,1,16.0,,,,3,3,"{""uci_internal_fixed"": 16.0}",descriptive panel t interval; design-conditional
stage_a_uci_v1,tent,optimizer_aux,0,ba,skipped,1,0.0,,,,3,3,"{""uci_internal_fixed"": 0.0}",descriptive panel t interval; design-conditional
stage_a_uci_v1,tent,optimizer_aux,0,ba,recoveries,1,0.0,,,,3,3,"{""uci_internal_fixed"": 0.0}",descriptive panel t interval; design-conditional
stage_a_uci_v1,tent,optimizer_aux,4,ab,accuracy,1,0.8623046875,,,,3,3,"{""uci_internal_fixed"": 0.8623046875}",descriptive panel t interval; design-conditional
stage_a_uci_v1,tent,optimizer_aux,4,ab,nll,1,0.5140561009357576,,,,3,3,"{""uci_internal_fixed"": 0.5140561009357576}",descriptive panel t interval; design-conditional
stage_a_uci_v1,tent,optimizer_aux,4,ab,brier,1,0.21407586250579394,,,,3,3,"{""uci_internal_fixed"": 0.21407586250579394}",descriptive panel t interval; design-conditional
stage_a_uci_v1,tent,optimizer_aux,4,ab,ece15,1,0.07898562420616104,,,,3,3,"{""uci_internal_fixed"": 0.07898562420616104}",descriptive panel t interval; design-conditional
stage_a_uci_v1,tent,optimizer_aux,4,ab,seconds,1,0.0810542833326811,,,,3,3,"{""uci_internal_fixed"": 0.0810542833326811}",descriptive panel t interval; design-conditional
stage_a_uci_v1,tent,optimizer_aux,4,ab,updates,1,16.0,,,,3,3,"{""uci_internal_fixed"": 16.0}",descriptive panel t interval; design-conditional
stage_a_uci_v1,tent,optimizer_aux,4,ab,skipped,1,0.0,,,,3,3,"{""uci_internal_fixed"": 0.0}",descriptive panel t interval; design-conditional
stage_a_uci_v1,tent,optimizer_aux,4,ab,recoveries,1,0.0,,,,3,3,"{""uci_internal_fixed"": 0.0}",descriptive panel t interval; design-conditional
stage_a_uci_v1,tent,optimizer_aux,4,ba,accuracy,1,0.8623046875,,,,3,3,"{""uci_internal_fixed"": 0.8623046875}",descriptive panel t interval; design-conditional
stage_a_uci_v1,tent,optimizer_aux,4,ba,nll,1,0.5140143540019452,,,,3,3,"{""uci_internal_fixed"": 0.5140143540019452}",descriptive panel t interval; design-conditional
stage_a_uci_v1,tent,optimizer_aux,4,ba,brier,1,0.21407256170017286,,,,3,3,"{""uci_internal_fixed"": 0.21407256170017286}",descriptive panel t interval; design-conditional
stage_a_uci_v1,tent,optimizer_aux,4,ba,ece15,1,0.07918942193259021,,,,3,3,"{""uci_internal_fixed"": 0.07918942193259021}",descriptive panel t interval; design-conditional
stage_a_uci_v1,tent,optimizer_aux,4,ba,seconds,1,0.08053551666428874,,,,3,3,"{""uci_internal_fixed"": 0.08053551666428874}",descriptive panel t interval; design-conditional
stage_a_uci_v1,tent,optimizer_aux,4,ba,updates,1,16.0,,,,3,3,"{""uci_internal_fixed"": 16.0}",descriptive panel t interval; design-conditional
stage_a_uci_v1,tent,optimizer_aux,4,ba,skipped,1,0.0,,,,3,3,"{""uci_internal_fixed"": 0.0}",descriptive panel t interval; design-conditional
stage_a_uci_v1,tent,optimizer_aux,4,ba,recoveries,1,0.0,,,,3,3,"{""uci_internal_fixed"": 0.0}",descriptive panel t interval; design-conditional
stage_a_uci_v1,tent,parameters,0,ab,accuracy,1,0.8616536458333334,,,,3,3,"{""uci_internal_fixed"": 0.8616536458333334}",descriptive panel t interval; design-conditional
stage_a_uci_v1,tent,parameters,0,ab,nll,1,0.51405495626297,,,,3,3,"{""uci_internal_fixed"": 0.51405495626297}",descriptive panel t interval; design-conditional
stage_a_uci_v1,tent,parameters,0,ab,brier,1,0.2141212596574894,,,,3,3,"{""uci_internal_fixed"": 0.2141212596574894}",descriptive panel t interval; design-conditional
stage_a_uci_v1,tent,parameters,0,ab,ece15,1,0.07901208171909709,,,,3,3,"{""uci_internal_fixed"": 0.07901208171909709}",descriptive panel t interval; design-conditional
stage_a_uci_v1,tent,parameters,0,ab,seconds,1,0.08087801666503458,,,,3,3,"{""uci_internal_fixed"": 0.08087801666503458}",descriptive panel t interval; design-conditional
stage_a_uci_v1,tent,parameters,0,ab,updates,1,16.0,,,,3,3,"{""uci_internal_fixed"": 16.0}",descriptive panel t interval; design-conditional
stage_a_uci_v1,tent,parameters,0,ab,skipped,1,0.0,,,,3,3,"{""uci_internal_fixed"": 0.0}",descriptive panel t interval; design-conditional
stage_a_uci_v1,tent,parameters,0,ab,recoveries,1,0.0,,,,3,3,"{""uci_internal_fixed"": 0.0}",descriptive panel t interval; design-conditional
stage_a_uci_v1,tent,parameters,0,ba,accuracy,1,0.8616536458333334,,,,3,3,"{""uci_internal_fixed"": 0.8616536458333334}",descriptive panel t interval; design-conditional
stage_a_uci_v1,tent,parameters,0,ba,nll,1,0.5140915711297555,,,,3,3,"{""uci_internal_fixed"": 0.5140915711297555}",descriptive panel t interval; design-conditional
stage_a_uci_v1,tent,parameters,0,ba,brier,1,0.21412360523940868,,,,3,3,"{""uci_internal_fixed"": 0.21412360523940868}",descriptive panel t interval; design-conditional
stage_a_uci_v1,tent,parameters,0,ba,ece15,1,0.07902311552166603,,,,3,3,"{""uci_internal_fixed"": 0.07902311552166603}",descriptive panel t interval; design-conditional
stage_a_uci_v1,tent,parameters,0,ba,seconds,1,0.09483419999742176,,,,3,3,"{""uci_internal_fixed"": 0.09483419999742176}",descriptive panel t interval; design-conditional
stage_a_uci_v1,tent,parameters,0,ba,updates,1,16.0,,,,3,3,"{""uci_internal_fixed"": 16.0}",descriptive panel t interval; design-conditional
stage_a_uci_v1,tent,parameters,0,ba,skipped,1,0.0,,,,3,3,"{""uci_internal_fixed"": 0.0}",descriptive panel t interval; design-conditional
stage_a_uci_v1,tent,parameters,0,ba,recoveries,1,0.0,,,,3,3,"{""uci_internal_fixed"": 0.0}",descriptive panel t interval; design-conditional
stage_a_uci_v1,tent,parameters,4,ab,accuracy,1,0.8616536458333334,,,,3,3,"{""uci_internal_fixed"": 0.8616536458333334}",descriptive panel t interval; design-conditional
stage_a_uci_v1,tent,parameters,4,ab,nll,1,0.5145020303060358,,,,3,3,"{""uci_internal_fixed"": 0.5145020303060358}",descriptive panel t interval; design-conditional
stage_a_uci_v1,tent,parameters,4,ab,brier,1,0.21418720471350258,,,,3,3,"{""uci_internal_fixed"": 0.21418720471350258}",descriptive panel t interval; design-conditional
stage_a_uci_v1,tent,parameters,4,ab,ece15,1,0.07905311101615513,,,,3,3,"{""uci_internal_fixed"": 0.07905311101615513}",descriptive panel t interval; design-conditional
stage_a_uci_v1,tent,parameters,4,ab,seconds,1,0.08117740000064559,,,,3,3,"{""uci_internal_fixed"": 0.08117740000064559}",descriptive panel t interval; design-conditional
stage_a_uci_v1,tent,parameters,4,ab,updates,1,16.0,,,,3,3,"{""uci_internal_fixed"": 16.0}",descriptive panel t interval; design-conditional
stage_a_uci_v1,tent,parameters,4,ab,skipped,1,0.0,,,,3,3,"{""uci_internal_fixed"": 0.0}",descriptive panel t interval; design-conditional
stage_a_uci_v1,tent,parameters,4,ab,recoveries,1,0.0,,,,3,3,"{""uci_internal_fixed"": 0.0}",descriptive panel t interval; design-conditional
stage_a_uci_v1,tent,parameters,4,ba,accuracy,1,0.8616536458333334,,,,3,3,"{""uci_internal_fixed"": 0.8616536458333334}",descriptive panel t interval; design-conditional
stage_a_uci_v1,tent,parameters,4,ba,nll,1,0.5145257348698196,,,,3,3,"{""uci_internal_fixed"": 0.5145257348698196}",descriptive panel t interval; design-conditional
stage_a_uci_v1,tent,parameters,4,ba,brier,1,0.2141885849925409,,,,3,3,"{""uci_internal_fixed"": 0.2141885849925409}",descriptive panel t interval; design-conditional
stage_a_uci_v1,tent,parameters,4,ba,ece15,1,0.07888675211553235,,,,3,3,"{""uci_internal_fixed"": 0.07888675211553235}",descriptive panel t interval; design-conditional
stage_a_uci_v1,tent,parameters,4,ba,seconds,1,0.09115694999976158,,,,3,3,"{""uci_internal_fixed"": 0.09115694999976158}",descriptive panel t interval; design-conditional
stage_a_uci_v1,tent,parameters,4,ba,updates,1,16.0,,,,3,3,"{""uci_internal_fixed"": 16.0}",descriptive panel t interval; design-conditional
stage_a_uci_v1,tent,parameters,4,ba,skipped,1,0.0,,,,3,3,"{""uci_internal_fixed"": 0.0}",descriptive panel t interval; design-conditional
stage_a_uci_v1,tent,parameters,4,ba,recoveries,1,0.0,,,,3,3,"{""uci_internal_fixed"": 0.0}",descriptive panel t interval; design-conditional
stage_a_uci_v1,tent,parameters_aux,0,ab,accuracy,1,0.8616536458333334,,,,3,3,"{""uci_internal_fixed"": 0.8616536458333334}",descriptive panel t interval; design-conditional
stage_a_uci_v1,tent,parameters_aux,0,ab,nll,1,0.51405495626297,,,,3,3,"{""uci_internal_fixed"": 0.51405495626297}",descriptive panel t interval; design-conditional
stage_a_uci_v1,tent,parameters_aux,0,ab,brier,1,0.2141212596574894,,,,3,3,"{""uci_internal_fixed"": 0.2141212596574894}",descriptive panel t interval; design-conditional
stage_a_uci_v1,tent,parameters_aux,0,ab,ece15,1,0.07901208171909709,,,,3,3,"{""uci_internal_fixed"": 0.07901208171909709}",descriptive panel t interval; design-conditional
stage_a_uci_v1,tent,parameters_aux,0,ab,seconds,1,0.10797398333185503,,,,3,3,"{""uci_internal_fixed"": 0.10797398333185503}",descriptive panel t interval; design-conditional
stage_a_uci_v1,tent,parameters_aux,0,ab,updates,1,16.0,,,,3,3,"{""uci_internal_fixed"": 16.0}",descriptive panel t interval; design-conditional
stage_a_uci_v1,tent,parameters_aux,0,ab,skipped,1,0.0,,,,3,3,"{""uci_internal_fixed"": 0.0}",descriptive panel t interval; design-conditional
stage_a_uci_v1,tent,parameters_aux,0,ab,recoveries,1,0.0,,,,3,3,"{""uci_internal_fixed"": 0.0}",descriptive panel t interval; design-conditional
stage_a_uci_v1,tent,parameters_aux,0,ba,accuracy,1,0.8616536458333334,,,,3,3,"{""uci_internal_fixed"": 0.8616536458333334}",descriptive panel t interval; design-conditional
stage_a_uci_v1,tent,parameters_aux,0,ba,nll,1,0.5140915711297555,,,,3,3,"{""uci_internal_fixed"": 0.5140915711297555}",descriptive panel t interval; design-conditional
stage_a_uci_v1,tent,parameters_aux,0,ba,brier,1,0.21412360523940868,,,,3,3,"{""uci_internal_fixed"": 0.21412360523940868}",descriptive panel t interval; design-conditional
stage_a_uci_v1,tent,parameters_aux,0,ba,ece15,1,0.07902311552166603,,,,3,3,"{""uci_internal_fixed"": 0.07902311552166603}",descriptive panel t interval; design-conditional
stage_a_uci_v1,tent,parameters_aux,0,ba,seconds,1,0.0846290999979828,,,,3,3,"{""uci_internal_fixed"": 0.0846290999979828}",descriptive panel t interval; design-conditional
stage_a_uci_v1,tent,parameters_aux,0,ba,updates,1,16.0,,,,3,3,"{""uci_internal_fixed"": 16.0}",descriptive panel t interval; design-conditional
stage_a_uci_v1,tent,parameters_aux,0,ba,skipped,1,0.0,,,,3,3,"{""uci_internal_fixed"": 0.0}",descriptive panel t interval; design-conditional
stage_a_uci_v1,tent,parameters_aux,0,ba,recoveries,1,0.0,,,,3,3,"{""uci_internal_fixed"": 0.0}",descriptive panel t interval; design-conditional
stage_a_uci_v1,tent,parameters_aux,4,ab,accuracy,1,0.8616536458333334,,,,3,3,"{""uci_internal_fixed"": 0.8616536458333334}",descriptive panel t interval; design-conditional
stage_a_uci_v1,tent,parameters_aux,4,ab,nll,1,0.5145020303060358,,,,3,3,"{""uci_internal_fixed"": 0.5145020303060358}",descriptive panel t interval; design-conditional
stage_a_uci_v1,tent,parameters_aux,4,ab,brier,1,0.21418720471350258,,,,3,3,"{""uci_internal_fixed"": 0.21418720471350258}",descriptive panel t interval; design-conditional
stage_a_uci_v1,tent,parameters_aux,4,ab,ece15,1,0.07905311101615513,,,,3,3,"{""uci_internal_fixed"": 0.07905311101615513}",descriptive panel t interval; design-conditional
stage_a_uci_v1,tent,parameters_aux,4,ab,seconds,1,0.08734830000078846,,,,3,3,"{""uci_internal_fixed"": 0.08734830000078846}",descriptive panel t interval; design-conditional
stage_a_uci_v1,tent,parameters_aux,4,ab,updates,1,16.0,,,,3,3,"{""uci_internal_fixed"": 16.0}",descriptive panel t interval; design-conditional
stage_a_uci_v1,tent,parameters_aux,4,ab,skipped,1,0.0,,,,3,3,"{""uci_internal_fixed"": 0.0}",descriptive panel t interval; design-conditional
stage_a_uci_v1,tent,parameters_aux,4,ab,recoveries,1,0.0,,,,3,3,"{""uci_internal_fixed"": 0.0}",descriptive panel t interval; design-conditional
stage_a_uci_v1,tent,parameters_aux,4,ba,accuracy,1,0.8616536458333334,,,,3,3,"{""uci_internal_fixed"": 0.8616536458333334}",descriptive panel t interval; design-conditional
stage_a_uci_v1,tent,parameters_aux,4,ba,nll,1,0.5145257348698196,,,,3,3,"{""uci_internal_fixed"": 0.5145257348698196}",descriptive panel t interval; design-conditional
stage_a_uci_v1,tent,parameters_aux,4,ba,brier,1,0.2141885849925409,,,,3,3,"{""uci_internal_fixed"": 0.2141885849925409}",descriptive panel t interval; design-conditional
stage_a_uci_v1,tent,parameters_aux,4,ba,ece15,1,0.07888675211553235,,,,3,3,"{""uci_internal_fixed"": 0.07888675211553235}",descriptive panel t interval; design-conditional
stage_a_uci_v1,tent,parameters_aux,4,ba,seconds,1,0.07821998333383816,,,,3,3,"{""uci_internal_fixed"": 0.07821998333383816}",descriptive panel t interval; design-conditional
stage_a_uci_v1,tent,parameters_aux,4,ba,updates,1,16.0,,,,3,3,"{""uci_internal_fixed"": 16.0}",descriptive panel t interval; design-conditional
stage_a_uci_v1,tent,parameters_aux,4,ba,skipped,1,0.0,,,,3,3,"{""uci_internal_fixed"": 0.0}",descriptive panel t interval; design-conditional
stage_a_uci_v1,tent,parameters_aux,4,ba,recoveries,1,0.0,,,,3,3,"{""uci_internal_fixed"": 0.0}",descriptive panel t interval; design-conditional
stage_a_uci_v1,tent,parameters_optimizer,0,ab,accuracy,1,0.8616536458333334,,,,3,3,"{""uci_internal_fixed"": 0.8616536458333334}",descriptive panel t interval; design-conditional
stage_a_uci_v1,tent,parameters_optimizer,0,ab,nll,1,0.5141457317600596,,,,3,3,"{""uci_internal_fixed"": 0.5141457317600596}",descriptive panel t interval; design-conditional
stage_a_uci_v1,tent,parameters_optimizer,0,ab,brier,1,0.21414177940910126,,,,3,3,"{""uci_internal_fixed"": 0.21414177940910126}",descriptive panel t interval; design-conditional
stage_a_uci_v1,tent,parameters_optimizer,0,ab,ece15,1,0.07899930300355357,,,,3,3,"{""uci_internal_fixed"": 0.07899930300355357}",descriptive panel t interval; design-conditional
stage_a_uci_v1,tent,parameters_optimizer,0,ab,seconds,1,0.09004496666845319,,,,3,3,"{""uci_internal_fixed"": 0.09004496666845319}",descriptive panel t interval; design-conditional
stage_a_uci_v1,tent,parameters_optimizer,0,ab,updates,1,16.0,,,,3,3,"{""uci_internal_fixed"": 16.0}",descriptive panel t interval; design-conditional
stage_a_uci_v1,tent,parameters_optimizer,0,ab,skipped,1,0.0,,,,3,3,"{""uci_internal_fixed"": 0.0}",descriptive panel t interval; design-conditional
stage_a_uci_v1,tent,parameters_optimizer,0,ab,recoveries,1,0.0,,,,3,3,"{""uci_internal_fixed"": 0.0}",descriptive panel t interval; design-conditional
stage_a_uci_v1,tent,parameters_optimizer,0,ba,accuracy,1,0.8616536458333334,,,,3,3,"{""uci_internal_fixed"": 0.8616536458333334}",descriptive panel t interval; design-conditional
stage_a_uci_v1,tent,parameters_optimizer,0,ba,nll,1,0.5141457317600596,,,,3,3,"{""uci_internal_fixed"": 0.5141457317600596}",descriptive panel t interval; design-conditional
stage_a_uci_v1,tent,parameters_optimizer,0,ba,brier,1,0.21414177940910126,,,,3,3,"{""uci_internal_fixed"": 0.21414177940910126}",descriptive panel t interval; design-conditional
stage_a_uci_v1,tent,parameters_optimizer,0,ba,ece15,1,0.07899930300355357,,,,3,3,"{""uci_internal_fixed"": 0.07899930300355357}",descriptive panel t interval; design-conditional
stage_a_uci_v1,tent,parameters_optimizer,0,ba,seconds,1,0.08444963333022311,,,,3,3,"{""uci_internal_fixed"": 0.08444963333022311}",descriptive panel t interval; design-conditional
stage_a_uci_v1,tent,parameters_optimizer,0,ba,updates,1,16.0,,,,3,3,"{""uci_internal_fixed"": 16.0}",descriptive panel t interval; design-conditional
stage_a_uci_v1,tent,parameters_optimizer,0,ba,skipped,1,0.0,,,,3,3,"{""uci_internal_fixed"": 0.0}",descriptive panel t interval; design-conditional
stage_a_uci_v1,tent,parameters_optimizer,0,ba,recoveries,1,0.0,,,,3,3,"{""uci_internal_fixed"": 0.0}",descriptive panel t interval; design-conditional
stage_a_uci_v1,tent,parameters_optimizer,4,ab,accuracy,1,0.8616536458333334,,,,3,3,"{""uci_internal_fixed"": 0.8616536458333334}",descriptive panel t interval; design-conditional
stage_a_uci_v1,tent,parameters_optimizer,4,ab,nll,1,0.5141457317600596,,,,3,3,"{""uci_internal_fixed"": 0.5141457317600596}",descriptive panel t interval; design-conditional
stage_a_uci_v1,tent,parameters_optimizer,4,ab,brier,1,0.21414177940910126,,,,3,3,"{""uci_internal_fixed"": 0.21414177940910126}",descriptive panel t interval; design-conditional
stage_a_uci_v1,tent,parameters_optimizer,4,ab,ece15,1,0.07899930300355357,,,,3,3,"{""uci_internal_fixed"": 0.07899930300355357}",descriptive panel t interval; design-conditional
stage_a_uci_v1,tent,parameters_optimizer,4,ab,seconds,1,0.0823051499998352,,,,3,3,"{""uci_internal_fixed"": 0.0823051499998352}",descriptive panel t interval; design-conditional
stage_a_uci_v1,tent,parameters_optimizer,4,ab,updates,1,16.0,,,,3,3,"{""uci_internal_fixed"": 16.0}",descriptive panel t interval; design-conditional
stage_a_uci_v1,tent,parameters_optimizer,4,ab,skipped,1,0.0,,,,3,3,"{""uci_internal_fixed"": 0.0}",descriptive panel t interval; design-conditional
stage_a_uci_v1,tent,parameters_optimizer,4,ab,recoveries,1,0.0,,,,3,3,"{""uci_internal_fixed"": 0.0}",descriptive panel t interval; design-conditional
stage_a_uci_v1,tent,parameters_optimizer,4,ba,accuracy,1,0.8616536458333334,,,,3,3,"{""uci_internal_fixed"": 0.8616536458333334}",descriptive panel t interval; design-conditional
stage_a_uci_v1,tent,parameters_optimizer,4,ba,nll,1,0.5141457317600596,,,,3,3,"{""uci_internal_fixed"": 0.5141457317600596}",descriptive panel t interval; design-conditional
stage_a_uci_v1,tent,parameters_optimizer,4,ba,brier,1,0.21414177940910126,,,,3,3,"{""uci_internal_fixed"": 0.21414177940910126}",descriptive panel t interval; design-conditional
stage_a_uci_v1,tent,parameters_optimizer,4,ba,ece15,1,0.07899930300355357,,,,3,3,"{""uci_internal_fixed"": 0.07899930300355357}",descriptive panel t interval; design-conditional
stage_a_uci_v1,tent,parameters_optimizer,4,ba,seconds,1,0.08497918333402284,,,,3,3,"{""uci_internal_fixed"": 0.08497918333402284}",descriptive panel t interval; design-conditional
stage_a_uci_v1,tent,parameters_optimizer,4,ba,updates,1,16.0,,,,3,3,"{""uci_internal_fixed"": 16.0}",descriptive panel t interval; design-conditional
stage_a_uci_v1,tent,parameters_optimizer,4,ba,skipped,1,0.0,,,,3,3,"{""uci_internal_fixed"": 0.0}",descriptive panel t interval; design-conditional
stage_a_uci_v1,tent,parameters_optimizer,4,ba,recoveries,1,0.0,,,,3,3,"{""uci_internal_fixed"": 0.0}",descriptive panel t interval; design-conditional
stage_a_uci_v1,tent,parameters_optimizer_aux,0,ab,accuracy,1,0.8616536458333334,,,,3,3,"{""uci_internal_fixed"": 0.8616536458333334}",descriptive panel t interval; design-conditional
stage_a_uci_v1,tent,parameters_optimizer_aux,0,ab,nll,1,0.5141457317600596,,,,3,3,"{""uci_internal_fixed"": 0.5141457317600596}",descriptive panel t interval; design-conditional
stage_a_uci_v1,tent,parameters_optimizer_aux,0,ab,brier,1,0.21414177940910126,,,,3,3,"{""uci_internal_fixed"": 0.21414177940910126}",descriptive panel t interval; design-conditional
stage_a_uci_v1,tent,parameters_optimizer_aux,0,ab,ece15,1,0.07899930300355357,,,,3,3,"{""uci_internal_fixed"": 0.07899930300355357}",descriptive panel t interval; design-conditional
stage_a_uci_v1,tent,parameters_optimizer_aux,0,ab,seconds,1,0.08668851666637538,,,,3,3,"{""uci_internal_fixed"": 0.08668851666637538}",descriptive panel t interval; design-conditional
stage_a_uci_v1,tent,parameters_optimizer_aux,0,ab,updates,1,16.0,,,,3,3,"{""uci_internal_fixed"": 16.0}",descriptive panel t interval; design-conditional
stage_a_uci_v1,tent,parameters_optimizer_aux,0,ab,skipped,1,0.0,,,,3,3,"{""uci_internal_fixed"": 0.0}",descriptive panel t interval; design-conditional
stage_a_uci_v1,tent,parameters_optimizer_aux,0,ab,recoveries,1,0.0,,,,3,3,"{""uci_internal_fixed"": 0.0}",descriptive panel t interval; design-conditional
stage_a_uci_v1,tent,parameters_optimizer_aux,0,ba,accuracy,1,0.8616536458333334,,,,3,3,"{""uci_internal_fixed"": 0.8616536458333334}",descriptive panel t interval; design-conditional
stage_a_uci_v1,tent,parameters_optimizer_aux,0,ba,nll,1,0.5141457317600596,,,,3,3,"{""uci_internal_fixed"": 0.5141457317600596}",descriptive panel t interval; design-conditional
stage_a_uci_v1,tent,parameters_optimizer_aux,0,ba,brier,1,0.21414177940910126,,,,3,3,"{""uci_internal_fixed"": 0.21414177940910126}",descriptive panel t interval; design-conditional
stage_a_uci_v1,tent,parameters_optimizer_aux,0,ba,ece15,1,0.07899930300355357,,,,3,3,"{""uci_internal_fixed"": 0.07899930300355357}",descriptive panel t interval; design-conditional
stage_a_uci_v1,tent,parameters_optimizer_aux,0,ba,seconds,1,0.07930095000241025,,,,3,3,"{""uci_internal_fixed"": 0.07930095000241025}",descriptive panel t interval; design-conditional
stage_a_uci_v1,tent,parameters_optimizer_aux,0,ba,updates,1,16.0,,,,3,3,"{""uci_internal_fixed"": 16.0}",descriptive panel t interval; design-conditional
stage_a_uci_v1,tent,parameters_optimizer_aux,0,ba,skipped,1,0.0,,,,3,3,"{""uci_internal_fixed"": 0.0}",descriptive panel t interval; design-conditional
stage_a_uci_v1,tent,parameters_optimizer_aux,0,ba,recoveries,1,0.0,,,,3,3,"{""uci_internal_fixed"": 0.0}",descriptive panel t interval; design-conditional
stage_a_uci_v1,tent,parameters_optimizer_aux,4,ab,accuracy,1,0.8616536458333334,,,,3,3,"{""uci_internal_fixed"": 0.8616536458333334}",descriptive panel t interval; design-conditional
stage_a_uci_v1,tent,parameters_optimizer_aux,4,ab,nll,1,0.5141457317600596,,,,3,3,"{""uci_internal_fixed"": 0.5141457317600596}",descriptive panel t interval; design-conditional
stage_a_uci_v1,tent,parameters_optimizer_aux,4,ab,brier,1,0.21414177940910126,,,,3,3,"{""uci_internal_fixed"": 0.21414177940910126}",descriptive panel t interval; design-conditional
stage_a_uci_v1,tent,parameters_optimizer_aux,4,ab,ece15,1,0.07899930300355357,,,,3,3,"{""uci_internal_fixed"": 0.07899930300355357}",descriptive panel t interval; design-conditional
stage_a_uci_v1,tent,parameters_optimizer_aux,4,ab,seconds,1,0.0821447000004506,,,,3,3,"{""uci_internal_fixed"": 0.0821447000004506}",descriptive panel t interval; design-conditional
stage_a_uci_v1,tent,parameters_optimizer_aux,4,ab,updates,1,16.0,,,,3,3,"{""uci_internal_fixed"": 16.0}",descriptive panel t interval; design-conditional
stage_a_uci_v1,tent,parameters_optimizer_aux,4,ab,skipped,1,0.0,,,,3,3,"{""uci_internal_fixed"": 0.0}",descriptive panel t interval; design-conditional
stage_a_uci_v1,tent,parameters_optimizer_aux,4,ab,recoveries,1,0.0,,,,3,3,"{""uci_internal_fixed"": 0.0}",descriptive panel t interval; design-conditional
stage_a_uci_v1,tent,parameters_optimizer_aux,4,ba,accuracy,1,0.8616536458333334,,,,3,3,"{""uci_internal_fixed"": 0.8616536458333334}",descriptive panel t interval; design-conditional
stage_a_uci_v1,tent,parameters_optimizer_aux,4,ba,nll,1,0.5141457317600596,,,,3,3,"{""uci_internal_fixed"": 0.5141457317600596}",descriptive panel t interval; design-conditional
stage_a_uci_v1,tent,parameters_optimizer_aux,4,ba,brier,1,0.21414177940910126,,,,3,3,"{""uci_internal_fixed"": 0.21414177940910126}",descriptive panel t interval; design-conditional
stage_a_uci_v1,tent,parameters_optimizer_aux,4,ba,ece15,1,0.07899930300355357,,,,3,3,"{""uci_internal_fixed"": 0.07899930300355357}",descriptive panel t interval; design-conditional
stage_a_uci_v1,tent,parameters_optimizer_aux,4,ba,seconds,1,0.08168680000138308,,,,3,3,"{""uci_internal_fixed"": 0.08168680000138308}",descriptive panel t interval; design-conditional
stage_a_uci_v1,tent,parameters_optimizer_aux,4,ba,updates,1,16.0,,,,3,3,"{""uci_internal_fixed"": 16.0}",descriptive panel t interval; design-conditional
stage_a_uci_v1,tent,parameters_optimizer_aux,4,ba,skipped,1,0.0,,,,3,3,"{""uci_internal_fixed"": 0.0}",descriptive panel t interval; design-conditional
stage_a_uci_v1,tent,parameters_optimizer_aux,4,ba,recoveries,1,0.0,,,,3,3,"{""uci_internal_fixed"": 0.0}",descriptive panel t interval; design-conditional
