experiment_id,method,intervention,washout_batches,direction,panel_id,metric,n_seeds,mean,seed_sd_descriptive,individual_seeds,scope
stage_a_uci_v1,norm,all,0,ab,uci_internal_fixed,accuracy_change,3,0.047200520833333336,0.08952651476806704,"{""17"": -0.009765625, ""29"": 0.0009765625, ""43"": 0.150390625}",same-panel seed variability; no CI or independence claim
stage_a_uci_v1,norm,all,0,ab,uci_internal_fixed,error_change,3,-0.047200520833333336,0.08952651476806704,"{""17"": 0.009765625, ""29"": -0.0009765625, ""43"": -0.150390625}",same-panel seed variability; no CI or independence claim
stage_a_uci_v1,norm,all,0,ab,uci_internal_fixed,nll_change,3,-0.03808533279304773,0.2753994794970027,"{""17"": 0.11033965324007958, ""29"": 0.13126405739057143, ""43"": -0.3558597090097942}",same-panel seed variability; no CI or independence claim
stage_a_uci_v1,norm,all,0,ab,uci_internal_fixed,brier_change,3,-0.058723550560806866,0.13069981889156176,"{""17"": 0.02428454792605335, ""29"": 0.008926806187843006, ""43"": -0.20938200579631697}",same-panel seed variability; no CI or independence claim
stage_a_uci_v1,norm,all,0,ab,uci_internal_fixed,ece15_change,3,0.002173093594947074,0.07799685013328228,"{""17"": 0.04026631714369, ""29"": 0.05380312839115661, ""43"": -0.08755016475000539}",same-panel seed variability; no CI or independence claim
stage_a_uci_v1,norm,all,0,ba,uci_internal_fixed,accuracy_change,3,0.047200520833333336,0.08952651476806704,"{""17"": -0.009765625, ""29"": 0.0009765625, ""43"": 0.150390625}",same-panel seed variability; no CI or independence claim
stage_a_uci_v1,norm,all,0,ba,uci_internal_fixed,error_change,3,-0.047200520833333336,0.08952651476806704,"{""17"": 0.009765625, ""29"": -0.0009765625, ""43"": -0.150390625}",same-panel seed variability; no CI or independence claim
stage_a_uci_v1,norm,all,0,ba,uci_internal_fixed,nll_change,3,-0.03808533279304773,0.2753994794970027,"{""17"": 0.11033965324007958, ""29"": 0.13126405739057143, ""43"": -0.3558597090097942}",same-panel seed variability; no CI or independence claim
stage_a_uci_v1,norm,all,0,ba,uci_internal_fixed,brier_change,3,-0.058723550560806866,0.13069981889156176,"{""17"": 0.02428454792605335, ""29"": 0.008926806187843006, ""43"": -0.20938200579631697}",same-panel seed variability; no CI or independence claim
stage_a_uci_v1,norm,all,0,ba,uci_internal_fixed,ece15_change,3,0.002173093594947074,0.07799685013328228,"{""17"": 0.04026631714369, ""29"": 0.05380312839115661, ""43"": -0.08755016475000539}",same-panel seed variability; no CI or independence claim
stage_a_uci_v1,norm,all,4,ab,uci_internal_fixed,accuracy_change,3,0.047200520833333336,0.08952651476806704,"{""17"": -0.009765625, ""29"": 0.0009765625, ""43"": 0.150390625}",same-panel seed variability; no CI or independence claim
stage_a_uci_v1,norm,all,4,ab,uci_internal_fixed,error_change,3,-0.047200520833333336,0.08952651476806704,"{""17"": 0.009765625, ""29"": -0.0009765625, ""43"": -0.150390625}",same-panel seed variability; no CI or independence claim
stage_a_uci_v1,norm,all,4,ab,uci_internal_fixed,nll_change,3,-0.03808533279304773,0.2753994794970027,"{""17"": 0.11033965324007958, ""29"": 0.13126405739057143, ""43"": -0.3558597090097942}",same-panel seed variability; no CI or independence claim
stage_a_uci_v1,norm,all,4,ab,uci_internal_fixed,brier_change,3,-0.058723550560806866,0.13069981889156176,"{""17"": 0.02428454792605335, ""29"": 0.008926806187843006, ""43"": -0.20938200579631697}",same-panel seed variability; no CI or independence claim
stage_a_uci_v1,norm,all,4,ab,uci_internal_fixed,ece15_change,3,0.002173093594947074,0.07799685013328228,"{""17"": 0.04026631714369, ""29"": 0.05380312839115661, ""43"": -0.08755016475000539}",same-panel seed variability; no CI or independence claim
stage_a_uci_v1,norm,all,4,ba,uci_internal_fixed,accuracy_change,3,0.047200520833333336,0.08952651476806704,"{""17"": -0.009765625, ""29"": 0.0009765625, ""43"": 0.150390625}",same-panel seed variability; no CI or independence claim
stage_a_uci_v1,norm,all,4,ba,uci_internal_fixed,error_change,3,-0.047200520833333336,0.08952651476806704,"{""17"": 0.009765625, ""29"": -0.0009765625, ""43"": -0.150390625}",same-panel seed variability; no CI or independence claim
stage_a_uci_v1,norm,all,4,ba,uci_internal_fixed,nll_change,3,-0.03808533279304773,0.2753994794970027,"{""17"": 0.11033965324007958, ""29"": 0.13126405739057143, ""43"": -0.3558597090097942}",same-panel seed variability; no CI or independence claim
stage_a_uci_v1,norm,all,4,ba,uci_internal_fixed,brier_change,3,-0.058723550560806866,0.13069981889156176,"{""17"": 0.02428454792605335, ""29"": 0.008926806187843006, ""43"": -0.20938200579631697}",same-panel seed variability; no CI or independence claim
stage_a_uci_v1,norm,all,4,ba,uci_internal_fixed,ece15_change,3,0.002173093594947074,0.07799685013328228,"{""17"": 0.04026631714369, ""29"": 0.05380312839115661, ""43"": -0.08755016475000539}",same-panel seed variability; no CI or independence claim
stage_a_uci_v1,norm,none,0,ab,uci_internal_fixed,accuracy_change,3,0.047200520833333336,0.08952651476806704,"{""17"": -0.009765625, ""29"": 0.0009765625, ""43"": 0.150390625}",same-panel seed variability; no CI or independence claim
stage_a_uci_v1,norm,none,0,ab,uci_internal_fixed,error_change,3,-0.047200520833333336,0.08952651476806704,"{""17"": 0.009765625, ""29"": -0.0009765625, ""43"": -0.150390625}",same-panel seed variability; no CI or independence claim
stage_a_uci_v1,norm,none,0,ab,uci_internal_fixed,nll_change,3,-0.03808533279304773,0.2753994794970027,"{""17"": 0.11033965324007958, ""29"": 0.13126405739057143, ""43"": -0.3558597090097942}",same-panel seed variability; no CI or independence claim
stage_a_uci_v1,norm,none,0,ab,uci_internal_fixed,brier_change,3,-0.058723550560806866,0.13069981889156176,"{""17"": 0.02428454792605335, ""29"": 0.008926806187843006, ""43"": -0.20938200579631697}",same-panel seed variability; no CI or independence claim
stage_a_uci_v1,norm,none,0,ab,uci_internal_fixed,ece15_change,3,0.002173093594947074,0.07799685013328228,"{""17"": 0.04026631714369, ""29"": 0.05380312839115661, ""43"": -0.08755016475000539}",same-panel seed variability; no CI or independence claim
stage_a_uci_v1,norm,none,0,ba,uci_internal_fixed,accuracy_change,3,0.047200520833333336,0.08952651476806704,"{""17"": -0.009765625, ""29"": 0.0009765625, ""43"": 0.150390625}",same-panel seed variability; no CI or independence claim
stage_a_uci_v1,norm,none,0,ba,uci_internal_fixed,error_change,3,-0.047200520833333336,0.08952651476806704,"{""17"": 0.009765625, ""29"": -0.0009765625, ""43"": -0.150390625}",same-panel seed variability; no CI or independence claim
stage_a_uci_v1,norm,none,0,ba,uci_internal_fixed,nll_change,3,-0.03808533279304773,0.2753994794970027,"{""17"": 0.11033965324007958, ""29"": 0.13126405739057143, ""43"": -0.3558597090097942}",same-panel seed variability; no CI or independence claim
stage_a_uci_v1,norm,none,0,ba,uci_internal_fixed,brier_change,3,-0.058723550560806866,0.13069981889156176,"{""17"": 0.02428454792605335, ""29"": 0.008926806187843006, ""43"": -0.20938200579631697}",same-panel seed variability; no CI or independence claim
stage_a_uci_v1,norm,none,0,ba,uci_internal_fixed,ece15_change,3,0.002173093594947074,0.07799685013328228,"{""17"": 0.04026631714369, ""29"": 0.05380312839115661, ""43"": -0.08755016475000539}",same-panel seed variability; no CI or independence claim
stage_a_uci_v1,norm,none,4,ab,uci_internal_fixed,accuracy_change,3,0.047200520833333336,0.08952651476806704,"{""17"": -0.009765625, ""29"": 0.0009765625, ""43"": 0.150390625}",same-panel seed variability; no CI or independence claim
stage_a_uci_v1,norm,none,4,ab,uci_internal_fixed,error_change,3,-0.047200520833333336,0.08952651476806704,"{""17"": 0.009765625, ""29"": -0.0009765625, ""43"": -0.150390625}",same-panel seed variability; no CI or independence claim
stage_a_uci_v1,norm,none,4,ab,uci_internal_fixed,nll_change,3,-0.03808533279304773,0.2753994794970027,"{""17"": 0.11033965324007958, ""29"": 0.13126405739057143, ""43"": -0.3558597090097942}",same-panel seed variability; no CI or independence claim
stage_a_uci_v1,norm,none,4,ab,uci_internal_fixed,brier_change,3,-0.058723550560806866,0.13069981889156176,"{""17"": 0.02428454792605335, ""29"": 0.008926806187843006, ""43"": -0.20938200579631697}",same-panel seed variability; no CI or independence claim
stage_a_uci_v1,norm,none,4,ab,uci_internal_fixed,ece15_change,3,0.002173093594947074,0.07799685013328228,"{""17"": 0.04026631714369, ""29"": 0.05380312839115661, ""43"": -0.08755016475000539}",same-panel seed variability; no CI or independence claim
stage_a_uci_v1,norm,none,4,ba,uci_internal_fixed,accuracy_change,3,0.047200520833333336,0.08952651476806704,"{""17"": -0.009765625, ""29"": 0.0009765625, ""43"": 0.150390625}",same-panel seed variability; no CI or independence claim
stage_a_uci_v1,norm,none,4,ba,uci_internal_fixed,error_change,3,-0.047200520833333336,0.08952651476806704,"{""17"": 0.009765625, ""29"": -0.0009765625, ""43"": -0.150390625}",same-panel seed variability; no CI or independence claim
stage_a_uci_v1,norm,none,4,ba,uci_internal_fixed,nll_change,3,-0.03808533279304773,0.2753994794970027,"{""17"": 0.11033965324007958, ""29"": 0.13126405739057143, ""43"": -0.3558597090097942}",same-panel seed variability; no CI or independence claim
stage_a_uci_v1,norm,none,4,ba,uci_internal_fixed,brier_change,3,-0.058723550560806866,0.13069981889156176,"{""17"": 0.02428454792605335, ""29"": 0.008926806187843006, ""43"": -0.20938200579631697}",same-panel seed variability; no CI or independence claim
stage_a_uci_v1,norm,none,4,ba,uci_internal_fixed,ece15_change,3,0.002173093594947074,0.07799685013328228,"{""17"": 0.04026631714369, ""29"": 0.05380312839115661, ""43"": -0.08755016475000539}",same-panel seed variability; no CI or independence claim
stage_a_uci_v1,sar_complete,all,0,ab,uci_internal_fixed,accuracy_change,3,0.047526041666666664,0.08921705967002816,"{""17"": -0.0087890625, ""29"": 0.0009765625, ""43"": 0.150390625}",same-panel seed variability; no CI or independence claim
stage_a_uci_v1,sar_complete,all,0,ab,uci_internal_fixed,error_change,3,-0.047526041666666664,0.08921705967002816,"{""17"": 0.0087890625, ""29"": -0.0009765625, ""43"": -0.150390625}",same-panel seed variability; no CI or independence claim
stage_a_uci_v1,sar_complete,all,0,ab,uci_internal_fixed,nll_change,3,-0.038186730746273545,0.2761131081875116,"{""17"": 0.11000910014154106, ""29"": 0.1321881443071896, ""43"": -0.3567574366875513}",same-panel seed variability; no CI or independence claim
stage_a_uci_v1,sar_complete,all,0,ab,uci_internal_fixed,brier_change,3,-0.05881585402265165,0.1308693349417818,"{""17"": 0.02417226051021297, ""29"": 0.009058788359464392, ""43"": -0.20967861093763232}",same-panel seed variability; no CI or independence claim
stage_a_uci_v1,sar_complete,all,0,ab,uci_internal_fixed,ece15_change,3,0.0019071049668720706,0.07776647197703668,"{""17"": 0.0393199679055308, ""29"": 0.05389602291180816, ""43"": -0.08749467591672275}",same-panel seed variability; no CI or independence claim
stage_a_uci_v1,sar_complete,all,0,ba,uci_internal_fixed,accuracy_change,3,0.047526041666666664,0.08921705967002816,"{""17"": -0.0087890625, ""29"": 0.0009765625, ""43"": 0.150390625}",same-panel seed variability; no CI or independence claim
stage_a_uci_v1,sar_complete,all,0,ba,uci_internal_fixed,error_change,3,-0.047526041666666664,0.08921705967002816,"{""17"": 0.0087890625, ""29"": -0.0009765625, ""43"": -0.150390625}",same-panel seed variability; no CI or independence claim
stage_a_uci_v1,sar_complete,all,0,ba,uci_internal_fixed,nll_change,3,-0.038186730746273545,0.2761131081875116,"{""17"": 0.11000910014154106, ""29"": 0.1321881443071896, ""43"": -0.3567574366875513}",same-panel seed variability; no CI or independence claim
stage_a_uci_v1,sar_complete,all,0,ba,uci_internal_fixed,brier_change,3,-0.05881585402265165,0.1308693349417818,"{""17"": 0.02417226051021297, ""29"": 0.009058788359464392, ""43"": -0.20967861093763232}",same-panel seed variability; no CI or independence claim
stage_a_uci_v1,sar_complete,all,0,ba,uci_internal_fixed,ece15_change,3,0.0019071049668720706,0.07776647197703668,"{""17"": 0.0393199679055308, ""29"": 0.05389602291180816, ""43"": -0.08749467591672275}",same-panel seed variability; no CI or independence claim
stage_a_uci_v1,sar_complete,all,4,ab,uci_internal_fixed,accuracy_change,3,0.047526041666666664,0.08921705967002816,"{""17"": -0.0087890625, ""29"": 0.0009765625, ""43"": 0.150390625}",same-panel seed variability; no CI or independence claim
stage_a_uci_v1,sar_complete,all,4,ab,uci_internal_fixed,error_change,3,-0.047526041666666664,0.08921705967002816,"{""17"": 0.0087890625, ""29"": -0.0009765625, ""43"": -0.150390625}",same-panel seed variability; no CI or independence claim
stage_a_uci_v1,sar_complete,all,4,ab,uci_internal_fixed,nll_change,3,-0.038186730746273545,0.2761131081875116,"{""17"": 0.11000910014154106, ""29"": 0.1321881443071896, ""43"": -0.3567574366875513}",same-panel seed variability; no CI or independence claim
stage_a_uci_v1,sar_complete,all,4,ab,uci_internal_fixed,brier_change,3,-0.05881585402265165,0.1308693349417818,"{""17"": 0.02417226051021297, ""29"": 0.009058788359464392, ""43"": -0.20967861093763232}",same-panel seed variability; no CI or independence claim
stage_a_uci_v1,sar_complete,all,4,ab,uci_internal_fixed,ece15_change,3,0.0019071049668720706,0.07776647197703668,"{""17"": 0.0393199679055308, ""29"": 0.05389602291180816, ""43"": -0.08749467591672275}",same-panel seed variability; no CI or independence claim
stage_a_uci_v1,sar_complete,all,4,ba,uci_internal_fixed,accuracy_change,3,0.047526041666666664,0.08921705967002816,"{""17"": -0.0087890625, ""29"": 0.0009765625, ""43"": 0.150390625}",same-panel seed variability; no CI or independence claim
stage_a_uci_v1,sar_complete,all,4,ba,uci_internal_fixed,error_change,3,-0.047526041666666664,0.08921705967002816,"{""17"": 0.0087890625, ""29"": -0.0009765625, ""43"": -0.150390625}",same-panel seed variability; no CI or independence claim
stage_a_uci_v1,sar_complete,all,4,ba,uci_internal_fixed,nll_change,3,-0.038186730746273545,0.2761131081875116,"{""17"": 0.11000910014154106, ""29"": 0.1321881443071896, ""43"": -0.3567574366875513}",same-panel seed variability; no CI or independence claim
stage_a_uci_v1,sar_complete,all,4,ba,uci_internal_fixed,brier_change,3,-0.05881585402265165,0.1308693349417818,"{""17"": 0.02417226051021297, ""29"": 0.009058788359464392, ""43"": -0.20967861093763232}",same-panel seed variability; no CI or independence claim
stage_a_uci_v1,sar_complete,all,4,ba,uci_internal_fixed,ece15_change,3,0.0019071049668720706,0.07776647197703668,"{""17"": 0.0393199679055308, ""29"": 0.05389602291180816, ""43"": -0.08749467591672275}",same-panel seed variability; no CI or independence claim
stage_a_uci_v1,sar_complete,aux,0,ab,uci_internal_fixed,accuracy_change,3,0.047526041666666664,0.08921705967002816,"{""17"": -0.0087890625, ""29"": 0.0009765625, ""43"": 0.150390625}",same-panel seed variability; no CI or independence claim
stage_a_uci_v1,sar_complete,aux,0,ab,uci_internal_fixed,error_change,3,-0.047526041666666664,0.08921705967002816,"{""17"": 0.0087890625, ""29"": -0.0009765625, ""43"": -0.150390625}",same-panel seed variability; no CI or independence claim
stage_a_uci_v1,sar_complete,aux,0,ab,uci_internal_fixed,nll_change,3,-0.038187757456239,0.27611377740328913,"{""17"": 0.11000764872831631, ""29"": 0.13218827886179113, ""43"": -0.35675919995882444}",same-panel seed variability; no CI or independence claim
stage_a_uci_v1,sar_complete,aux,0,ab,uci_internal_fixed,brier_change,3,-0.05881609694691877,0.1308692732885864,"{""17"": 0.024171623477688017, ""29"": 0.009058892999898543, ""43"": -0.20967880731834287}",same-panel seed variability; no CI or independence claim
stage_a_uci_v1,sar_complete,aux,0,ab,uci_internal_fixed,ece15_change,3,0.0019080438952180968,0.07776576581827106,"{""17"": 0.03932112635531075, ""29"": 0.053895988156813256, ""43"": -0.08749298282646971}",same-panel seed variability; no CI or independence claim
stage_a_uci_v1,sar_complete,aux,0,ba,uci_internal_fixed,accuracy_change,3,0.047526041666666664,0.08921705967002816,"{""17"": -0.0087890625, ""29"": 0.0009765625, ""43"": 0.150390625}",same-panel seed variability; no CI or independence claim
stage_a_uci_v1,sar_complete,aux,0,ba,uci_internal_fixed,error_change,3,-0.047526041666666664,0.08921705967002816,"{""17"": 0.0087890625, ""29"": -0.0009765625, ""43"": -0.150390625}",same-panel seed variability; no CI or independence claim
stage_a_uci_v1,sar_complete,aux,0,ba,uci_internal_fixed,nll_change,3,-0.03818697919074202,0.2761129543042527,"{""17"": 0.1100083876350553, ""29"": 0.13218816507491318, ""43"": -0.35675749028219456}",same-panel seed variability; no CI or independence claim
stage_a_uci_v1,sar_complete,aux,0,ba,uci_internal_fixed,brier_change,3,-0.05881595969139786,0.13086923863184238,"{""17"": 0.02417193021868217, ""29"": 0.009058807590117393, ""43"": -0.20967861688299314}",same-panel seed variability; no CI or independence claim
stage_a_uci_v1,sar_complete,aux,0,ba,uci_internal_fixed,ece15_change,3,0.0019072909482190832,0.07776655956800292,"{""17"": 0.03932052399976245, ""29"": 0.0538959732867773, ""43"": -0.0874946244418825}",same-panel seed variability; no CI or independence claim
stage_a_uci_v1,sar_complete,aux,4,ab,uci_internal_fixed,accuracy_change,3,0.047526041666666664,0.08921705967002816,"{""17"": -0.0087890625, ""29"": 0.0009765625, ""43"": 0.150390625}",same-panel seed variability; no CI or independence claim
stage_a_uci_v1,sar_complete,aux,4,ab,uci_internal_fixed,error_change,3,-0.047526041666666664,0.08921705967002816,"{""17"": 0.0087890625, ""29"": -0.0009765625, ""43"": -0.150390625}",same-panel seed variability; no CI or independence claim
stage_a_uci_v1,sar_complete,aux,4,ab,uci_internal_fixed,nll_change,3,-0.038186730746273545,0.2761131081875116,"{""17"": 0.11000910014154106, ""29"": 0.1321881443071896, ""43"": -0.3567574366875513}",same-panel seed variability; no CI or independence claim
stage_a_uci_v1,sar_complete,aux,4,ab,uci_internal_fixed,brier_change,3,-0.05881585402265165,0.1308693349417818,"{""17"": 0.02417226051021297, ""29"": 0.009058788359464392, ""43"": -0.20967861093763232}",same-panel seed variability; no CI or independence claim
stage_a_uci_v1,sar_complete,aux,4,ab,uci_internal_fixed,ece15_change,3,0.0019071049668720706,0.07776647197703668,"{""17"": 0.0393199679055308, ""29"": 0.05389602291180816, ""43"": -0.08749467591672275}",same-panel seed variability; no CI or independence claim
stage_a_uci_v1,sar_complete,aux,4,ba,uci_internal_fixed,accuracy_change,3,0.047526041666666664,0.08921705967002816,"{""17"": -0.0087890625, ""29"": 0.0009765625, ""43"": 0.150390625}",same-panel seed variability; no CI or independence claim
stage_a_uci_v1,sar_complete,aux,4,ba,uci_internal_fixed,error_change,3,-0.047526041666666664,0.08921705967002816,"{""17"": 0.0087890625, ""29"": -0.0009765625, ""43"": -0.150390625}",same-panel seed variability; no CI or independence claim
stage_a_uci_v1,sar_complete,aux,4,ba,uci_internal_fixed,nll_change,3,-0.038186730746273545,0.2761131081875116,"{""17"": 0.11000910014154106, ""29"": 0.1321881443071896, ""43"": -0.3567574366875513}",same-panel seed variability; no CI or independence claim
stage_a_uci_v1,sar_complete,aux,4,ba,uci_internal_fixed,brier_change,3,-0.05881585402265165,0.1308693349417818,"{""17"": 0.02417226051021297, ""29"": 0.009058788359464392, ""43"": -0.20967861093763232}",same-panel seed variability; no CI or independence claim
stage_a_uci_v1,sar_complete,aux,4,ba,uci_internal_fixed,ece15_change,3,0.0019071049668720706,0.07776647197703668,"{""17"": 0.0393199679055308, ""29"": 0.05389602291180816, ""43"": -0.08749467591672275}",same-panel seed variability; no CI or independence claim
stage_a_uci_v1,sar_complete,none,0,ab,uci_internal_fixed,accuracy_change,3,0.047200520833333336,0.08952651476806704,"{""17"": -0.009765625, ""29"": 0.0009765625, ""43"": 0.150390625}",same-panel seed variability; no CI or independence claim
stage_a_uci_v1,sar_complete,none,0,ab,uci_internal_fixed,error_change,3,-0.047200520833333336,0.08952651476806704,"{""17"": 0.009765625, ""29"": -0.0009765625, ""43"": -0.150390625}",same-panel seed variability; no CI or independence claim
stage_a_uci_v1,sar_complete,none,0,ab,uci_internal_fixed,nll_change,3,-0.037992542645602236,0.2754816607284086,"{""17"": 0.11050016198160573, ""29"": 0.13138496040404551, ""43"": -0.35586275032245795}",same-panel seed variability; no CI or independence claim
stage_a_uci_v1,sar_complete,none,0,ab,uci_internal_fixed,brier_change,3,-0.05870954119212967,0.1307147179537665,"{""17"": 0.02431447569611221, ""29"": 0.008941617020540837, ""43"": -0.20938471629304206}",same-panel seed variability; no CI or independence claim
stage_a_uci_v1,sar_complete,none,0,ab,uci_internal_fixed,ece15_change,3,0.0021784023704459663,0.07800007391518313,"{""17"": 0.04027165592232204, ""29"": 0.05381196770055976, ""43"": -0.08754841651154391}",same-panel seed variability; no CI or independence claim
stage_a_uci_v1,sar_complete,none,0,ba,uci_internal_fixed,accuracy_change,3,0.047200520833333336,0.08952651476806704,"{""17"": -0.009765625, ""29"": 0.0009765625, ""43"": 0.150390625}",same-panel seed variability; no CI or independence claim
stage_a_uci_v1,sar_complete,none,0,ba,uci_internal_fixed,error_change,3,-0.047200520833333336,0.08952651476806704,"{""17"": 0.009765625, ""29"": -0.0009765625, ""43"": -0.150390625}",same-panel seed variability; no CI or independence claim
stage_a_uci_v1,sar_complete,none,0,ba,uci_internal_fixed,nll_change,3,-0.03804302407837043,0.2754395927139674,"{""17"": 0.11034217817894154, ""29"": 0.13138979023177524, ""43"": -0.3558610406458281}",same-panel seed variability; no CI or independence claim
stage_a_uci_v1,sar_complete,none,0,ba,uci_internal_fixed,brier_change,3,-0.05872269103645639,0.13070196511696147,"{""17"": 0.02427388561909137, ""29"": 0.008942567129231796, ""43"": -0.20938452585769232}",same-panel seed variability; no CI or independence claim
stage_a_uci_v1,sar_complete,none,0,ba,uci_internal_fixed,ece15_change,3,0.002178537737461327,0.07800147961647189,"{""17"": 0.04027414779764999, ""29"": 0.0538115235416907, ""43"": -0.08755005812695671}",same-panel seed variability; no CI or independence claim
stage_a_uci_v1,sar_complete,none,4,ab,uci_internal_fixed,accuracy_change,3,0.047200520833333336,0.08952651476806704,"{""17"": -0.009765625, ""29"": 0.0009765625, ""43"": 0.150390625}",same-panel seed variability; no CI or independence claim
stage_a_uci_v1,sar_complete,none,4,ab,uci_internal_fixed,error_change,3,-0.047200520833333336,0.08952651476806704,"{""17"": 0.009765625, ""29"": -0.0009765625, ""43"": -0.150390625}",same-panel seed variability; no CI or independence claim
stage_a_uci_v1,sar_complete,none,4,ab,uci_internal_fixed,nll_change,3,-0.03777308177964017,0.2756297524509167,"{""17"": 0.11007324745511979, ""29"": 0.13238951237437732, ""43"": -0.3557820051684176}",same-panel seed variability; no CI or independence claim
stage_a_uci_v1,sar_complete,none,4,ab,uci_internal_fixed,brier_change,3,-0.05868206399649482,0.13071362687279436,"{""17"": 0.02420517964397291, ""29"": 0.009114100348863985, ""43"": -0.20936547198232136}",same-panel seed variability; no CI or independence claim
stage_a_uci_v1,sar_complete,none,4,ab,uci_internal_fixed,ece15_change,3,0.0022122968296950513,0.07802986095657298,"{""17"": 0.04028293045015599, ""29"": 0.053899178392426556, ""43"": -0.08754521835349739}",same-panel seed variability; no CI or independence claim
stage_a_uci_v1,sar_complete,none,4,ba,uci_internal_fixed,accuracy_change,3,0.047526041666666664,0.08921705967002816,"{""17"": -0.0087890625, ""29"": 0.0009765625, ""43"": 0.150390625}",same-panel seed variability; no CI or independence claim
stage_a_uci_v1,sar_complete,none,4,ba,uci_internal_fixed,error_change,3,-0.047526041666666664,0.08921705967002816,"{""17"": 0.0087890625, ""29"": -0.0009765625, ""43"": -0.150390625}",same-panel seed variability; no CI or independence claim
stage_a_uci_v1,sar_complete,none,4,ba,uci_internal_fixed,nll_change,3,-0.03774387506186472,0.27565325558260145,"{""17"": 0.11016086760844615, ""29"": 0.13238951237437732, ""43"": -0.3557820051684176}",same-panel seed variability; no CI or independence claim
stage_a_uci_v1,sar_complete,none,4,ba,uci_internal_fixed,brier_change,3,-0.05867711627408139,0.13071833319354795,"{""17"": 0.0242200228112132, ""29"": 0.009114100348863985, ""43"": -0.20936547198232136}",same-panel seed variability; no CI or independence claim
stage_a_uci_v1,sar_complete,none,4,ba,uci_internal_fixed,ece15_change,3,0.0018887860635977693,0.07779475817177121,"{""17"": 0.039312398151864145, ""29"": 0.053899178392426556, ""43"": -0.08754521835349739}",same-panel seed variability; no CI or independence claim
stage_a_uci_v1,sar_complete,optimizer,0,ab,uci_internal_fixed,accuracy_change,3,0.047200520833333336,0.08952651476806704,"{""17"": -0.009765625, ""29"": 0.0009765625, ""43"": 0.150390625}",same-panel seed variability; no CI or independence claim
stage_a_uci_v1,sar_complete,optimizer,0,ab,uci_internal_fixed,error_change,3,-0.047200520833333336,0.08952651476806704,"{""17"": 0.009765625, ""29"": -0.0009765625, ""43"": -0.150390625}",same-panel seed variability; no CI or independence claim
stage_a_uci_v1,sar_complete,optimizer,0,ab,uci_internal_fixed,nll_change,3,-0.03799253972521555,0.2754816630896699,"{""17"": 0.11050017074276577, ""29"": 0.13138496040404551, ""43"": -0.35586275032245795}",same-panel seed variability; no CI or independence claim
stage_a_uci_v1,sar_complete,optimizer,0,ab,uci_internal_fixed,brier_change,3,-0.058709541186235635,0.13071471795938194,"{""17"": 0.02431447571379431, ""29"": 0.008941617020540837, ""43"": -0.20938471629304206}",same-panel seed variability; no CI or independence claim
stage_a_uci_v1,sar_complete,optimizer,0,ab,uci_internal_fixed,ece15_change,3,0.0021783994542324825,0.07800007177887645,"{""17"": 0.0402716471736816, ""29"": 0.05381196770055976, ""43"": -0.08754841651154391}",same-panel seed variability; no CI or independence claim
stage_a_uci_v1,sar_complete,optimizer,0,ba,uci_internal_fixed,accuracy_change,3,0.047200520833333336,0.08952651476806704,"{""17"": -0.009765625, ""29"": 0.0009765625, ""43"": 0.150390625}",same-panel seed variability; no CI or independence claim
stage_a_uci_v1,sar_complete,optimizer,0,ba,uci_internal_fixed,error_change,3,-0.047200520833333336,0.08952651476806704,"{""17"": 0.009765625, ""29"": -0.0009765625, ""43"": -0.150390625}",same-panel seed variability; no CI or independence claim
stage_a_uci_v1,sar_complete,optimizer,0,ba,uci_internal_fixed,nll_change,3,-0.038043002811529864,0.27543960989932237,"{""17"": 0.11034224197946324, ""29"": 0.13138979023177524, ""43"": -0.3558610406458281}",same-panel seed variability; no CI or independence claim
stage_a_uci_v1,sar_complete,optimizer,0,ba,uci_internal_fixed,brier_change,3,-0.058722679996010885,0.1307019756330918,"{""17"": 0.02427391874042787, ""29"": 0.008942567129231796, ""43"": -0.20938452585769232}",same-panel seed variability; no CI or independence claim
stage_a_uci_v1,sar_complete,optimizer,0,ba,uci_internal_fixed,ece15_change,3,0.00217852617596441,0.07800147114659085,"{""17"": 0.04027411311315924, ""29"": 0.0538115235416907, ""43"": -0.08755005812695671}",same-panel seed variability; no CI or independence claim
stage_a_uci_v1,sar_complete,optimizer,4,ab,uci_internal_fixed,accuracy_change,3,0.047200520833333336,0.08952651476806704,"{""17"": -0.009765625, ""29"": 0.0009765625, ""43"": 0.150390625}",same-panel seed variability; no CI or independence claim
stage_a_uci_v1,sar_complete,optimizer,4,ab,uci_internal_fixed,error_change,3,-0.047200520833333336,0.08952651476806704,"{""17"": 0.009765625, ""29"": -0.0009765625, ""43"": -0.150390625}",same-panel seed variability; no CI or independence claim
stage_a_uci_v1,sar_complete,optimizer,4,ab,uci_internal_fixed,nll_change,3,-0.03777308177964017,0.2756297524509167,"{""17"": 0.11007324745511979, ""29"": 0.13238951237437732, ""43"": -0.3557820051684176}",same-panel seed variability; no CI or independence claim
stage_a_uci_v1,sar_complete,optimizer,4,ab,uci_internal_fixed,brier_change,3,-0.05868206399649482,0.13071362687279436,"{""17"": 0.02420517964397291, ""29"": 0.009114100348863985, ""43"": -0.20936547198232136}",same-panel seed variability; no CI or independence claim
stage_a_uci_v1,sar_complete,optimizer,4,ab,uci_internal_fixed,ece15_change,3,0.0022122968296950513,0.07802986095657298,"{""17"": 0.04028293045015599, ""29"": 0.053899178392426556, ""43"": -0.08754521835349739}",same-panel seed variability; no CI or independence claim
stage_a_uci_v1,sar_complete,optimizer,4,ba,uci_internal_fixed,accuracy_change,3,0.047526041666666664,0.08921705967002816,"{""17"": -0.0087890625, ""29"": 0.0009765625, ""43"": 0.150390625}",same-panel seed variability; no CI or independence claim
stage_a_uci_v1,sar_complete,optimizer,4,ba,uci_internal_fixed,error_change,3,-0.047526041666666664,0.08921705967002816,"{""17"": 0.0087890625, ""29"": -0.0009765625, ""43"": -0.150390625}",same-panel seed variability; no CI or independence claim
stage_a_uci_v1,sar_complete,optimizer,4,ba,uci_internal_fixed,nll_change,3,-0.03774387506186472,0.27565325558260145,"{""17"": 0.11016086760844615, ""29"": 0.13238951237437732, ""43"": -0.3557820051684176}",same-panel seed variability; no CI or independence claim
stage_a_uci_v1,sar_complete,optimizer,4,ba,uci_internal_fixed,brier_change,3,-0.05867711627408139,0.13071833319354795,"{""17"": 0.0242200228112132, ""29"": 0.009114100348863985, ""43"": -0.20936547198232136}",same-panel seed variability; no CI or independence claim
stage_a_uci_v1,sar_complete,optimizer,4,ba,uci_internal_fixed,ece15_change,3,0.0018887860635977693,0.07779475817177121,"{""17"": 0.039312398151864145, ""29"": 0.053899178392426556, ""43"": -0.08754521835349739}",same-panel seed variability; no CI or independence claim
stage_a_uci_v1,sar_complete,optimizer_aux,0,ab,uci_internal_fixed,accuracy_change,3,0.047526041666666664,0.08921705967002816,"{""17"": -0.0087890625, ""29"": 0.0009765625, ""43"": 0.150390625}",same-panel seed variability; no CI or independence claim
stage_a_uci_v1,sar_complete,optimizer_aux,0,ab,uci_internal_fixed,error_change,3,-0.047526041666666664,0.08921705967002816,"{""17"": 0.0087890625, ""29"": -0.0009765625, ""43"": -0.150390625}",same-panel seed variability; no CI or independence claim
stage_a_uci_v1,sar_complete,optimizer_aux,0,ab,uci_internal_fixed,nll_change,3,-0.038187757456239,0.27611377740328913,"{""17"": 0.11000764872831631, ""29"": 0.13218827886179113, ""43"": -0.35675919995882444}",same-panel seed variability; no CI or independence claim
stage_a_uci_v1,sar_complete,optimizer_aux,0,ab,uci_internal_fixed,brier_change,3,-0.05881609694691877,0.1308692732885864,"{""17"": 0.024171623477688017, ""29"": 0.009058892999898543, ""43"": -0.20967880731834287}",same-panel seed variability; no CI or independence claim
stage_a_uci_v1,sar_complete,optimizer_aux,0,ab,uci_internal_fixed,ece15_change,3,0.0019080438952180968,0.07776576581827106,"{""17"": 0.03932112635531075, ""29"": 0.053895988156813256, ""43"": -0.08749298282646971}",same-panel seed variability; no CI or independence claim
stage_a_uci_v1,sar_complete,optimizer_aux,0,ba,uci_internal_fixed,accuracy_change,3,0.047526041666666664,0.08921705967002816,"{""17"": -0.0087890625, ""29"": 0.0009765625, ""43"": 0.150390625}",same-panel seed variability; no CI or independence claim
stage_a_uci_v1,sar_complete,optimizer_aux,0,ba,uci_internal_fixed,error_change,3,-0.047526041666666664,0.08921705967002816,"{""17"": 0.0087890625, ""29"": -0.0009765625, ""43"": -0.150390625}",same-panel seed variability; no CI or independence claim
stage_a_uci_v1,sar_complete,optimizer_aux,0,ba,uci_internal_fixed,nll_change,3,-0.03818697919074202,0.2761129543042527,"{""17"": 0.1100083876350553, ""29"": 0.13218816507491318, ""43"": -0.35675749028219456}",same-panel seed variability; no CI or independence claim
stage_a_uci_v1,sar_complete,optimizer_aux,0,ba,uci_internal_fixed,brier_change,3,-0.05881595969139786,0.13086923863184238,"{""17"": 0.02417193021868217, ""29"": 0.009058807590117393, ""43"": -0.20967861688299314}",same-panel seed variability; no CI or independence claim
stage_a_uci_v1,sar_complete,optimizer_aux,0,ba,uci_internal_fixed,ece15_change,3,0.0019072909482190832,0.07776655956800292,"{""17"": 0.03932052399976245, ""29"": 0.0538959732867773, ""43"": -0.0874946244418825}",same-panel seed variability; no CI or independence claim
stage_a_uci_v1,sar_complete,optimizer_aux,4,ab,uci_internal_fixed,accuracy_change,3,0.047526041666666664,0.08921705967002816,"{""17"": -0.0087890625, ""29"": 0.0009765625, ""43"": 0.150390625}",same-panel seed variability; no CI or independence claim
stage_a_uci_v1,sar_complete,optimizer_aux,4,ab,uci_internal_fixed,error_change,3,-0.047526041666666664,0.08921705967002816,"{""17"": 0.0087890625, ""29"": -0.0009765625, ""43"": -0.150390625}",same-panel seed variability; no CI or independence claim
stage_a_uci_v1,sar_complete,optimizer_aux,4,ab,uci_internal_fixed,nll_change,3,-0.038186730746273545,0.2761131081875116,"{""17"": 0.11000910014154106, ""29"": 0.1321881443071896, ""43"": -0.3567574366875513}",same-panel seed variability; no CI or independence claim
stage_a_uci_v1,sar_complete,optimizer_aux,4,ab,uci_internal_fixed,brier_change,3,-0.05881585402265165,0.1308693349417818,"{""17"": 0.02417226051021297, ""29"": 0.009058788359464392, ""43"": -0.20967861093763232}",same-panel seed variability; no CI or independence claim
stage_a_uci_v1,sar_complete,optimizer_aux,4,ab,uci_internal_fixed,ece15_change,3,0.0019071049668720706,0.07776647197703668,"{""17"": 0.0393199679055308, ""29"": 0.05389602291180816, ""43"": -0.08749467591672275}",same-panel seed variability; no CI or independence claim
stage_a_uci_v1,sar_complete,optimizer_aux,4,ba,uci_internal_fixed,accuracy_change,3,0.047526041666666664,0.08921705967002816,"{""17"": -0.0087890625, ""29"": 0.0009765625, ""43"": 0.150390625}",same-panel seed variability; no CI or independence claim
stage_a_uci_v1,sar_complete,optimizer_aux,4,ba,uci_internal_fixed,error_change,3,-0.047526041666666664,0.08921705967002816,"{""17"": 0.0087890625, ""29"": -0.0009765625, ""43"": -0.150390625}",same-panel seed variability; no CI or independence claim
stage_a_uci_v1,sar_complete,optimizer_aux,4,ba,uci_internal_fixed,nll_change,3,-0.038186730746273545,0.2761131081875116,"{""17"": 0.11000910014154106, ""29"": 0.1321881443071896, ""43"": -0.3567574366875513}",same-panel seed variability; no CI or independence claim
stage_a_uci_v1,sar_complete,optimizer_aux,4,ba,uci_internal_fixed,brier_change,3,-0.05881585402265165,0.1308693349417818,"{""17"": 0.02417226051021297, ""29"": 0.009058788359464392, ""43"": -0.20967861093763232}",same-panel seed variability; no CI or independence claim
stage_a_uci_v1,sar_complete,optimizer_aux,4,ba,uci_internal_fixed,ece15_change,3,0.0019071049668720706,0.07776647197703668,"{""17"": 0.0393199679055308, ""29"": 0.05389602291180816, ""43"": -0.08749467591672275}",same-panel seed variability; no CI or independence claim
stage_a_uci_v1,sar_complete,parameters,0,ab,uci_internal_fixed,accuracy_change,3,0.047200520833333336,0.08952651476806704,"{""17"": -0.009765625, ""29"": 0.0009765625, ""43"": 0.150390625}",same-panel seed variability; no CI or independence claim
stage_a_uci_v1,sar_complete,parameters,0,ab,uci_internal_fixed,error_change,3,-0.047200520833333336,0.08952651476806704,"{""17"": 0.009765625, ""29"": -0.0009765625, ""43"": -0.150390625}",same-panel seed variability; no CI or independence claim
stage_a_uci_v1,sar_complete,parameters,0,ab,uci_internal_fixed,nll_change,3,-0.03799148062830334,0.2754810217959811,"{""17"": 0.11050171931683081, ""29"": 0.13138482584944397, ""43"": -0.3558609870511848}",same-panel seed variability; no CI or independence claim
stage_a_uci_v1,sar_complete,parameters,0,ab,uci_internal_fixed,brier_change,3,-0.05870929844855327,0.1307147798266181,"{""17"": 0.024315112186565013, ""29"": 0.008941512380106686, ""43"": -0.2093845199123315}",same-panel seed variability; no CI or independence claim
stage_a_uci_v1,sar_complete,parameters,0,ab,uci_internal_fixed,ece15_change,3,0.0021774280436420664,0.07800075042755618,"{""17"": 0.04027039127716849, ""29"": 0.05381200245555466, ""43"": -0.08755010960179695}",same-panel seed variability; no CI or independence claim
stage_a_uci_v1,sar_complete,parameters,0,ba,uci_internal_fixed,accuracy_change,3,0.047200520833333336,0.08952651476806704,"{""17"": -0.009765625, ""29"": 0.0009765625, ""43"": 0.150390625}",same-panel seed variability; no CI or independence claim
stage_a_uci_v1,sar_complete,parameters,0,ba,uci_internal_fixed,error_change,3,-0.047200520833333336,0.08952651476806704,"{""17"": 0.009765625, ""29"": -0.0009765625, ""43"": -0.150390625}",same-panel seed variability; no CI or independence claim
stage_a_uci_v1,sar_complete,parameters,0,ba,uci_internal_fixed,nll_change,3,-0.03804254963023704,0.27543992995789024,"{""17"": 0.11034356869642203, ""29"": 0.13138976946405165, ""43"": -0.3558609870511848}",same-panel seed variability; no CI or independence claim
stage_a_uci_v1,sar_complete,parameters,0,ba,uci_internal_fixed,brier_change,3,-0.05872248670901948,0.13070215555471967,"{""17"": 0.02427451188669427, ""29"": 0.008942547898578795, ""43"": -0.2093845199123315}",same-panel seed variability; no CI or independence claim
stage_a_uci_v1,sar_complete,parameters,0,ba,uci_internal_fixed,ece15_change,3,0.0021781785682487655,0.07800126297669106,"{""17"": 0.04027307213982169, ""29"": 0.053811573166721555, ""43"": -0.08755010960179695}",same-panel seed variability; no CI or independence claim
stage_a_uci_v1,sar_complete,parameters,4,ab,uci_internal_fixed,accuracy_change,3,0.047200520833333336,0.08952651476806704,"{""17"": -0.009765625, ""29"": 0.0009765625, ""43"": 0.150390625}",same-panel seed variability; no CI or independence claim
stage_a_uci_v1,sar_complete,parameters,4,ab,uci_internal_fixed,error_change,3,-0.047200520833333336,0.08952651476806704,"{""17"": 0.009765625, ""29"": -0.0009765625, ""43"": -0.150390625}",same-panel seed variability; no CI or independence claim
stage_a_uci_v1,sar_complete,parameters,4,ab,uci_internal_fixed,nll_change,3,-0.03777308177964017,0.2756297524509167,"{""17"": 0.11007324745511979, ""29"": 0.13238951237437732, ""43"": -0.3557820051684176}",same-panel seed variability; no CI or independence claim
stage_a_uci_v1,sar_complete,parameters,4,ab,uci_internal_fixed,brier_change,3,-0.05868206399649482,0.13071362687279436,"{""17"": 0.02420517964397291, ""29"": 0.009114100348863985, ""43"": -0.20936547198232136}",same-panel seed variability; no CI or independence claim
stage_a_uci_v1,sar_complete,parameters,4,ab,uci_internal_fixed,ece15_change,3,0.0022122968296950513,0.07802986095657298,"{""17"": 0.04028293045015599, ""29"": 0.053899178392426556, ""43"": -0.08754521835349739}",same-panel seed variability; no CI or independence claim
stage_a_uci_v1,sar_complete,parameters,4,ba,uci_internal_fixed,accuracy_change,3,0.047526041666666664,0.08921705967002816,"{""17"": -0.0087890625, ""29"": 0.0009765625, ""43"": 0.150390625}",same-panel seed variability; no CI or independence claim
stage_a_uci_v1,sar_complete,parameters,4,ba,uci_internal_fixed,error_change,3,-0.047526041666666664,0.08921705967002816,"{""17"": 0.0087890625, ""29"": -0.0009765625, ""43"": -0.150390625}",same-panel seed variability; no CI or independence claim
stage_a_uci_v1,sar_complete,parameters,4,ba,uci_internal_fixed,nll_change,3,-0.03774387506186472,0.27565325558260145,"{""17"": 0.11016086760844615, ""29"": 0.13238951237437732, ""43"": -0.3557820051684176}",same-panel seed variability; no CI or independence claim
stage_a_uci_v1,sar_complete,parameters,4,ba,uci_internal_fixed,brier_change,3,-0.05867711627408139,0.13071833319354795,"{""17"": 0.0242200228112132, ""29"": 0.009114100348863985, ""43"": -0.20936547198232136}",same-panel seed variability; no CI or independence claim
stage_a_uci_v1,sar_complete,parameters,4,ba,uci_internal_fixed,ece15_change,3,0.0018887860635977693,0.07779475817177121,"{""17"": 0.039312398151864145, ""29"": 0.053899178392426556, ""43"": -0.08754521835349739}",same-panel seed variability; no CI or independence claim
stage_a_uci_v1,sar_complete,parameters_aux,0,ab,uci_internal_fixed,accuracy_change,3,0.047526041666666664,0.08921705967002816,"{""17"": -0.0087890625, ""29"": 0.0009765625, ""43"": 0.150390625}",same-panel seed variability; no CI or independence claim
stage_a_uci_v1,sar_complete,parameters_aux,0,ab,uci_internal_fixed,error_change,3,-0.047526041666666664,0.08921705967002816,"{""17"": 0.0087890625, ""29"": -0.0009765625, ""43"": -0.150390625}",same-panel seed variability; no CI or independence claim
stage_a_uci_v1,sar_complete,parameters_aux,0,ab,uci_internal_fixed,nll_change,3,-0.038186730746273545,0.2761131081875116,"{""17"": 0.11000910014154106, ""29"": 0.1321881443071896, ""43"": -0.3567574366875513}",same-panel seed variability; no CI or independence claim
stage_a_uci_v1,sar_complete,parameters_aux,0,ab,uci_internal_fixed,brier_change,3,-0.05881585402265165,0.1308693349417818,"{""17"": 0.02417226051021297, ""29"": 0.009058788359464392, ""43"": -0.20967861093763232}",same-panel seed variability; no CI or independence claim
stage_a_uci_v1,sar_complete,parameters_aux,0,ab,uci_internal_fixed,ece15_change,3,0.0019071049668720706,0.07776647197703668,"{""17"": 0.0393199679055308, ""29"": 0.05389602291180816, ""43"": -0.08749467591672275}",same-panel seed variability; no CI or independence claim
stage_a_uci_v1,sar_complete,parameters_aux,0,ba,uci_internal_fixed,accuracy_change,3,0.047526041666666664,0.08921705967002816,"{""17"": -0.0087890625, ""29"": 0.0009765625, ""43"": 0.150390625}",same-panel seed variability; no CI or independence claim
stage_a_uci_v1,sar_complete,parameters_aux,0,ba,uci_internal_fixed,error_change,3,-0.047526041666666664,0.08921705967002816,"{""17"": 0.0087890625, ""29"": -0.0009765625, ""43"": -0.150390625}",same-panel seed variability; no CI or independence claim
stage_a_uci_v1,sar_complete,parameters_aux,0,ba,uci_internal_fixed,nll_change,3,-0.038186730746273545,0.2761131081875116,"{""17"": 0.11000910014154106, ""29"": 0.1321881443071896, ""43"": -0.3567574366875513}",same-panel seed variability; no CI or independence claim
stage_a_uci_v1,sar_complete,parameters_aux,0,ba,uci_internal_fixed,brier_change,3,-0.05881585402265165,0.1308693349417818,"{""17"": 0.02417226051021297, ""29"": 0.009058788359464392, ""43"": -0.20967861093763232}",same-panel seed variability; no CI or independence claim
stage_a_uci_v1,sar_complete,parameters_aux,0,ba,uci_internal_fixed,ece15_change,3,0.0019071049668720706,0.07776647197703668,"{""17"": 0.0393199679055308, ""29"": 0.05389602291180816, ""43"": -0.08749467591672275}",same-panel seed variability; no CI or independence claim
stage_a_uci_v1,sar_complete,parameters_aux,4,ab,uci_internal_fixed,accuracy_change,3,0.047526041666666664,0.08921705967002816,"{""17"": -0.0087890625, ""29"": 0.0009765625, ""43"": 0.150390625}",same-panel seed variability; no CI or independence claim
stage_a_uci_v1,sar_complete,parameters_aux,4,ab,uci_internal_fixed,error_change,3,-0.047526041666666664,0.08921705967002816,"{""17"": 0.0087890625, ""29"": -0.0009765625, ""43"": -0.150390625}",same-panel seed variability; no CI or independence claim
stage_a_uci_v1,sar_complete,parameters_aux,4,ab,uci_internal_fixed,nll_change,3,-0.038186730746273545,0.2761131081875116,"{""17"": 0.11000910014154106, ""29"": 0.1321881443071896, ""43"": -0.3567574366875513}",same-panel seed variability; no CI or independence claim
stage_a_uci_v1,sar_complete,parameters_aux,4,ab,uci_internal_fixed,brier_change,3,-0.05881585402265165,0.1308693349417818,"{""17"": 0.02417226051021297, ""29"": 0.009058788359464392, ""43"": -0.20967861093763232}",same-panel seed variability; no CI or independence claim
stage_a_uci_v1,sar_complete,parameters_aux,4,ab,uci_internal_fixed,ece15_change,3,0.0019071049668720706,0.07776647197703668,"{""17"": 0.0393199679055308, ""29"": 0.05389602291180816, ""43"": -0.08749467591672275}",same-panel seed variability; no CI or independence claim
stage_a_uci_v1,sar_complete,parameters_aux,4,ba,uci_internal_fixed,accuracy_change,3,0.047526041666666664,0.08921705967002816,"{""17"": -0.0087890625, ""29"": 0.0009765625, ""43"": 0.150390625}",same-panel seed variability; no CI or independence claim
stage_a_uci_v1,sar_complete,parameters_aux,4,ba,uci_internal_fixed,error_change,3,-0.047526041666666664,0.08921705967002816,"{""17"": 0.0087890625, ""29"": -0.0009765625, ""43"": -0.150390625}",same-panel seed variability; no CI or independence claim
stage_a_uci_v1,sar_complete,parameters_aux,4,ba,uci_internal_fixed,nll_change,3,-0.038186730746273545,0.2761131081875116,"{""17"": 0.11000910014154106, ""29"": 0.1321881443071896, ""43"": -0.3567574366875513}",same-panel seed variability; no CI or independence claim
stage_a_uci_v1,sar_complete,parameters_aux,4,ba,uci_internal_fixed,brier_change,3,-0.05881585402265165,0.1308693349417818,"{""17"": 0.02417226051021297, ""29"": 0.009058788359464392, ""43"": -0.20967861093763232}",same-panel seed variability; no CI or independence claim
stage_a_uci_v1,sar_complete,parameters_aux,4,ba,uci_internal_fixed,ece15_change,3,0.0019071049668720706,0.07776647197703668,"{""17"": 0.0393199679055308, ""29"": 0.05389602291180816, ""43"": -0.08749467591672275}",same-panel seed variability; no CI or independence claim
stage_a_uci_v1,sar_complete,parameters_optimizer,0,ab,uci_internal_fixed,accuracy_change,3,0.047200520833333336,0.08952651476806704,"{""17"": -0.009765625, ""29"": 0.0009765625, ""43"": 0.150390625}",same-panel seed variability; no CI or independence claim
stage_a_uci_v1,sar_complete,parameters_optimizer,0,ab,uci_internal_fixed,error_change,3,-0.047200520833333336,0.08952651476806704,"{""17"": 0.009765625, ""29"": -0.0009765625, ""43"": -0.150390625}",same-panel seed variability; no CI or independence claim
stage_a_uci_v1,sar_complete,parameters_optimizer,0,ab,uci_internal_fixed,nll_change,3,-0.03799147746054029,0.2754810243572716,"{""17"": 0.11050172882011997, ""29"": 0.13138482584944397, ""43"": -0.3558609870511848}",same-panel seed variability; no CI or independence claim
stage_a_uci_v1,sar_complete,parameters_optimizer,0,ab,uci_internal_fixed,brier_change,3,-0.05870929843608683,0.13071477983849533,"{""17"": 0.024315112223964312, ""29"": 0.008941512380106686, ""43"": -0.2093845199123315}",same-panel seed variability; no CI or independence claim
stage_a_uci_v1,sar_complete,parameters_optimizer,0,ab,uci_internal_fixed,ece15_change,3,0.0021774248821553183,0.07800074811160941,"{""17"": 0.04027038179270825, ""29"": 0.05381200245555466, ""43"": -0.08755010960179695}",same-panel seed variability; no CI or independence claim
stage_a_uci_v1,sar_complete,parameters_optimizer,0,ba,uci_internal_fixed,accuracy_change,3,0.047200520833333336,0.08952651476806704,"{""17"": -0.009765625, ""29"": 0.0009765625, ""43"": 0.150390625}",same-panel seed variability; no CI or independence claim
stage_a_uci_v1,sar_complete,parameters_optimizer,0,ba,uci_internal_fixed,error_change,3,-0.047200520833333336,0.08952651476806704,"{""17"": 0.009765625, ""29"": -0.0009765625, ""43"": -0.150390625}",same-panel seed variability; no CI or independence claim
stage_a_uci_v1,sar_complete,parameters_optimizer,0,ba,uci_internal_fixed,nll_change,3,-0.03804252668976902,0.27543994849576575,"{""17"": 0.11034363751782608, ""29"": 0.13138976946405165, ""43"": -0.3558609870511848}",same-panel seed variability; no CI or independence claim
stage_a_uci_v1,sar_complete,parameters_optimizer,0,ba,uci_internal_fixed,brier_change,3,-0.05872247481597095,0.13070216688300373,"{""17"": 0.02427454756583987, ""29"": 0.008942547898578795, ""43"": -0.2093845199123315}",same-panel seed variability; no CI or independence claim
stage_a_uci_v1,sar_complete,parameters_optimizer,0,ba,uci_internal_fixed,ece15_change,3,0.002178165730750465,0.07800125357217035,"{""17"": 0.04027303362732679, ""29"": 0.053811573166721555, ""43"": -0.08755010960179695}",same-panel seed variability; no CI or independence claim
stage_a_uci_v1,sar_complete,parameters_optimizer,4,ab,uci_internal_fixed,accuracy_change,3,0.047200520833333336,0.08952651476806704,"{""17"": -0.009765625, ""29"": 0.0009765625, ""43"": 0.150390625}",same-panel seed variability; no CI or independence claim
stage_a_uci_v1,sar_complete,parameters_optimizer,4,ab,uci_internal_fixed,error_change,3,-0.047200520833333336,0.08952651476806704,"{""17"": 0.009765625, ""29"": -0.0009765625, ""43"": -0.150390625}",same-panel seed variability; no CI or independence claim
stage_a_uci_v1,sar_complete,parameters_optimizer,4,ab,uci_internal_fixed,nll_change,3,-0.03777308177964017,0.2756297524509167,"{""17"": 0.11007324745511979, ""29"": 0.13238951237437732, ""43"": -0.3557820051684176}",same-panel seed variability; no CI or independence claim
stage_a_uci_v1,sar_complete,parameters_optimizer,4,ab,uci_internal_fixed,brier_change,3,-0.05868206399649482,0.13071362687279436,"{""17"": 0.02420517964397291, ""29"": 0.009114100348863985, ""43"": -0.20936547198232136}",same-panel seed variability; no CI or independence claim
stage_a_uci_v1,sar_complete,parameters_optimizer,4,ab,uci_internal_fixed,ece15_change,3,0.0022122968296950513,0.07802986095657298,"{""17"": 0.04028293045015599, ""29"": 0.053899178392426556, ""43"": -0.08754521835349739}",same-panel seed variability; no CI or independence claim
stage_a_uci_v1,sar_complete,parameters_optimizer,4,ba,uci_internal_fixed,accuracy_change,3,0.047526041666666664,0.08921705967002816,"{""17"": -0.0087890625, ""29"": 0.0009765625, ""43"": 0.150390625}",same-panel seed variability; no CI or independence claim
stage_a_uci_v1,sar_complete,parameters_optimizer,4,ba,uci_internal_fixed,error_change,3,-0.047526041666666664,0.08921705967002816,"{""17"": 0.0087890625, ""29"": -0.0009765625, ""43"": -0.150390625}",same-panel seed variability; no CI or independence claim
stage_a_uci_v1,sar_complete,parameters_optimizer,4,ba,uci_internal_fixed,nll_change,3,-0.03774387506186472,0.27565325558260145,"{""17"": 0.11016086760844615, ""29"": 0.13238951237437732, ""43"": -0.3557820051684176}",same-panel seed variability; no CI or independence claim
stage_a_uci_v1,sar_complete,parameters_optimizer,4,ba,uci_internal_fixed,brier_change,3,-0.05867711627408139,0.13071833319354795,"{""17"": 0.0242200228112132, ""29"": 0.009114100348863985, ""43"": -0.20936547198232136}",same-panel seed variability; no CI or independence claim
stage_a_uci_v1,sar_complete,parameters_optimizer,4,ba,uci_internal_fixed,ece15_change,3,0.0018887860635977693,0.07779475817177121,"{""17"": 0.039312398151864145, ""29"": 0.053899178392426556, ""43"": -0.08754521835349739}",same-panel seed variability; no CI or independence claim
stage_a_uci_v1,sar_complete,parameters_optimizer_aux,0,ab,uci_internal_fixed,accuracy_change,3,0.047526041666666664,0.08921705967002816,"{""17"": -0.0087890625, ""29"": 0.0009765625, ""43"": 0.150390625}",same-panel seed variability; no CI or independence claim
stage_a_uci_v1,sar_complete,parameters_optimizer_aux,0,ab,uci_internal_fixed,error_change,3,-0.047526041666666664,0.08921705967002816,"{""17"": 0.0087890625, ""29"": -0.0009765625, ""43"": -0.150390625}",same-panel seed variability; no CI or independence claim
stage_a_uci_v1,sar_complete,parameters_optimizer_aux,0,ab,uci_internal_fixed,nll_change,3,-0.038186730746273545,0.2761131081875116,"{""17"": 0.11000910014154106, ""29"": 0.1321881443071896, ""43"": -0.3567574366875513}",same-panel seed variability; no CI or independence claim
stage_a_uci_v1,sar_complete,parameters_optimizer_aux,0,ab,uci_internal_fixed,brier_change,3,-0.05881585402265165,0.1308693349417818,"{""17"": 0.02417226051021297, ""29"": 0.009058788359464392, ""43"": -0.20967861093763232}",same-panel seed variability; no CI or independence claim
stage_a_uci_v1,sar_complete,parameters_optimizer_aux,0,ab,uci_internal_fixed,ece15_change,3,0.0019071049668720706,0.07776647197703668,"{""17"": 0.0393199679055308, ""29"": 0.05389602291180816, ""43"": -0.08749467591672275}",same-panel seed variability; no CI or independence claim
stage_a_uci_v1,sar_complete,parameters_optimizer_aux,0,ba,uci_internal_fixed,accuracy_change,3,0.047526041666666664,0.08921705967002816,"{""17"": -0.0087890625, ""29"": 0.0009765625, ""43"": 0.150390625}",same-panel seed variability; no CI or independence claim
stage_a_uci_v1,sar_complete,parameters_optimizer_aux,0,ba,uci_internal_fixed,error_change,3,-0.047526041666666664,0.08921705967002816,"{""17"": 0.0087890625, ""29"": -0.0009765625, ""43"": -0.150390625}",same-panel seed variability; no CI or independence claim
stage_a_uci_v1,sar_complete,parameters_optimizer_aux,0,ba,uci_internal_fixed,nll_change,3,-0.038186730746273545,0.2761131081875116,"{""17"": 0.11000910014154106, ""29"": 0.1321881443071896, ""43"": -0.3567574366875513}",same-panel seed variability; no CI or independence claim
stage_a_uci_v1,sar_complete,parameters_optimizer_aux,0,ba,uci_internal_fixed,brier_change,3,-0.05881585402265165,0.1308693349417818,"{""17"": 0.02417226051021297, ""29"": 0.009058788359464392, ""43"": -0.20967861093763232}",same-panel seed variability; no CI or independence claim
stage_a_uci_v1,sar_complete,parameters_optimizer_aux,0,ba,uci_internal_fixed,ece15_change,3,0.0019071049668720706,0.07776647197703668,"{""17"": 0.0393199679055308, ""29"": 0.05389602291180816, ""43"": -0.08749467591672275}",same-panel seed variability; no CI or independence claim
stage_a_uci_v1,sar_complete,parameters_optimizer_aux,4,ab,uci_internal_fixed,accuracy_change,3,0.047526041666666664,0.08921705967002816,"{""17"": -0.0087890625, ""29"": 0.0009765625, ""43"": 0.150390625}",same-panel seed variability; no CI or independence claim
stage_a_uci_v1,sar_complete,parameters_optimizer_aux,4,ab,uci_internal_fixed,error_change,3,-0.047526041666666664,0.08921705967002816,"{""17"": 0.0087890625, ""29"": -0.0009765625, ""43"": -0.150390625}",same-panel seed variability; no CI or independence claim
stage_a_uci_v1,sar_complete,parameters_optimizer_aux,4,ab,uci_internal_fixed,nll_change,3,-0.038186730746273545,0.2761131081875116,"{""17"": 0.11000910014154106, ""29"": 0.1321881443071896, ""43"": -0.3567574366875513}",same-panel seed variability; no CI or independence claim
stage_a_uci_v1,sar_complete,parameters_optimizer_aux,4,ab,uci_internal_fixed,brier_change,3,-0.05881585402265165,0.1308693349417818,"{""17"": 0.02417226051021297, ""29"": 0.009058788359464392, ""43"": -0.20967861093763232}",same-panel seed variability; no CI or independence claim
stage_a_uci_v1,sar_complete,parameters_optimizer_aux,4,ab,uci_internal_fixed,ece15_change,3,0.0019071049668720706,0.07776647197703668,"{""17"": 0.0393199679055308, ""29"": 0.05389602291180816, ""43"": -0.08749467591672275}",same-panel seed variability; no CI or independence claim
stage_a_uci_v1,sar_complete,parameters_optimizer_aux,4,ba,uci_internal_fixed,accuracy_change,3,0.047526041666666664,0.08921705967002816,"{""17"": -0.0087890625, ""29"": 0.0009765625, ""43"": 0.150390625}",same-panel seed variability; no CI or independence claim
stage_a_uci_v1,sar_complete,parameters_optimizer_aux,4,ba,uci_internal_fixed,error_change,3,-0.047526041666666664,0.08921705967002816,"{""17"": 0.0087890625, ""29"": -0.0009765625, ""43"": -0.150390625}",same-panel seed variability; no CI or independence claim
stage_a_uci_v1,sar_complete,parameters_optimizer_aux,4,ba,uci_internal_fixed,nll_change,3,-0.038186730746273545,0.2761131081875116,"{""17"": 0.11000910014154106, ""29"": 0.1321881443071896, ""43"": -0.3567574366875513}",same-panel seed variability; no CI or independence claim
stage_a_uci_v1,sar_complete,parameters_optimizer_aux,4,ba,uci_internal_fixed,brier_change,3,-0.05881585402265165,0.1308693349417818,"{""17"": 0.02417226051021297, ""29"": 0.009058788359464392, ""43"": -0.20967861093763232}",same-panel seed variability; no CI or independence claim
stage_a_uci_v1,sar_complete,parameters_optimizer_aux,4,ba,uci_internal_fixed,ece15_change,3,0.0019071049668720706,0.07776647197703668,"{""17"": 0.0393199679055308, ""29"": 0.05389602291180816, ""43"": -0.08749467591672275}",same-panel seed variability; no CI or independence claim
stage_a_uci_v1,tent,all,0,ab,uci_internal_fixed,accuracy_change,3,0.047526041666666664,0.08921705967002816,"{""17"": -0.0087890625, ""29"": 0.0009765625, ""43"": 0.150390625}",same-panel seed variability; no CI or independence claim
stage_a_uci_v1,tent,all,0,ab,uci_internal_fixed,error_change,3,-0.047526041666666664,0.08921705967002816,"{""17"": 0.0087890625, ""29"": -0.0009765625, ""43"": -0.150390625}",same-panel seed variability; no CI or independence claim
stage_a_uci_v1,tent,all,0,ab,uci_internal_fixed,nll_change,3,-0.037733146587648,0.27642321990653596,"{""17"": 0.11011851766535391, ""29"": 0.13332002148119498, ""43"": -0.3566379789094929}",same-panel seed variability; no CI or independence claim
stage_a_uci_v1,tent,all,0,ab,uci_internal_fixed,brier_change,3,-0.05871193303859365,0.13092407103893042,"{""17"": 0.024195599301651945, ""29"": 0.009314290690558046, ""43"": -0.20964568910799095}",same-panel seed variability; no CI or independence claim
stage_a_uci_v1,tent,all,0,ab,uci_internal_fixed,ece15_change,3,0.0019247136873351,0.07778475308725097,"{""17"": 0.03933688392256045, ""29"": 0.0539343619786498, ""43"": -0.08749710483920495}",same-panel seed variability; no CI or independence claim
stage_a_uci_v1,tent,all,0,ba,uci_internal_fixed,accuracy_change,3,0.047526041666666664,0.08921705967002816,"{""17"": -0.0087890625, ""29"": 0.0009765625, ""43"": 0.150390625}",same-panel seed variability; no CI or independence claim
stage_a_uci_v1,tent,all,0,ba,uci_internal_fixed,error_change,3,-0.047526041666666664,0.08921705967002816,"{""17"": 0.0087890625, ""29"": -0.0009765625, ""43"": -0.150390625}",same-panel seed variability; no CI or independence claim
stage_a_uci_v1,tent,all,0,ba,uci_internal_fixed,nll_change,3,-0.037733146587648,0.27642321990653596,"{""17"": 0.11011851766535391, ""29"": 0.13332002148119498, ""43"": -0.3566379789094929}",same-panel seed variability; no CI or independence claim
stage_a_uci_v1,tent,all,0,ba,uci_internal_fixed,brier_change,3,-0.05871193303859365,0.13092407103893042,"{""17"": 0.024195599301651945, ""29"": 0.009314290690558046, ""43"": -0.20964568910799095}",same-panel seed variability; no CI or independence claim
stage_a_uci_v1,tent,all,0,ba,uci_internal_fixed,ece15_change,3,0.0019247136873351,0.07778475308725097,"{""17"": 0.03933688392256045, ""29"": 0.0539343619786498, ""43"": -0.08749710483920495}",same-panel seed variability; no CI or independence claim
stage_a_uci_v1,tent,all,4,ab,uci_internal_fixed,accuracy_change,3,0.047526041666666664,0.08921705967002816,"{""17"": -0.0087890625, ""29"": 0.0009765625, ""43"": 0.150390625}",same-panel seed variability; no CI or independence claim
stage_a_uci_v1,tent,all,4,ab,uci_internal_fixed,error_change,3,-0.047526041666666664,0.08921705967002816,"{""17"": 0.0087890625, ""29"": -0.0009765625, ""43"": -0.150390625}",same-panel seed variability; no CI or independence claim
stage_a_uci_v1,tent,all,4,ab,uci_internal_fixed,nll_change,3,-0.037733146587648,0.27642321990653596,"{""17"": 0.11011851766535391, ""29"": 0.13332002148119498, ""43"": -0.3566379789094929}",same-panel seed variability; no CI or independence claim
stage_a_uci_v1,tent,all,4,ab,uci_internal_fixed,brier_change,3,-0.05871193303859365,0.13092407103893042,"{""17"": 0.024195599301651945, ""29"": 0.009314290690558046, ""43"": -0.20964568910799095}",same-panel seed variability; no CI or independence claim
stage_a_uci_v1,tent,all,4,ab,uci_internal_fixed,ece15_change,3,0.0019247136873351,0.07778475308725097,"{""17"": 0.03933688392256045, ""29"": 0.0539343619786498, ""43"": -0.08749710483920495}",same-panel seed variability; no CI or independence claim
stage_a_uci_v1,tent,all,4,ba,uci_internal_fixed,accuracy_change,3,0.047526041666666664,0.08921705967002816,"{""17"": -0.0087890625, ""29"": 0.0009765625, ""43"": 0.150390625}",same-panel seed variability; no CI or independence claim
stage_a_uci_v1,tent,all,4,ba,uci_internal_fixed,error_change,3,-0.047526041666666664,0.08921705967002816,"{""17"": 0.0087890625, ""29"": -0.0009765625, ""43"": -0.150390625}",same-panel seed variability; no CI or independence claim
stage_a_uci_v1,tent,all,4,ba,uci_internal_fixed,nll_change,3,-0.037733146587648,0.27642321990653596,"{""17"": 0.11011851766535391, ""29"": 0.13332002148119498, ""43"": -0.3566379789094929}",same-panel seed variability; no CI or independence claim
stage_a_uci_v1,tent,all,4,ba,uci_internal_fixed,brier_change,3,-0.05871193303859365,0.13092407103893042,"{""17"": 0.024195599301651945, ""29"": 0.009314290690558046, ""43"": -0.20964568910799095}",same-panel seed variability; no CI or independence claim
stage_a_uci_v1,tent,all,4,ba,uci_internal_fixed,ece15_change,3,0.0019247136873351,0.07778475308725097,"{""17"": 0.03933688392256045, ""29"": 0.0539343619786498, ""43"": -0.08749710483920495}",same-panel seed variability; no CI or independence claim
stage_a_uci_v1,tent,aux,0,ab,uci_internal_fixed,accuracy_change,3,0.0478515625,0.08891010296187608,"{""17"": -0.0078125, ""29"": 0.0009765625, ""43"": 0.150390625}",same-panel seed variability; no CI or independence claim
stage_a_uci_v1,tent,aux,0,ab,uci_internal_fixed,error_change,3,-0.0478515625,0.08891010296187608,"{""17"": 0.0078125, ""29"": -0.0009765625, ""43"": -0.150390625}",same-panel seed variability; no CI or independence claim
stage_a_uci_v1,tent,aux,0,ab,uci_internal_fixed,nll_change,3,-0.037948162549730706,0.27591171552696636,"{""17"": 0.10963812979424517, ""29"": 0.13278065245795223, ""43"": -0.3562632699013895}",same-panel seed variability; no CI or independence claim
stage_a_uci_v1,tent,aux,0,ab,uci_internal_fixed,brier_change,3,-0.05878580592817149,0.13078997937319226,"{""17"": 0.024034296440376454, ""29"": 0.009173433308529141, ""43"": -0.20956514753342007}",same-panel seed variability; no CI or independence claim
stage_a_uci_v1,tent,aux,0,ab,uci_internal_fixed,ece15_change,3,0.0022714454791524646,0.07748083908406977,"{""17"": 0.03893119337986095, ""29"": 0.05461920298362195, ""43"": -0.08673605992602551}",same-panel seed variability; no CI or independence claim
stage_a_uci_v1,tent,aux,0,ba,uci_internal_fixed,accuracy_change,3,0.047526041666666664,0.08921705967002816,"{""17"": -0.0087890625, ""29"": 0.0009765625, ""43"": 0.150390625}",same-panel seed variability; no CI or independence claim
stage_a_uci_v1,tent,aux,0,ba,uci_internal_fixed,error_change,3,-0.047526041666666664,0.08921705967002816,"{""17"": 0.0087890625, ""29"": -0.0009765625, ""43"": -0.150390625}",same-panel seed variability; no CI or independence claim
stage_a_uci_v1,tent,aux,0,ba,uci_internal_fixed,nll_change,3,-0.03797432360380434,0.27596059052134797,"{""17"": 0.10966107953420932, ""29"": 0.13276285277097108, ""43"": -0.3563469031165934}",same-panel seed variability; no CI or independence claim
stage_a_uci_v1,tent,aux,0,ba,uci_internal_fixed,brier_change,3,-0.058788041343543505,0.13080849507742892,"{""17"": 0.02404823553167357, ""29"": 0.00917606653657099, ""43"": -0.20958842609887507}",same-panel seed variability; no CI or independence claim
stage_a_uci_v1,tent,aux,0,ba,uci_internal_fixed,ece15_change,3,0.0024227032321630835,0.07760325337202113,"{""17"": 0.039408407181286, ""29"": 0.05461441966869815, ""43"": -0.08675471715349489}",same-panel seed variability; no CI or independence claim
stage_a_uci_v1,tent,aux,4,ab,uci_internal_fixed,accuracy_change,3,0.048177083333333336,0.08860567060913795,"{""17"": -0.0068359375, ""29"": 0.0009765625, ""43"": 0.150390625}",same-panel seed variability; no CI or independence claim
stage_a_uci_v1,tent,aux,4,ab,uci_internal_fixed,error_change,3,-0.048177083333333336,0.08860567060913795,"{""17"": 0.0068359375, ""29"": -0.0009765625, ""43"": -0.150390625}",same-panel seed variability; no CI or independence claim
stage_a_uci_v1,tent,aux,4,ab,uci_internal_fixed,nll_change,3,-0.037463659744955864,0.2771463775816364,"{""17"": 0.10941946227901544, ""29"": 0.13532460269056726, ""43"": -0.3571350442044503}",same-panel seed variability; no CI or independence claim
stage_a_uci_v1,tent,aux,4,ab,uci_internal_fixed,brier_change,3,-0.05873132494765942,0.13107706797889238,"{""17"": 0.023954036815489507, ""29"": 0.009714636399896849, ""43"": -0.2098626480583646}",same-panel seed variability; no CI or independence claim
stage_a_uci_v1,tent,aux,4,ab,uci_internal_fixed,ece15_change,3,0.0021215481582880316,0.07720701271604496,"{""17"": 0.039786304812415456, ""29"": 0.053267362092632095, ""43"": -0.08668902243018345}",same-panel seed variability; no CI or independence claim
stage_a_uci_v1,tent,aux,4,ba,uci_internal_fixed,accuracy_change,3,0.048177083333333336,0.08860567060913795,"{""17"": -0.0068359375, ""29"": 0.0009765625, ""43"": 0.150390625}",same-panel seed variability; no CI or independence claim
stage_a_uci_v1,tent,aux,4,ba,uci_internal_fixed,error_change,3,-0.048177083333333336,0.08860567060913795,"{""17"": 0.0068359375, ""29"": -0.0009765625, ""43"": -0.150390625}",same-panel seed variability; no CI or independence claim
stage_a_uci_v1,tent,aux,4,ba,uci_internal_fixed,nll_change,3,-0.037480945711519026,0.27717765695779845,"{""17"": 0.109436423464323, ""29"": 0.13531007729927363, ""43"": -0.3571893378981537}",same-panel seed variability; no CI or independence claim
stage_a_uci_v1,tent,aux,4,ba,uci_internal_fixed,brier_change,3,-0.058732912928460806,0.13108889274594915,"{""17"": 0.0239635933348913, ""29"": 0.009715298774736054, ""43"": -0.20987763089500977}",same-panel seed variability; no CI or independence claim
stage_a_uci_v1,tent,aux,4,ba,uci_internal_fixed,ece15_change,3,0.002113137194051632,0.07721026960288115,"{""17"": 0.03978048211310755, ""29"": 0.05326020549375861, ""43"": -0.08670127602471125}",same-panel seed variability; no CI or independence claim
stage_a_uci_v1,tent,none,0,ab,uci_internal_fixed,accuracy_change,3,0.0478515625,0.08891010296187608,"{""17"": -0.0078125, ""29"": 0.0009765625, ""43"": 0.150390625}",same-panel seed variability; no CI or independence claim
stage_a_uci_v1,tent,none,0,ab,uci_internal_fixed,error_change,3,-0.0478515625,0.08891010296187608,"{""17"": 0.0078125, ""29"": -0.0009765625, ""43"": -0.150390625}",same-panel seed variability; no CI or independence claim
stage_a_uci_v1,tent,none,0,ab,uci_internal_fixed,nll_change,3,-0.037948162549730706,0.27591171552696636,"{""17"": 0.10963812979424517, ""29"": 0.13278065245795223, ""43"": -0.3562632699013895}",same-panel seed variability; no CI or independence claim
stage_a_uci_v1,tent,none,0,ab,uci_internal_fixed,brier_change,3,-0.05878580592817149,0.13078997937319226,"{""17"": 0.024034296440376454, ""29"": 0.009173433308529141, ""43"": -0.20956514753342007}",same-panel seed variability; no CI or independence claim
stage_a_uci_v1,tent,none,0,ab,uci_internal_fixed,ece15_change,3,0.0022714454791524646,0.07748083908406977,"{""17"": 0.03893119337986095, ""29"": 0.05461920298362195, ""43"": -0.08673605992602551}",same-panel seed variability; no CI or independence claim
stage_a_uci_v1,tent,none,0,ba,uci_internal_fixed,accuracy_change,3,0.047526041666666664,0.08921705967002816,"{""17"": -0.0087890625, ""29"": 0.0009765625, ""43"": 0.150390625}",same-panel seed variability; no CI or independence claim
stage_a_uci_v1,tent,none,0,ba,uci_internal_fixed,error_change,3,-0.047526041666666664,0.08921705967002816,"{""17"": 0.0087890625, ""29"": -0.0009765625, ""43"": -0.150390625}",same-panel seed variability; no CI or independence claim
stage_a_uci_v1,tent,none,0,ba,uci_internal_fixed,nll_change,3,-0.03797432360380434,0.27596059052134797,"{""17"": 0.10966107953420932, ""29"": 0.13276285277097108, ""43"": -0.3563469031165934}",same-panel seed variability; no CI or independence claim
stage_a_uci_v1,tent,none,0,ba,uci_internal_fixed,brier_change,3,-0.058788041343543505,0.13080849507742892,"{""17"": 0.02404823553167357, ""29"": 0.00917606653657099, ""43"": -0.20958842609887507}",same-panel seed variability; no CI or independence claim
stage_a_uci_v1,tent,none,0,ba,uci_internal_fixed,ece15_change,3,0.0024227032321630835,0.07760325337202113,"{""17"": 0.039408407181286, ""29"": 0.05461441966869815, ""43"": -0.08675471715349489}",same-panel seed variability; no CI or independence claim
stage_a_uci_v1,tent,none,4,ab,uci_internal_fixed,accuracy_change,3,0.048177083333333336,0.08860567060913795,"{""17"": -0.0068359375, ""29"": 0.0009765625, ""43"": 0.150390625}",same-panel seed variability; no CI or independence claim
stage_a_uci_v1,tent,none,4,ab,uci_internal_fixed,error_change,3,-0.048177083333333336,0.08860567060913795,"{""17"": 0.0068359375, ""29"": -0.0009765625, ""43"": -0.150390625}",same-panel seed variability; no CI or independence claim
stage_a_uci_v1,tent,none,4,ab,uci_internal_fixed,nll_change,3,-0.037463659744955864,0.2771463775816364,"{""17"": 0.10941946227901544, ""29"": 0.13532460269056726, ""43"": -0.3571350442044503}",same-panel seed variability; no CI or independence claim
stage_a_uci_v1,tent,none,4,ab,uci_internal_fixed,brier_change,3,-0.05873132494765942,0.13107706797889238,"{""17"": 0.023954036815489507, ""29"": 0.009714636399896849, ""43"": -0.2098626480583646}",same-panel seed variability; no CI or independence claim
stage_a_uci_v1,tent,none,4,ab,uci_internal_fixed,ece15_change,3,0.0021215481582880316,0.07720701271604496,"{""17"": 0.039786304812415456, ""29"": 0.053267362092632095, ""43"": -0.08668902243018345}",same-panel seed variability; no CI or independence claim
stage_a_uci_v1,tent,none,4,ba,uci_internal_fixed,accuracy_change,3,0.048177083333333336,0.08860567060913795,"{""17"": -0.0068359375, ""29"": 0.0009765625, ""43"": 0.150390625}",same-panel seed variability; no CI or independence claim
stage_a_uci_v1,tent,none,4,ba,uci_internal_fixed,error_change,3,-0.048177083333333336,0.08860567060913795,"{""17"": 0.0068359375, ""29"": -0.0009765625, ""43"": -0.150390625}",same-panel seed variability; no CI or independence claim
stage_a_uci_v1,tent,none,4,ba,uci_internal_fixed,nll_change,3,-0.037480945711519026,0.27717765695779845,"{""17"": 0.109436423464323, ""29"": 0.13531007729927363, ""43"": -0.3571893378981537}",same-panel seed variability; no CI or independence claim
stage_a_uci_v1,tent,none,4,ba,uci_internal_fixed,brier_change,3,-0.058732912928460806,0.13108889274594915,"{""17"": 0.0239635933348913, ""29"": 0.009715298774736054, ""43"": -0.20987763089500977}",same-panel seed variability; no CI or independence claim
stage_a_uci_v1,tent,none,4,ba,uci_internal_fixed,ece15_change,3,0.002113137194051632,0.07721026960288115,"{""17"": 0.03978048211310755, ""29"": 0.05326020549375861, ""43"": -0.08670127602471125}",same-panel seed variability; no CI or independence claim
stage_a_uci_v1,tent,optimizer,0,ab,uci_internal_fixed,accuracy_change,3,0.0478515625,0.08891010296187608,"{""17"": -0.0078125, ""29"": 0.0009765625, ""43"": 0.150390625}",same-panel seed variability; no CI or independence claim
stage_a_uci_v1,tent,optimizer,0,ab,uci_internal_fixed,error_change,3,-0.0478515625,0.08891010296187608,"{""17"": 0.0078125, ""29"": -0.0009765625, ""43"": -0.150390625}",same-panel seed variability; no CI or independence claim
stage_a_uci_v1,tent,optimizer,0,ab,uci_internal_fixed,nll_change,3,-0.03785811472227534,0.27605778723061125,"{""17"": 0.10971285162670061, ""29"": 0.133050107189378, ""43"": -0.3563373029829046}",same-panel seed variability; no CI or independence claim
stage_a_uci_v1,tent,optimizer,0,ab,uci_internal_fixed,brier_change,3,-0.05876574000497284,0.13082069999497878,"{""17"": 0.02405497621822625, ""29"": 0.009229579388680902, ""43"": -0.20958177562182567}",same-panel seed variability; no CI or independence claim
stage_a_uci_v1,tent,optimizer,0,ab,uci_internal_fixed,ece15_change,3,0.0020420025360577687,0.07786180052379552,"{""17"": 0.0389184445788009, ""29"": 0.05461473839817341, ""43"": -0.087407175368801}",same-panel seed variability; no CI or independence claim
stage_a_uci_v1,tent,optimizer,0,ba,uci_internal_fixed,accuracy_change,3,0.047526041666666664,0.08921705967002816,"{""17"": -0.0087890625, ""29"": 0.0009765625, ""43"": 0.150390625}",same-panel seed variability; no CI or independence claim
stage_a_uci_v1,tent,optimizer,0,ba,uci_internal_fixed,error_change,3,-0.047526041666666664,0.08921705967002816,"{""17"": 0.0087890625, ""29"": -0.0009765625, ""43"": -0.150390625}",same-panel seed variability; no CI or independence claim
stage_a_uci_v1,tent,optimizer,0,ba,uci_internal_fixed,nll_change,3,-0.037920968575128326,0.27616826844241754,"{""17"": 0.1097524199116374, ""29"": 0.1330143540545594, ""43"": -0.3565296796915818}",same-panel seed variability; no CI or independence claim
stage_a_uci_v1,tent,optimizer,0,ba,uci_internal_fixed,brier_change,3,-0.05877033213463975,0.13085647691259666,"{""17"": 0.024082719461090966, ""29"": 0.00923324044510455, ""43"": -0.20962695631011477}",same-panel seed variability; no CI or independence claim
stage_a_uci_v1,tent,optimizer,0,ba,uci_internal_fixed,ece15_change,3,0.0021817574464413486,0.07739815818110977,"{""17"": 0.03938233435398375, ""29"": 0.05395591533605255, ""43"": -0.08679297735071224}",same-panel seed variability; no CI or independence claim
stage_a_uci_v1,tent,optimizer,4,ab,uci_internal_fixed,accuracy_change,3,0.048177083333333336,0.08860567060913795,"{""17"": -0.0068359375, ""29"": 0.0009765625, ""43"": 0.150390625}",same-panel seed variability; no CI or independence claim
stage_a_uci_v1,tent,optimizer,4,ab,uci_internal_fixed,error_change,3,-0.048177083333333336,0.08860567060913795,"{""17"": 0.0068359375, ""29"": -0.0009765625, ""43"": -0.150390625}",same-panel seed variability; no CI or independence claim
stage_a_uci_v1,tent,optimizer,4,ab,uci_internal_fixed,nll_change,3,-0.03782277741195004,0.2763721301693231,"{""17"": 0.10955955155467736, ""29"": 0.13361947313746672, ""43"": -0.3566473569279942}",same-panel seed variability; no CI or independence claim
stage_a_uci_v1,tent,optimizer,4,ab,uci_internal_fixed,brier_change,3,-0.05877784994190096,0.13089882011676865,"{""17"": 0.024005604345219304, ""29"": 0.009350630548479049, ""43"": -0.20968978471940122}",same-panel seed variability; no CI or independence claim
stage_a_uci_v1,tent,optimizer,4,ab,uci_internal_fixed,ece15_change,3,0.0019110348899425654,0.0776249474020931,"{""17"": 0.03976356489960994, ""29"": 0.053348268505332, ""43"": -0.08737872873511425}",same-panel seed variability; no CI or independence claim
stage_a_uci_v1,tent,optimizer,4,ba,uci_internal_fixed,accuracy_change,3,0.048177083333333336,0.08860567060913795,"{""17"": -0.0068359375, ""29"": 0.0009765625, ""43"": 0.150390625}",same-panel seed variability; no CI or independence claim
stage_a_uci_v1,tent,optimizer,4,ba,uci_internal_fixed,error_change,3,-0.048177083333333336,0.08860567060913795,"{""17"": 0.0068359375, ""29"": -0.0009765625, ""43"": -0.150390625}",same-panel seed variability; no CI or independence claim
stage_a_uci_v1,tent,optimizer,4,ba,uci_internal_fixed,nll_change,3,-0.03786452434576252,0.27644485172144884,"{""17"": 0.1095853358924318, ""29"": 0.13359549629700207, ""43"": -0.35677440522672144}",same-panel seed variability; no CI or independence claim
stage_a_uci_v1,tent,optimizer,4,ba,uci_internal_fixed,brier_change,3,-0.05878115074752203,0.1309222784422312,"{""17"": 0.024023610152473562, ""29"": 0.009352634846969955, ""43"": -0.20971969724200962}",same-panel seed variability; no CI or independence claim
stage_a_uci_v1,tent,optimizer,4,ba,uci_internal_fixed,ece15_change,3,0.002114832616371747,0.07725986613595746,"{""17"": 0.039752035297205994, ""29"": 0.05334384112894976, ""43"": -0.0867513785770405}",same-panel seed variability; no CI or independence claim
stage_a_uci_v1,tent,optimizer_aux,0,ab,uci_internal_fixed,accuracy_change,3,0.0478515625,0.08891010296187608,"{""17"": -0.0078125, ""29"": 0.0009765625, ""43"": 0.150390625}",same-panel seed variability; no CI or independence claim
stage_a_uci_v1,tent,optimizer_aux,0,ab,uci_internal_fixed,error_change,3,-0.0478515625,0.08891010296187608,"{""17"": 0.0078125, ""29"": -0.0009765625, ""43"": -0.150390625}",same-panel seed variability; no CI or independence claim
stage_a_uci_v1,tent,optimizer_aux,0,ab,uci_internal_fixed,nll_change,3,-0.03785811472227534,0.27605778723061125,"{""17"": 0.10971285162670061, ""29"": 0.133050107189378, ""43"": -0.3563373029829046}",same-panel seed variability; no CI or independence claim
stage_a_uci_v1,tent,optimizer_aux,0,ab,uci_internal_fixed,brier_change,3,-0.05876574000497284,0.13082069999497878,"{""17"": 0.02405497621822625, ""29"": 0.009229579388680902, ""43"": -0.20958177562182567}",same-panel seed variability; no CI or independence claim
stage_a_uci_v1,tent,optimizer_aux,0,ab,uci_internal_fixed,ece15_change,3,0.0020420025360577687,0.07786180052379552,"{""17"": 0.0389184445788009, ""29"": 0.05461473839817341, ""43"": -0.087407175368801}",same-panel seed variability; no CI or independence claim
stage_a_uci_v1,tent,optimizer_aux,0,ba,uci_internal_fixed,accuracy_change,3,0.047526041666666664,0.08921705967002816,"{""17"": -0.0087890625, ""29"": 0.0009765625, ""43"": 0.150390625}",same-panel seed variability; no CI or independence claim
stage_a_uci_v1,tent,optimizer_aux,0,ba,uci_internal_fixed,error_change,3,-0.047526041666666664,0.08921705967002816,"{""17"": 0.0087890625, ""29"": -0.0009765625, ""43"": -0.150390625}",same-panel seed variability; no CI or independence claim
stage_a_uci_v1,tent,optimizer_aux,0,ba,uci_internal_fixed,nll_change,3,-0.037920968575128326,0.27616826844241754,"{""17"": 0.1097524199116374, ""29"": 0.1330143540545594, ""43"": -0.3565296796915818}",same-panel seed variability; no CI or independence claim
stage_a_uci_v1,tent,optimizer_aux,0,ba,uci_internal_fixed,brier_change,3,-0.05877033213463975,0.13085647691259666,"{""17"": 0.024082719461090966, ""29"": 0.00923324044510455, ""43"": -0.20962695631011477}",same-panel seed variability; no CI or independence claim
stage_a_uci_v1,tent,optimizer_aux,0,ba,uci_internal_fixed,ece15_change,3,0.0021817574464413486,0.07739815818110977,"{""17"": 0.03938233435398375, ""29"": 0.05395591533605255, ""43"": -0.08679297735071224}",same-panel seed variability; no CI or independence claim
stage_a_uci_v1,tent,optimizer_aux,4,ab,uci_internal_fixed,accuracy_change,3,0.048177083333333336,0.08860567060913795,"{""17"": -0.0068359375, ""29"": 0.0009765625, ""43"": 0.150390625}",same-panel seed variability; no CI or independence claim
stage_a_uci_v1,tent,optimizer_aux,4,ab,uci_internal_fixed,error_change,3,-0.048177083333333336,0.08860567060913795,"{""17"": 0.0068359375, ""29"": -0.0009765625, ""43"": -0.150390625}",same-panel seed variability; no CI or independence claim
stage_a_uci_v1,tent,optimizer_aux,4,ab,uci_internal_fixed,nll_change,3,-0.03782277741195004,0.2763721301693231,"{""17"": 0.10955955155467736, ""29"": 0.13361947313746672, ""43"": -0.3566473569279942}",same-panel seed variability; no CI or independence claim
stage_a_uci_v1,tent,optimizer_aux,4,ab,uci_internal_fixed,brier_change,3,-0.05877784994190096,0.13089882011676865,"{""17"": 0.024005604345219304, ""29"": 0.009350630548479049, ""43"": -0.20968978471940122}",same-panel seed variability; no CI or independence claim
stage_a_uci_v1,tent,optimizer_aux,4,ab,uci_internal_fixed,ece15_change,3,0.0019110348899425654,0.0776249474020931,"{""17"": 0.03976356489960994, ""29"": 0.053348268505332, ""43"": -0.08737872873511425}",same-panel seed variability; no CI or independence claim
stage_a_uci_v1,tent,optimizer_aux,4,ba,uci_internal_fixed,accuracy_change,3,0.048177083333333336,0.08860567060913795,"{""17"": -0.0068359375, ""29"": 0.0009765625, ""43"": 0.150390625}",same-panel seed variability; no CI or independence claim
stage_a_uci_v1,tent,optimizer_aux,4,ba,uci_internal_fixed,error_change,3,-0.048177083333333336,0.08860567060913795,"{""17"": 0.0068359375, ""29"": -0.0009765625, ""43"": -0.150390625}",same-panel seed variability; no CI or independence claim
stage_a_uci_v1,tent,optimizer_aux,4,ba,uci_internal_fixed,nll_change,3,-0.03786452434576252,0.27644485172144884,"{""17"": 0.1095853358924318, ""29"": 0.13359549629700207, ""43"": -0.35677440522672144}",same-panel seed variability; no CI or independence claim
stage_a_uci_v1,tent,optimizer_aux,4,ba,uci_internal_fixed,brier_change,3,-0.05878115074752203,0.1309222784422312,"{""17"": 0.024023610152473562, ""29"": 0.009352634846969955, ""43"": -0.20971969724200962}",same-panel seed variability; no CI or independence claim
stage_a_uci_v1,tent,optimizer_aux,4,ba,uci_internal_fixed,ece15_change,3,0.002114832616371747,0.07725986613595746,"{""17"": 0.039752035297205994, ""29"": 0.05334384112894976, ""43"": -0.0867513785770405}",same-panel seed variability; no CI or independence claim
stage_a_uci_v1,tent,parameters,0,ab,uci_internal_fixed,accuracy_change,3,0.047526041666666664,0.08921705967002816,"{""17"": -0.0087890625, ""29"": 0.0009765625, ""43"": 0.150390625}",same-panel seed variability; no CI or independence claim
stage_a_uci_v1,tent,parameters,0,ab,uci_internal_fixed,error_change,3,-0.047526041666666664,0.08921705967002816,"{""17"": 0.0087890625, ""29"": -0.0009765625, ""43"": -0.150390625}",same-panel seed variability; no CI or independence claim
stage_a_uci_v1,tent,parameters,0,ab,uci_internal_fixed,nll_change,3,-0.037823922084737616,0.27627733087218,"{""17"": 0.11004481684954648, ""29"": 0.1330483476316695, ""43"": -0.35656493073542883}",same-panel seed variability; no CI or independence claim
stage_a_uci_v1,tent,parameters,0,ab,uci_internal_fixed,brier_change,3,-0.05873245279020551,0.13089333416025542,"{""17"": 0.0241749000176671, ""29"": 0.009257203473414936, ""43"": -0.20962946186169856}",same-panel seed variability; no CI or independence claim
stage_a_uci_v1,tent,parameters,0,ab,uci_internal_fixed,ece15_change,3,0.0019374924028786183,0.07777858036632668,"{""17"": 0.03935124365705374, ""29"": 0.05393893295302136, ""43"": -0.08747769940143925}",same-panel seed variability; no CI or independence claim
stage_a_uci_v1,tent,parameters,0,ba,uci_internal_fixed,accuracy_change,3,0.047526041666666664,0.08921705967002816,"{""17"": -0.0087890625, ""29"": 0.0009765625, ""43"": 0.150390625}",same-panel seed variability; no CI or independence claim
stage_a_uci_v1,tent,parameters,0,ba,uci_internal_fixed,error_change,3,-0.047526041666666664,0.08921705967002816,"{""17"": 0.0087890625, ""29"": -0.0009765625, ""43"": -0.150390625}",same-panel seed variability; no CI or independence claim
stage_a_uci_v1,tent,parameters,0,ba,uci_internal_fixed,nll_change,3,-0.037787307217952266,0.27621670781429947,"{""17"": 0.11003133191145656, ""29"": 0.13306429150336646, ""43"": -0.3564575450686798}",same-panel seed variability; no CI or independence claim
stage_a_uci_v1,tent,parameters,0,ba,uci_internal_fixed,brier_change,3,-0.0587301072082862,0.13087654329303253,"{""17"": 0.024161957819863564, ""29"": 0.009255796890584603, ""43"": -0.20960807633530676}",same-panel seed variability; no CI or independence claim
stage_a_uci_v1,tent,parameters,0,ba,uci_internal_fixed,ece15_change,3,0.0019485262054475723,0.07777218419507992,"{""17"": 0.0393633684539043, ""29"": 0.05394195245319745, ""43"": -0.08745974229075903}",same-panel seed variability; no CI or independence claim
stage_a_uci_v1,tent,parameters,4,ab,uci_internal_fixed,accuracy_change,3,0.047526041666666664,0.08921705967002816,"{""17"": -0.0087890625, ""29"": 0.0009765625, ""43"": 0.150390625}",same-panel seed variability; no CI or independence claim
stage_a_uci_v1,tent,parameters,4,ab,uci_internal_fixed,error_change,3,-0.047526041666666664,0.08921705967002816,"{""17"": 0.0087890625, ""29"": -0.0009765625, ""43"": -0.150390625}",same-panel seed variability; no CI or independence claim
stage_a_uci_v1,tent,parameters,4,ab,uci_internal_fixed,nll_change,3,-0.03737684804167177,0.27719660728249784,"{""17"": 0.10997784087058576, ""29"": 0.13502080791997087, ""43"": -0.35712919291557194}",same-panel seed variability; no CI or independence claim
stage_a_uci_v1,tent,parameters,4,ab,uci_internal_fixed,brier_change,3,-0.05866650773419233,0.13110239914867308,"{""17"": 0.024143554129300467, ""29"": 0.009676852225050507, ""43"": -0.20981992955692796}",same-panel seed variability; no CI or independence claim
stage_a_uci_v1,tent,parameters,4,ab,uci_internal_fixed,ece15_change,3,0.0019785216999366473,0.07779989337073949,"{""17"": 0.03937182698247074, ""29"": 0.0540217372274317, ""43"": -0.0874579991100925}",same-panel seed variability; no CI or independence claim
stage_a_uci_v1,tent,parameters,4,ba,uci_internal_fixed,accuracy_change,3,0.047526041666666664,0.08921705967002816,"{""17"": -0.0087890625, ""29"": 0.0009765625, ""43"": 0.150390625}",same-panel seed variability; no CI or independence claim
stage_a_uci_v1,tent,parameters,4,ba,uci_internal_fixed,error_change,3,-0.047526041666666664,0.08921705967002816,"{""17"": 0.0087890625, ""29"": -0.0009765625, ""43"": -0.150390625}",same-panel seed variability; no CI or independence claim
stage_a_uci_v1,tent,parameters,4,ba,uci_internal_fixed,nll_change,3,-0.037353143477888075,0.2771554074061529,"{""17"": 0.10996979068066136, ""29"": 0.1350282407058995, ""43"": -0.3570574618202251}",same-panel seed variability; no CI or independence claim
stage_a_uci_v1,tent,parameters,4,ba,uci_internal_fixed,brier_change,3,-0.05866512745515401,0.13109088688951936,"{""17"": 0.024135201959160472, ""29"": 0.009674854147694707, ""43"": -0.20980543847231722}",same-panel seed variability; no CI or independence claim
stage_a_uci_v1,tent,parameters,4,ba,uci_internal_fixed,ece15_change,3,0.0018121627993138805,0.07762185468423272,"{""17"": 0.03937982649810459, ""29"": 0.05350283206756434, ""43"": -0.0874461701677273}",same-panel seed variability; no CI or independence claim
stage_a_uci_v1,tent,parameters_aux,0,ab,uci_internal_fixed,accuracy_change,3,0.047526041666666664,0.08921705967002816,"{""17"": -0.0087890625, ""29"": 0.0009765625, ""43"": 0.150390625}",same-panel seed variability; no CI or independence claim
stage_a_uci_v1,tent,parameters_aux,0,ab,uci_internal_fixed,error_change,3,-0.047526041666666664,0.08921705967002816,"{""17"": 0.0087890625, ""29"": -0.0009765625, ""43"": -0.150390625}",same-panel seed variability; no CI or independence claim
stage_a_uci_v1,tent,parameters_aux,0,ab,uci_internal_fixed,nll_change,3,-0.037823922084737616,0.27627733087218,"{""17"": 0.11004481684954648, ""29"": 0.1330483476316695, ""43"": -0.35656493073542883}",same-panel seed variability; no CI or independence claim
stage_a_uci_v1,tent,parameters_aux,0,ab,uci_internal_fixed,brier_change,3,-0.05873245279020551,0.13089333416025542,"{""17"": 0.0241749000176671, ""29"": 0.009257203473414936, ""43"": -0.20962946186169856}",same-panel seed variability; no CI or independence claim
stage_a_uci_v1,tent,parameters_aux,0,ab,uci_internal_fixed,ece15_change,3,0.0019374924028786183,0.07777858036632668,"{""17"": 0.03935124365705374, ""29"": 0.05393893295302136, ""43"": -0.08747769940143925}",same-panel seed variability; no CI or independence claim
stage_a_uci_v1,tent,parameters_aux,0,ba,uci_internal_fixed,accuracy_change,3,0.047526041666666664,0.08921705967002816,"{""17"": -0.0087890625, ""29"": 0.0009765625, ""43"": 0.150390625}",same-panel seed variability; no CI or independence claim
stage_a_uci_v1,tent,parameters_aux,0,ba,uci_internal_fixed,error_change,3,-0.047526041666666664,0.08921705967002816,"{""17"": 0.0087890625, ""29"": -0.0009765625, ""43"": -0.150390625}",same-panel seed variability; no CI or independence claim
stage_a_uci_v1,tent,parameters_aux,0,ba,uci_internal_fixed,nll_change,3,-0.037787307217952266,0.27621670781429947,"{""17"": 0.11003133191145656, ""29"": 0.13306429150336646, ""43"": -0.3564575450686798}",same-panel seed variability; no CI or independence claim
stage_a_uci_v1,tent,parameters_aux,0,ba,uci_internal_fixed,brier_change,3,-0.0587301072082862,0.13087654329303253,"{""17"": 0.024161957819863564, ""29"": 0.009255796890584603, ""43"": -0.20960807633530676}",same-panel seed variability; no CI or independence claim
stage_a_uci_v1,tent,parameters_aux,0,ba,uci_internal_fixed,ece15_change,3,0.0019485262054475723,0.07777218419507992,"{""17"": 0.0393633684539043, ""29"": 0.05394195245319745, ""43"": -0.08745974229075903}",same-panel seed variability; no CI or independence claim
stage_a_uci_v1,tent,parameters_aux,4,ab,uci_internal_fixed,accuracy_change,3,0.047526041666666664,0.08921705967002816,"{""17"": -0.0087890625, ""29"": 0.0009765625, ""43"": 0.150390625}",same-panel seed variability; no CI or independence claim
stage_a_uci_v1,tent,parameters_aux,4,ab,uci_internal_fixed,error_change,3,-0.047526041666666664,0.08921705967002816,"{""17"": 0.0087890625, ""29"": -0.0009765625, ""43"": -0.150390625}",same-panel seed variability; no CI or independence claim
stage_a_uci_v1,tent,parameters_aux,4,ab,uci_internal_fixed,nll_change,3,-0.03737684804167177,0.27719660728249784,"{""17"": 0.10997784087058576, ""29"": 0.13502080791997087, ""43"": -0.35712919291557194}",same-panel seed variability; no CI or independence claim
stage_a_uci_v1,tent,parameters_aux,4,ab,uci_internal_fixed,brier_change,3,-0.05866650773419233,0.13110239914867308,"{""17"": 0.024143554129300467, ""29"": 0.009676852225050507, ""43"": -0.20981992955692796}",same-panel seed variability; no CI or independence claim
stage_a_uci_v1,tent,parameters_aux,4,ab,uci_internal_fixed,ece15_change,3,0.0019785216999366473,0.07779989337073949,"{""17"": 0.03937182698247074, ""29"": 0.0540217372274317, ""43"": -0.0874579991100925}",same-panel seed variability; no CI or independence claim
stage_a_uci_v1,tent,parameters_aux,4,ba,uci_internal_fixed,accuracy_change,3,0.047526041666666664,0.08921705967002816,"{""17"": -0.0087890625, ""29"": 0.0009765625, ""43"": 0.150390625}",same-panel seed variability; no CI or independence claim
stage_a_uci_v1,tent,parameters_aux,4,ba,uci_internal_fixed,error_change,3,-0.047526041666666664,0.08921705967002816,"{""17"": 0.0087890625, ""29"": -0.0009765625, ""43"": -0.150390625}",same-panel seed variability; no CI or independence claim
stage_a_uci_v1,tent,parameters_aux,4,ba,uci_internal_fixed,nll_change,3,-0.037353143477888075,0.2771554074061529,"{""17"": 0.10996979068066136, ""29"": 0.1350282407058995, ""43"": -0.3570574618202251}",same-panel seed variability; no CI or independence claim
stage_a_uci_v1,tent,parameters_aux,4,ba,uci_internal_fixed,brier_change,3,-0.05866512745515401,0.13109088688951936,"{""17"": 0.024135201959160472, ""29"": 0.009674854147694707, ""43"": -0.20980543847231722}",same-panel seed variability; no CI or independence claim
stage_a_uci_v1,tent,parameters_aux,4,ba,uci_internal_fixed,ece15_change,3,0.0018121627993138805,0.07762185468423272,"{""17"": 0.03937982649810459, ""29"": 0.05350283206756434, ""43"": -0.0874461701677273}",same-panel seed variability; no CI or independence claim
stage_a_uci_v1,tent,parameters_optimizer,0,ab,uci_internal_fixed,accuracy_change,3,0.047526041666666664,0.08921705967002816,"{""17"": -0.0087890625, ""29"": 0.0009765625, ""43"": 0.150390625}",same-panel seed variability; no CI or independence claim
stage_a_uci_v1,tent,parameters_optimizer,0,ab,uci_internal_fixed,error_change,3,-0.047526041666666664,0.08921705967002816,"{""17"": 0.0087890625, ""29"": -0.0009765625, ""43"": -0.150390625}",same-panel seed variability; no CI or independence claim
stage_a_uci_v1,tent,parameters_optimizer,0,ab,uci_internal_fixed,nll_change,3,-0.037733146587648,0.27642321990653596,"{""17"": 0.11011851766535391, ""29"": 0.13332002148119498, ""43"": -0.3566379789094929}",same-panel seed variability; no CI or independence claim
stage_a_uci_v1,tent,parameters_optimizer,0,ab,uci_internal_fixed,brier_change,3,-0.05871193303859365,0.13092407103893042,"{""17"": 0.024195599301651945, ""29"": 0.009314290690558046, ""43"": -0.20964568910799095}",same-panel seed variability; no CI or independence claim
stage_a_uci_v1,tent,parameters_optimizer,0,ab,uci_internal_fixed,ece15_change,3,0.0019247136873351,0.07778475308725097,"{""17"": 0.03933688392256045, ""29"": 0.0539343619786498, ""43"": -0.08749710483920495}",same-panel seed variability; no CI or independence claim
stage_a_uci_v1,tent,parameters_optimizer,0,ba,uci_internal_fixed,accuracy_change,3,0.047526041666666664,0.08921705967002816,"{""17"": -0.0087890625, ""29"": 0.0009765625, ""43"": 0.150390625}",same-panel seed variability; no CI or independence claim
stage_a_uci_v1,tent,parameters_optimizer,0,ba,uci_internal_fixed,error_change,3,-0.047526041666666664,0.08921705967002816,"{""17"": 0.0087890625, ""29"": -0.0009765625, ""43"": -0.150390625}",same-panel seed variability; no CI or independence claim
stage_a_uci_v1,tent,parameters_optimizer,0,ba,uci_internal_fixed,nll_change,3,-0.037733146587648,0.27642321990653596,"{""17"": 0.11011851766535391, ""29"": 0.13332002148119498, ""43"": -0.3566379789094929}",same-panel seed variability; no CI or independence claim
stage_a_uci_v1,tent,parameters_optimizer,0,ba,uci_internal_fixed,brier_change,3,-0.05871193303859365,0.13092407103893042,"{""17"": 0.024195599301651945, ""29"": 0.009314290690558046, ""43"": -0.20964568910799095}",same-panel seed variability; no CI or independence claim
stage_a_uci_v1,tent,parameters_optimizer,0,ba,uci_internal_fixed,ece15_change,3,0.0019247136873351,0.07778475308725097,"{""17"": 0.03933688392256045, ""29"": 0.0539343619786498, ""43"": -0.08749710483920495}",same-panel seed variability; no CI or independence claim
stage_a_uci_v1,tent,parameters_optimizer,4,ab,uci_internal_fixed,accuracy_change,3,0.047526041666666664,0.08921705967002816,"{""17"": -0.0087890625, ""29"": 0.0009765625, ""43"": 0.150390625}",same-panel seed variability; no CI or independence claim
stage_a_uci_v1,tent,parameters_optimizer,4,ab,uci_internal_fixed,error_change,3,-0.047526041666666664,0.08921705967002816,"{""17"": 0.0087890625, ""29"": -0.0009765625, ""43"": -0.150390625}",same-panel seed variability; no CI or independence claim
stage_a_uci_v1,tent,parameters_optimizer,4,ab,uci_internal_fixed,nll_change,3,-0.037733146587648,0.27642321990653596,"{""17"": 0.11011851766535391, ""29"": 0.13332002148119498, ""43"": -0.3566379789094929}",same-panel seed variability; no CI or independence claim
stage_a_uci_v1,tent,parameters_optimizer,4,ab,uci_internal_fixed,brier_change,3,-0.05871193303859365,0.13092407103893042,"{""17"": 0.024195599301651945, ""29"": 0.009314290690558046, ""43"": -0.20964568910799095}",same-panel seed variability; no CI or independence claim
stage_a_uci_v1,tent,parameters_optimizer,4,ab,uci_internal_fixed,ece15_change,3,0.0019247136873351,0.07778475308725097,"{""17"": 0.03933688392256045, ""29"": 0.0539343619786498, ""43"": -0.08749710483920495}",same-panel seed variability; no CI or independence claim
stage_a_uci_v1,tent,parameters_optimizer,4,ba,uci_internal_fixed,accuracy_change,3,0.047526041666666664,0.08921705967002816,"{""17"": -0.0087890625, ""29"": 0.0009765625, ""43"": 0.150390625}",same-panel seed variability; no CI or independence claim
stage_a_uci_v1,tent,parameters_optimizer,4,ba,uci_internal_fixed,error_change,3,-0.047526041666666664,0.08921705967002816,"{""17"": 0.0087890625, ""29"": -0.0009765625, ""43"": -0.150390625}",same-panel seed variability; no CI or independence claim
stage_a_uci_v1,tent,parameters_optimizer,4,ba,uci_internal_fixed,nll_change,3,-0.037733146587648,0.27642321990653596,"{""17"": 0.11011851766535391, ""29"": 0.13332002148119498, ""43"": -0.3566379789094929}",same-panel seed variability; no CI or independence claim
stage_a_uci_v1,tent,parameters_optimizer,4,ba,uci_internal_fixed,brier_change,3,-0.05871193303859365,0.13092407103893042,"{""17"": 0.024195599301651945, ""29"": 0.009314290690558046, ""43"": -0.20964568910799095}",same-panel seed variability; no CI or independence claim
stage_a_uci_v1,tent,parameters_optimizer,4,ba,uci_internal_fixed,ece15_change,3,0.0019247136873351,0.07778475308725097,"{""17"": 0.03933688392256045, ""29"": 0.0539343619786498, ""43"": -0.08749710483920495}",same-panel seed variability; no CI or independence claim
stage_a_uci_v1,tent,parameters_optimizer_aux,0,ab,uci_internal_fixed,accuracy_change,3,0.047526041666666664,0.08921705967002816,"{""17"": -0.0087890625, ""29"": 0.0009765625, ""43"": 0.150390625}",same-panel seed variability; no CI or independence claim
stage_a_uci_v1,tent,parameters_optimizer_aux,0,ab,uci_internal_fixed,error_change,3,-0.047526041666666664,0.08921705967002816,"{""17"": 0.0087890625, ""29"": -0.0009765625, ""43"": -0.150390625}",same-panel seed variability; no CI or independence claim
stage_a_uci_v1,tent,parameters_optimizer_aux,0,ab,uci_internal_fixed,nll_change,3,-0.037733146587648,0.27642321990653596,"{""17"": 0.11011851766535391, ""29"": 0.13332002148119498, ""43"": -0.3566379789094929}",same-panel seed variability; no CI or independence claim
stage_a_uci_v1,tent,parameters_optimizer_aux,0,ab,uci_internal_fixed,brier_change,3,-0.05871193303859365,0.13092407103893042,"{""17"": 0.024195599301651945, ""29"": 0.009314290690558046, ""43"": -0.20964568910799095}",same-panel seed variability; no CI or independence claim
stage_a_uci_v1,tent,parameters_optimizer_aux,0,ab,uci_internal_fixed,ece15_change,3,0.0019247136873351,0.07778475308725097,"{""17"": 0.03933688392256045, ""29"": 0.0539343619786498, ""43"": -0.08749710483920495}",same-panel seed variability; no CI or independence claim
stage_a_uci_v1,tent,parameters_optimizer_aux,0,ba,uci_internal_fixed,accuracy_change,3,0.047526041666666664,0.08921705967002816,"{""17"": -0.0087890625, ""29"": 0.0009765625, ""43"": 0.150390625}",same-panel seed variability; no CI or independence claim
stage_a_uci_v1,tent,parameters_optimizer_aux,0,ba,uci_internal_fixed,error_change,3,-0.047526041666666664,0.08921705967002816,"{""17"": 0.0087890625, ""29"": -0.0009765625, ""43"": -0.150390625}",same-panel seed variability; no CI or independence claim
stage_a_uci_v1,tent,parameters_optimizer_aux,0,ba,uci_internal_fixed,nll_change,3,-0.037733146587648,0.27642321990653596,"{""17"": 0.11011851766535391, ""29"": 0.13332002148119498, ""43"": -0.3566379789094929}",same-panel seed variability; no CI or independence claim
stage_a_uci_v1,tent,parameters_optimizer_aux,0,ba,uci_internal_fixed,brier_change,3,-0.05871193303859365,0.13092407103893042,"{""17"": 0.024195599301651945, ""29"": 0.009314290690558046, ""43"": -0.20964568910799095}",same-panel seed variability; no CI or independence claim
stage_a_uci_v1,tent,parameters_optimizer_aux,0,ba,uci_internal_fixed,ece15_change,3,0.0019247136873351,0.07778475308725097,"{""17"": 0.03933688392256045, ""29"": 0.0539343619786498, ""43"": -0.08749710483920495}",same-panel seed variability; no CI or independence claim
stage_a_uci_v1,tent,parameters_optimizer_aux,4,ab,uci_internal_fixed,accuracy_change,3,0.047526041666666664,0.08921705967002816,"{""17"": -0.0087890625, ""29"": 0.0009765625, ""43"": 0.150390625}",same-panel seed variability; no CI or independence claim
stage_a_uci_v1,tent,parameters_optimizer_aux,4,ab,uci_internal_fixed,error_change,3,-0.047526041666666664,0.08921705967002816,"{""17"": 0.0087890625, ""29"": -0.0009765625, ""43"": -0.150390625}",same-panel seed variability; no CI or independence claim
stage_a_uci_v1,tent,parameters_optimizer_aux,4,ab,uci_internal_fixed,nll_change,3,-0.037733146587648,0.27642321990653596,"{""17"": 0.11011851766535391, ""29"": 0.13332002148119498, ""43"": -0.3566379789094929}",same-panel seed variability; no CI or independence claim
stage_a_uci_v1,tent,parameters_optimizer_aux,4,ab,uci_internal_fixed,brier_change,3,-0.05871193303859365,0.13092407103893042,"{""17"": 0.024195599301651945, ""29"": 0.009314290690558046, ""43"": -0.20964568910799095}",same-panel seed variability; no CI or independence claim
stage_a_uci_v1,tent,parameters_optimizer_aux,4,ab,uci_internal_fixed,ece15_change,3,0.0019247136873351,0.07778475308725097,"{""17"": 0.03933688392256045, ""29"": 0.0539343619786498, ""43"": -0.08749710483920495}",same-panel seed variability; no CI or independence claim
stage_a_uci_v1,tent,parameters_optimizer_aux,4,ba,uci_internal_fixed,accuracy_change,3,0.047526041666666664,0.08921705967002816,"{""17"": -0.0087890625, ""29"": 0.0009765625, ""43"": 0.150390625}",same-panel seed variability; no CI or independence claim
stage_a_uci_v1,tent,parameters_optimizer_aux,4,ba,uci_internal_fixed,error_change,3,-0.047526041666666664,0.08921705967002816,"{""17"": 0.0087890625, ""29"": -0.0009765625, ""43"": -0.150390625}",same-panel seed variability; no CI or independence claim
stage_a_uci_v1,tent,parameters_optimizer_aux,4,ba,uci_internal_fixed,nll_change,3,-0.037733146587648,0.27642321990653596,"{""17"": 0.11011851766535391, ""29"": 0.13332002148119498, ""43"": -0.3566379789094929}",same-panel seed variability; no CI or independence claim
stage_a_uci_v1,tent,parameters_optimizer_aux,4,ba,uci_internal_fixed,brier_change,3,-0.05871193303859365,0.13092407103893042,"{""17"": 0.024195599301651945, ""29"": 0.009314290690558046, ""43"": -0.20964568910799095}",same-panel seed variability; no CI or independence claim
stage_a_uci_v1,tent,parameters_optimizer_aux,4,ba,uci_internal_fixed,ece15_change,3,0.0019247136873351,0.07778475308725097,"{""17"": 0.03933688392256045, ""29"": 0.0539343619786498, ""43"": -0.08749710483920495}",same-panel seed variability; no CI or independence claim
