experiment_id,method,intervention,washout_batches,direction,panel_id,metric,n_seeds,mean,seed_sd_descriptive,individual_seeds,scope
stage_a_uci_v2,sar_complete,all,0,ab,uci_internal_fixed,accuracy_change,3,0.0003255208333333333,0.000563818622255494,"{""17"": 0.0009765625, ""29"": 0.0, ""43"": 0.0}",same-panel seed variability; no CI or independence claim
stage_a_uci_v2,sar_complete,all,0,ab,uci_internal_fixed,error_change,3,-0.0003255208333333333,0.000563818622255494,"{""17"": -0.0009765625, ""29"": 0.0, ""43"": 0.0}",same-panel seed variability; no CI or independence claim
stage_a_uci_v2,sar_complete,all,0,ab,uci_internal_fixed,nll_change,3,-0.00010139795322581617,0.0009322747258920668,"{""17"": -0.0003305530985385219, ""29"": 0.0009240869166181609, ""43"": -0.0008977276777570875}",same-panel seed variability; no CI or independence claim
stage_a_uci_v2,sar_complete,all,0,ab,uci_internal_fixed,brier_change,3,-9.230346184478193e-05,0.00021499137195607967,"{""17"": -0.0001122874158403786, ""29"": 0.00013198217162138648, ""43"": -0.00029660514131535365}",same-panel seed variability; no CI or independence claim
stage_a_uci_v2,sar_complete,all,0,ab,uci_internal_fixed,ece15_change,3,-0.0002659886280750011,0.0005895063326016881,"{""17"": -0.0009463492381591998, ""29"": 9.28945206515458e-05, ""43"": 5.5488833282650585e-05}",same-panel seed variability; no CI or independence claim
stage_a_uci_v2,sar_complete,all,0,ba,uci_internal_fixed,accuracy_change,3,0.0003255208333333333,0.000563818622255494,"{""17"": 0.0009765625, ""29"": 0.0, ""43"": 0.0}",same-panel seed variability; no CI or independence claim
stage_a_uci_v2,sar_complete,all,0,ba,uci_internal_fixed,error_change,3,-0.0003255208333333333,0.000563818622255494,"{""17"": -0.0009765625, ""29"": 0.0, ""43"": 0.0}",same-panel seed variability; no CI or independence claim
stage_a_uci_v2,sar_complete,all,0,ba,uci_internal_fixed,nll_change,3,-0.00010139795322581617,0.0009322747258920668,"{""17"": -0.0003305530985385219, ""29"": 0.0009240869166181609, ""43"": -0.0008977276777570875}",same-panel seed variability; no CI or independence claim
stage_a_uci_v2,sar_complete,all,0,ba,uci_internal_fixed,brier_change,3,-9.230346184478193e-05,0.00021499137195607967,"{""17"": -0.0001122874158403786, ""29"": 0.00013198217162138648, ""43"": -0.00029660514131535365}",same-panel seed variability; no CI or independence claim
stage_a_uci_v2,sar_complete,all,0,ba,uci_internal_fixed,ece15_change,3,-0.0002659886280750011,0.0005895063326016881,"{""17"": -0.0009463492381591998, ""29"": 9.28945206515458e-05, ""43"": 5.5488833282650585e-05}",same-panel seed variability; no CI or independence claim
stage_a_uci_v2,sar_complete,all,4,ab,uci_internal_fixed,accuracy_change,3,0.0003255208333333333,0.000563818622255494,"{""17"": 0.0009765625, ""29"": 0.0, ""43"": 0.0}",same-panel seed variability; no CI or independence claim
stage_a_uci_v2,sar_complete,all,4,ab,uci_internal_fixed,error_change,3,-0.0003255208333333333,0.000563818622255494,"{""17"": -0.0009765625, ""29"": 0.0, ""43"": 0.0}",same-panel seed variability; no CI or independence claim
stage_a_uci_v2,sar_complete,all,4,ab,uci_internal_fixed,nll_change,3,-0.00010139795322581617,0.0009322747258920668,"{""17"": -0.0003305530985385219, ""29"": 0.0009240869166181609, ""43"": -0.0008977276777570875}",same-panel seed variability; no CI or independence claim
stage_a_uci_v2,sar_complete,all,4,ab,uci_internal_fixed,brier_change,3,-9.230346184478193e-05,0.00021499137195607967,"{""17"": -0.0001122874158403786, ""29"": 0.00013198217162138648, ""43"": -0.00029660514131535365}",same-panel seed variability; no CI or independence claim
stage_a_uci_v2,sar_complete,all,4,ab,uci_internal_fixed,ece15_change,3,-0.0002659886280750011,0.0005895063326016881,"{""17"": -0.0009463492381591998, ""29"": 9.28945206515458e-05, ""43"": 5.5488833282650585e-05}",same-panel seed variability; no CI or independence claim
stage_a_uci_v2,sar_complete,all,4,ba,uci_internal_fixed,accuracy_change,3,0.0003255208333333333,0.000563818622255494,"{""17"": 0.0009765625, ""29"": 0.0, ""43"": 0.0}",same-panel seed variability; no CI or independence claim
stage_a_uci_v2,sar_complete,all,4,ba,uci_internal_fixed,error_change,3,-0.0003255208333333333,0.000563818622255494,"{""17"": -0.0009765625, ""29"": 0.0, ""43"": 0.0}",same-panel seed variability; no CI or independence claim
stage_a_uci_v2,sar_complete,all,4,ba,uci_internal_fixed,nll_change,3,-0.00010139795322581617,0.0009322747258920668,"{""17"": -0.0003305530985385219, ""29"": 0.0009240869166181609, ""43"": -0.0008977276777570875}",same-panel seed variability; no CI or independence claim
stage_a_uci_v2,sar_complete,all,4,ba,uci_internal_fixed,brier_change,3,-9.230346184478193e-05,0.00021499137195607967,"{""17"": -0.0001122874158403786, ""29"": 0.00013198217162138648, ""43"": -0.00029660514131535365}",same-panel seed variability; no CI or independence claim
stage_a_uci_v2,sar_complete,all,4,ba,uci_internal_fixed,ece15_change,3,-0.0002659886280750011,0.0005895063326016881,"{""17"": -0.0009463492381591998, ""29"": 9.28945206515458e-05, ""43"": 5.5488833282650585e-05}",same-panel seed variability; no CI or independence claim
stage_a_uci_v2,sar_complete,aux,0,ab,uci_internal_fixed,accuracy_change,3,0.0003255208333333333,0.000563818622255494,"{""17"": 0.0009765625, ""29"": 0.0, ""43"": 0.0}",same-panel seed variability; no CI or independence claim
stage_a_uci_v2,sar_complete,aux,0,ab,uci_internal_fixed,error_change,3,-0.0003255208333333333,0.000563818622255494,"{""17"": -0.0009765625, ""29"": 0.0, ""43"": 0.0}",same-panel seed variability; no CI or independence claim
stage_a_uci_v2,sar_complete,aux,0,ab,uci_internal_fixed,nll_change,3,-0.00010242466319126721,0.0009332801980628531,"{""17"": -0.000332004511763271, ""29"": 0.0009242214712197085, ""43"": -0.0008994909490302391}",same-panel seed variability; no CI or independence claim
stage_a_uci_v2,sar_complete,aux,0,ab,uci_internal_fixed,brier_change,3,-9.254638611189772e-05,0.00021516911916836894,"{""17"": -0.00011292444836532786, ""29"": 0.0001320868120555374, ""43"": -0.0002968015220259027}",same-panel seed variability; no CI or independence claim
stage_a_uci_v2,sar_complete,aux,0,ab,uci_internal_fixed,ece15_change,3,-0.0002650496997289679,0.0005892895319428262,"{""17"": -0.0009451907883792502, ""29"": 9.285976565664555e-05, ""43"": 5.718192353570094e-05}",same-panel seed variability; no CI or independence claim
stage_a_uci_v2,sar_complete,aux,0,ba,uci_internal_fixed,accuracy_change,3,0.0003255208333333333,0.000563818622255494,"{""17"": 0.0009765625, ""29"": 0.0, ""43"": 0.0}",same-panel seed variability; no CI or independence claim
stage_a_uci_v2,sar_complete,aux,0,ba,uci_internal_fixed,error_change,3,-0.0003255208333333333,0.000563818622255494,"{""17"": -0.0009765625, ""29"": 0.0, ""43"": 0.0}",same-panel seed variability; no CI or independence claim
stage_a_uci_v2,sar_complete,aux,0,ba,uci_internal_fixed,nll_change,3,-0.00010164639769429916,0.0009323966848696328,"{""17"": -0.000331265605024271, ""29"": 0.0009241076843417607, ""43"": -0.0008977812724003872}",same-panel seed variability; no CI or independence claim
stage_a_uci_v2,sar_complete,aux,0,ba,uci_internal_fixed,brier_change,3,-9.240913059098121e-05,0.00021501966503718908,"{""17"": -0.00011261770737117788, ""29"": 0.00013200140227438706, ""43"": -0.0002966110866761528}",same-panel seed variability; no CI or independence claim
stage_a_uci_v2,sar_complete,aux,0,ba,uci_internal_fixed,ece15_change,3,-0.0002658026467279844,0.0005891843644169279,"{""17"": -0.0009457931439275499, ""29"": 9.284489562069558e-05, ""43"": 5.554030812290108e-05}",same-panel seed variability; no CI or independence claim
stage_a_uci_v2,sar_complete,aux,4,ab,uci_internal_fixed,accuracy_change,3,0.0003255208333333333,0.000563818622255494,"{""17"": 0.0009765625, ""29"": 0.0, ""43"": 0.0}",same-panel seed variability; no CI or independence claim
stage_a_uci_v2,sar_complete,aux,4,ab,uci_internal_fixed,error_change,3,-0.0003255208333333333,0.000563818622255494,"{""17"": -0.0009765625, ""29"": 0.0, ""43"": 0.0}",same-panel seed variability; no CI or independence claim
stage_a_uci_v2,sar_complete,aux,4,ab,uci_internal_fixed,nll_change,3,-0.00010139795322581617,0.0009322747258920668,"{""17"": -0.0003305530985385219, ""29"": 0.0009240869166181609, ""43"": -0.0008977276777570875}",same-panel seed variability; no CI or independence claim
stage_a_uci_v2,sar_complete,aux,4,ab,uci_internal_fixed,brier_change,3,-9.230346184478193e-05,0.00021499137195607967,"{""17"": -0.0001122874158403786, ""29"": 0.00013198217162138648, ""43"": -0.00029660514131535365}",same-panel seed variability; no CI or independence claim
stage_a_uci_v2,sar_complete,aux,4,ab,uci_internal_fixed,ece15_change,3,-0.0002659886280750011,0.0005895063326016881,"{""17"": -0.0009463492381591998, ""29"": 9.28945206515458e-05, ""43"": 5.5488833282650585e-05}",same-panel seed variability; no CI or independence claim
stage_a_uci_v2,sar_complete,aux,4,ba,uci_internal_fixed,accuracy_change,3,0.0003255208333333333,0.000563818622255494,"{""17"": 0.0009765625, ""29"": 0.0, ""43"": 0.0}",same-panel seed variability; no CI or independence claim
stage_a_uci_v2,sar_complete,aux,4,ba,uci_internal_fixed,error_change,3,-0.0003255208333333333,0.000563818622255494,"{""17"": -0.0009765625, ""29"": 0.0, ""43"": 0.0}",same-panel seed variability; no CI or independence claim
stage_a_uci_v2,sar_complete,aux,4,ba,uci_internal_fixed,nll_change,3,-0.00010139795322581617,0.0009322747258920668,"{""17"": -0.0003305530985385219, ""29"": 0.0009240869166181609, ""43"": -0.0008977276777570875}",same-panel seed variability; no CI or independence claim
stage_a_uci_v2,sar_complete,aux,4,ba,uci_internal_fixed,brier_change,3,-9.230346184478193e-05,0.00021499137195607967,"{""17"": -0.0001122874158403786, ""29"": 0.00013198217162138648, ""43"": -0.00029660514131535365}",same-panel seed variability; no CI or independence claim
stage_a_uci_v2,sar_complete,aux,4,ba,uci_internal_fixed,ece15_change,3,-0.0002659886280750011,0.0005895063326016881,"{""17"": -0.0009463492381591998, ""29"": 9.28945206515458e-05, ""43"": 5.5488833282650585e-05}",same-panel seed variability; no CI or independence claim
stage_a_uci_v2,sar_complete,none,0,ab,uci_internal_fixed,accuracy_change,3,0.0,0.0,"{""17"": 0.0, ""29"": 0.0, ""43"": 0.0}",same-panel seed variability; no CI or independence claim
stage_a_uci_v2,sar_complete,none,0,ab,uci_internal_fixed,error_change,3,0.0,0.0,"{""17"": 0.0, ""29"": 0.0, ""43"": 0.0}",same-panel seed variability; no CI or independence claim
stage_a_uci_v2,sar_complete,none,0,ab,uci_internal_fixed,nll_change,3,9.279014744549216e-05,8.532235922451036e-05,"{""17"": 0.00016050874152614275, ""29"": 0.00012090301347409196, ""43"": -3.0413126637582333e-06}",same-panel seed variability; no CI or independence claim
stage_a_uci_v2,sar_complete,none,0,ab,uci_internal_fixed,brier_change,3,1.4009368677202205e-05,1.6333887262296506e-05,"{""17"": 2.992777005886467e-05, ""29"": 1.4810832697831344e-05, ""43"": -2.710496725089398e-06}",same-panel seed variability; no CI or independence claim
stage_a_uci_v2,sar_complete,none,0,ab,uci_internal_fixed,ece15_change,3,5.3087754988973236e-06,3.5456306795639062e-06,"{""17"": 5.3387786320422195e-06, ""29"": 8.839309403148136e-06, ""43"": 1.7482384615016139e-06}",same-panel seed variability; no CI or independence claim
stage_a_uci_v2,sar_complete,none,0,ba,uci_internal_fixed,accuracy_change,3,0.0,0.0,"{""17"": 0.0, ""29"": 0.0, ""43"": 0.0}",same-panel seed variability; no CI or independence claim
stage_a_uci_v2,sar_complete,none,0,ba,uci_internal_fixed,error_change,3,0.0,0.0,"{""17"": 0.0, ""29"": 0.0, ""43"": 0.0}",same-panel seed variability; no CI or independence claim
stage_a_uci_v2,sar_complete,none,0,ba,uci_internal_fixed,nll_change,3,4.23087146772932e-05,7.227314132869524e-05,"{""17"": 2.5249388619641433e-06, ""29"": 0.0001257328412038218, ""43"": -1.331636033906347e-06}",same-panel seed variability; no CI or independence claim
stage_a_uci_v2,sar_complete,none,0,ba,uci_internal_fixed,brier_change,3,8.595243504907341e-07,1.3531933088449315e-05,"{""17"": -1.066230696197823e-05, ""29"": 1.5760941388789917e-05, ""43"": -2.5200613753394857e-06}",same-panel seed variability; no CI or independence claim
stage_a_uci_v2,sar_complete,none,0,ba,uci_internal_fixed,ece15_change,3,5.4441425142605126e-06,4.631036561015002e-06,"{""17"": 7.830653959988061e-06, ""29"": 8.39515053409172e-06, ""43"": 1.0662304870175804e-07}",same-panel seed variability; no CI or independence claim
stage_a_uci_v2,sar_complete,none,4,ab,uci_internal_fixed,accuracy_change,3,0.0,0.0,"{""17"": 0.0, ""29"": 0.0, ""43"": 0.0}",same-panel seed variability; no CI or independence claim
stage_a_uci_v2,sar_complete,none,4,ab,uci_internal_fixed,error_change,3,0.0,0.0,"{""17"": 0.0, ""29"": 0.0, ""43"": 0.0}",same-panel seed variability; no CI or independence claim
stage_a_uci_v2,sar_complete,none,4,ab,uci_internal_fixed,nll_change,3,0.00031225101340755695,0.0007249678488305898,"{""17"": -0.00026640578495978895, ""29"": 0.0011254549838058958, ""43"": 7.770384137656405e-05}",same-panel seed variability; no CI or independence claim
stage_a_uci_v2,sar_complete,none,4,ab,uci_internal_fixed,brier_change,3,4.148656431204878e-05,0.0001350710718528221,"{""17"": -7.936828208043867e-05, ""29"": 0.00018729416102097884, ""43"": 1.653381399560616e-05}",same-panel seed variability; no CI or independence claim
stage_a_uci_v2,sar_complete,none,4,ab,uci_internal_fixed,ece15_change,3,3.920323474797954e-05,4.957514846164235e-05,"{""17"": 1.661330646599013e-05, ""29"": 9.605000126994279e-05, ""43"": 4.946396508005713e-06}",same-panel seed variability; no CI or independence claim
stage_a_uci_v2,sar_complete,none,4,ba,uci_internal_fixed,accuracy_change,3,0.0003255208333333333,0.000563818622255494,"{""17"": 0.0009765625, ""29"": 0.0, ""43"": 0.0}",same-panel seed variability; no CI or independence claim
stage_a_uci_v2,sar_complete,none,4,ba,uci_internal_fixed,error_change,3,-0.0003255208333333333,0.000563818622255494,"{""17"": -0.0009765625, ""29"": 0.0, ""43"": 0.0}",same-panel seed variability; no CI or independence claim
stage_a_uci_v2,sar_complete,none,4,ba,uci_internal_fixed,nll_change,3,0.000341457731183011,0.0006909670625517611,"{""17"": -0.00017878563163342687, ""29"": 0.0011254549838058958, ""43"": 7.770384137656405e-05}",same-panel seed variability; no CI or independence claim
stage_a_uci_v2,sar_complete,none,4,ba,uci_internal_fixed,brier_change,3,4.64342867254793e-05,0.0001285448000733903,"{""17"": -6.452511484014711e-05, ""29"": 0.00018729416102097884, ""43"": 1.653381399560616e-05}",same-panel seed variability; no CI or independence claim
stage_a_uci_v2,sar_complete,none,4,ba,uci_internal_fixed,ece15_change,3,-0.00028430753134930237,0.0005816868553623262,"{""17"": -0.0009539189918258556, ""29"": 9.605000126994279e-05, ""43"": 4.946396508005713e-06}",same-panel seed variability; no CI or independence claim
stage_a_uci_v2,sar_complete,optimizer,0,ab,uci_internal_fixed,accuracy_change,3,0.0,0.0,"{""17"": 0.0, ""29"": 0.0, ""43"": 0.0}",same-panel seed variability; no CI or independence claim
stage_a_uci_v2,sar_complete,optimizer,0,ab,uci_internal_fixed,error_change,3,0.0,0.0,"{""17"": 0.0, ""29"": 0.0, ""43"": 0.0}",same-panel seed variability; no CI or independence claim
stage_a_uci_v2,sar_complete,optimizer,0,ab,uci_internal_fixed,nll_change,3,9.279306783217464e-05,8.532583607948586e-05,"{""17"": 0.0001605175026861902, ""29"": 0.00012090301347409196, ""43"": -3.0413126637582333e-06}",same-panel seed variability; no CI or independence claim
stage_a_uci_v2,sar_complete,optimizer,0,ab,uci_internal_fixed,brier_change,3,1.400937457123573e-05,1.633389587845749e-05,"{""17"": 2.9927787740965245e-05, ""29"": 1.4810832697831344e-05, ""43"": -2.710496725089398e-06}",same-panel seed variability; no CI or independence claim
stage_a_uci_v2,sar_complete,optimizer,0,ab,uci_internal_fixed,ece15_change,3,5.305859285413955e-06,3.5455972616956636e-06,"{""17"": 5.330029991592114e-06, ""29"": 8.839309403148136e-06, ""43"": 1.7482384615016139e-06}",same-panel seed variability; no CI or independence claim
stage_a_uci_v2,sar_complete,optimizer,0,ba,uci_internal_fixed,accuracy_change,3,0.0,0.0,"{""17"": 0.0, ""29"": 0.0, ""43"": 0.0}",same-panel seed variability; no CI or independence claim
stage_a_uci_v2,sar_complete,optimizer,0,ba,uci_internal_fixed,error_change,3,0.0,0.0,"{""17"": 0.0, ""29"": 0.0, ""43"": 0.0}",same-panel seed variability; no CI or independence claim
stage_a_uci_v2,sar_complete,optimizer,0,ba,uci_internal_fixed,nll_change,3,4.2329981517859557e-05,7.225558863299711e-05,"{""17"": 2.588739383663219e-06, ""29"": 0.0001257328412038218, ""43"": -1.331636033906347e-06}",same-panel seed variability; no CI or independence claim
stage_a_uci_v2,sar_complete,optimizer,0,ba,uci_internal_fixed,brier_change,3,8.70564795990685e-07,1.3517838596927584e-05,"{""17"": -1.0629185625478377e-05, ""29"": 1.5760941388789917e-05, ""43"": -2.5200613753394857e-06}",same-panel seed variability; no CI or independence claim
stage_a_uci_v2,sar_complete,optimizer,0,ba,uci_internal_fixed,ece15_change,3,5.43258101734385e-06,4.622134323007763e-06,"{""17"": 7.795969469238072e-06, ""29"": 8.39515053409172e-06, ""43"": 1.0662304870175804e-07}",same-panel seed variability; no CI or independence claim
stage_a_uci_v2,sar_complete,optimizer,4,ab,uci_internal_fixed,accuracy_change,3,0.0,0.0,"{""17"": 0.0, ""29"": 0.0, ""43"": 0.0}",same-panel seed variability; no CI or independence claim
stage_a_uci_v2,sar_complete,optimizer,4,ab,uci_internal_fixed,error_change,3,0.0,0.0,"{""17"": 0.0, ""29"": 0.0, ""43"": 0.0}",same-panel seed variability; no CI or independence claim
stage_a_uci_v2,sar_complete,optimizer,4,ab,uci_internal_fixed,nll_change,3,0.00031225101340755695,0.0007249678488305898,"{""17"": -0.00026640578495978895, ""29"": 0.0011254549838058958, ""43"": 7.770384137656405e-05}",same-panel seed variability; no CI or independence claim
stage_a_uci_v2,sar_complete,optimizer,4,ab,uci_internal_fixed,brier_change,3,4.148656431204878e-05,0.0001350710718528221,"{""17"": -7.936828208043867e-05, ""29"": 0.00018729416102097884, ""43"": 1.653381399560616e-05}",same-panel seed variability; no CI or independence claim
stage_a_uci_v2,sar_complete,optimizer,4,ab,uci_internal_fixed,ece15_change,3,3.920323474797954e-05,4.957514846164235e-05,"{""17"": 1.661330646599013e-05, ""29"": 9.605000126994279e-05, ""43"": 4.946396508005713e-06}",same-panel seed variability; no CI or independence claim
stage_a_uci_v2,sar_complete,optimizer,4,ba,uci_internal_fixed,accuracy_change,3,0.0003255208333333333,0.000563818622255494,"{""17"": 0.0009765625, ""29"": 0.0, ""43"": 0.0}",same-panel seed variability; no CI or independence claim
stage_a_uci_v2,sar_complete,optimizer,4,ba,uci_internal_fixed,error_change,3,-0.0003255208333333333,0.000563818622255494,"{""17"": -0.0009765625, ""29"": 0.0, ""43"": 0.0}",same-panel seed variability; no CI or independence claim
stage_a_uci_v2,sar_complete,optimizer,4,ba,uci_internal_fixed,nll_change,3,0.000341457731183011,0.0006909670625517611,"{""17"": -0.00017878563163342687, ""29"": 0.0011254549838058958, ""43"": 7.770384137656405e-05}",same-panel seed variability; no CI or independence claim
stage_a_uci_v2,sar_complete,optimizer,4,ba,uci_internal_fixed,brier_change,3,4.64342867254793e-05,0.0001285448000733903,"{""17"": -6.452511484014711e-05, ""29"": 0.00018729416102097884, ""43"": 1.653381399560616e-05}",same-panel seed variability; no CI or independence claim
stage_a_uci_v2,sar_complete,optimizer,4,ba,uci_internal_fixed,ece15_change,3,-0.00028430753134930237,0.0005816868553623262,"{""17"": -0.0009539189918258556, ""29"": 9.605000126994279e-05, ""43"": 4.946396508005713e-06}",same-panel seed variability; no CI or independence claim
stage_a_uci_v2,sar_complete,optimizer_aux,0,ab,uci_internal_fixed,accuracy_change,3,0.0003255208333333333,0.000563818622255494,"{""17"": 0.0009765625, ""29"": 0.0, ""43"": 0.0}",same-panel seed variability; no CI or independence claim
stage_a_uci_v2,sar_complete,optimizer_aux,0,ab,uci_internal_fixed,error_change,3,-0.0003255208333333333,0.000563818622255494,"{""17"": -0.0009765625, ""29"": 0.0, ""43"": 0.0}",same-panel seed variability; no CI or independence claim
stage_a_uci_v2,sar_complete,optimizer_aux,0,ab,uci_internal_fixed,nll_change,3,-0.00010242466319126721,0.0009332801980628531,"{""17"": -0.000332004511763271, ""29"": 0.0009242214712197085, ""43"": -0.0008994909490302391}",same-panel seed variability; no CI or independence claim
stage_a_uci_v2,sar_complete,optimizer_aux,0,ab,uci_internal_fixed,brier_change,3,-9.254638611189772e-05,0.00021516911916836894,"{""17"": -0.00011292444836532786, ""29"": 0.0001320868120555374, ""43"": -0.0002968015220259027}",same-panel seed variability; no CI or independence claim
stage_a_uci_v2,sar_complete,optimizer_aux,0,ab,uci_internal_fixed,ece15_change,3,-0.0002650496997289679,0.0005892895319428262,"{""17"": -0.0009451907883792502, ""29"": 9.285976565664555e-05, ""43"": 5.718192353570094e-05}",same-panel seed variability; no CI or independence claim
stage_a_uci_v2,sar_complete,optimizer_aux,0,ba,uci_internal_fixed,accuracy_change,3,0.0003255208333333333,0.000563818622255494,"{""17"": 0.0009765625, ""29"": 0.0, ""43"": 0.0}",same-panel seed variability; no CI or independence claim
stage_a_uci_v2,sar_complete,optimizer_aux,0,ba,uci_internal_fixed,error_change,3,-0.0003255208333333333,0.000563818622255494,"{""17"": -0.0009765625, ""29"": 0.0, ""43"": 0.0}",same-panel seed variability; no CI or independence claim
stage_a_uci_v2,sar_complete,optimizer_aux,0,ba,uci_internal_fixed,nll_change,3,-0.00010164639769429916,0.0009323966848696328,"{""17"": -0.000331265605024271, ""29"": 0.0009241076843417607, ""43"": -0.0008977812724003872}",same-panel seed variability; no CI or independence claim
stage_a_uci_v2,sar_complete,optimizer_aux,0,ba,uci_internal_fixed,brier_change,3,-9.240913059098121e-05,0.00021501966503718908,"{""17"": -0.00011261770737117788, ""29"": 0.00013200140227438706, ""43"": -0.0002966110866761528}",same-panel seed variability; no CI or independence claim
stage_a_uci_v2,sar_complete,optimizer_aux,0,ba,uci_internal_fixed,ece15_change,3,-0.0002658026467279844,0.0005891843644169279,"{""17"": -0.0009457931439275499, ""29"": 9.284489562069558e-05, ""43"": 5.554030812290108e-05}",same-panel seed variability; no CI or independence claim
stage_a_uci_v2,sar_complete,optimizer_aux,4,ab,uci_internal_fixed,accuracy_change,3,0.0003255208333333333,0.000563818622255494,"{""17"": 0.0009765625, ""29"": 0.0, ""43"": 0.0}",same-panel seed variability; no CI or independence claim
stage_a_uci_v2,sar_complete,optimizer_aux,4,ab,uci_internal_fixed,error_change,3,-0.0003255208333333333,0.000563818622255494,"{""17"": -0.0009765625, ""29"": 0.0, ""43"": 0.0}",same-panel seed variability; no CI or independence claim
stage_a_uci_v2,sar_complete,optimizer_aux,4,ab,uci_internal_fixed,nll_change,3,-0.00010139795322581617,0.0009322747258920668,"{""17"": -0.0003305530985385219, ""29"": 0.0009240869166181609, ""43"": -0.0008977276777570875}",same-panel seed variability; no CI or independence claim
stage_a_uci_v2,sar_complete,optimizer_aux,4,ab,uci_internal_fixed,brier_change,3,-9.230346184478193e-05,0.00021499137195607967,"{""17"": -0.0001122874158403786, ""29"": 0.00013198217162138648, ""43"": -0.00029660514131535365}",same-panel seed variability; no CI or independence claim
stage_a_uci_v2,sar_complete,optimizer_aux,4,ab,uci_internal_fixed,ece15_change,3,-0.0002659886280750011,0.0005895063326016881,"{""17"": -0.0009463492381591998, ""29"": 9.28945206515458e-05, ""43"": 5.5488833282650585e-05}",same-panel seed variability; no CI or independence claim
stage_a_uci_v2,sar_complete,optimizer_aux,4,ba,uci_internal_fixed,accuracy_change,3,0.0003255208333333333,0.000563818622255494,"{""17"": 0.0009765625, ""29"": 0.0, ""43"": 0.0}",same-panel seed variability; no CI or independence claim
stage_a_uci_v2,sar_complete,optimizer_aux,4,ba,uci_internal_fixed,error_change,3,-0.0003255208333333333,0.000563818622255494,"{""17"": -0.0009765625, ""29"": 0.0, ""43"": 0.0}",same-panel seed variability; no CI or independence claim
stage_a_uci_v2,sar_complete,optimizer_aux,4,ba,uci_internal_fixed,nll_change,3,-0.00010139795322581617,0.0009322747258920668,"{""17"": -0.0003305530985385219, ""29"": 0.0009240869166181609, ""43"": -0.0008977276777570875}",same-panel seed variability; no CI or independence claim
stage_a_uci_v2,sar_complete,optimizer_aux,4,ba,uci_internal_fixed,brier_change,3,-9.230346184478193e-05,0.00021499137195607967,"{""17"": -0.0001122874158403786, ""29"": 0.00013198217162138648, ""43"": -0.00029660514131535365}",same-panel seed variability; no CI or independence claim
stage_a_uci_v2,sar_complete,optimizer_aux,4,ba,uci_internal_fixed,ece15_change,3,-0.0002659886280750011,0.0005895063326016881,"{""17"": -0.0009463492381591998, ""29"": 9.28945206515458e-05, ""43"": 5.5488833282650585e-05}",same-panel seed variability; no CI or independence claim
stage_a_uci_v2,sar_complete,parameters,0,ab,uci_internal_fixed,accuracy_change,3,0.0,0.0,"{""17"": 0.0, ""29"": 0.0, ""43"": 0.0}",same-panel seed variability; no CI or independence claim
stage_a_uci_v2,sar_complete,parameters,0,ab,uci_internal_fixed,error_change,3,0.0,0.0,"{""17"": 0.0, ""29"": 0.0, ""43"": 0.0}",same-panel seed variability; no CI or independence claim
stage_a_uci_v2,sar_complete,parameters,0,ab,uci_internal_fixed,nll_change,3,9.38521647443925e-05,8.493344688683751e-05,"{""17"": 0.00016206607675123968, ""29"": 0.00012076845887254439, ""43"": -1.2780413906066102e-06}",same-panel seed variability; no CI or independence claim
stage_a_uci_v2,sar_complete,parameters,0,ab,uci_internal_fixed,brier_change,3,1.4252112253601568e-05,1.6543862605027013e-05,"{""17"": 3.056426051166461e-05, ""29"": 1.4706192263680418e-05, ""43"": -2.514116014540324e-06}",same-panel seed variability; no CI or independence claim
stage_a_uci_v2,sar_complete,parameters,0,ab,uci_internal_fixed,ece15_change,3,4.33444869499718e-06,4.4152172878288465e-06,"{""17"": 4.0741334784918926e-06, ""29"": 8.874064398048387e-06, ""43"": 5.5148208451261116e-08}",same-panel seed variability; no CI or independence claim
stage_a_uci_v2,sar_complete,parameters,0,ba,uci_internal_fixed,accuracy_change,3,0.0,0.0,"{""17"": 0.0, ""29"": 0.0, ""43"": 0.0}",same-panel seed variability; no CI or independence claim
stage_a_uci_v2,sar_complete,parameters,0,ba,uci_internal_fixed,error_change,3,0.0,0.0,"{""17"": 0.0, ""29"": 0.0, ""43"": 0.0}",same-panel seed variability; no CI or independence claim
stage_a_uci_v2,sar_complete,parameters,0,ba,uci_internal_fixed,nll_change,3,4.278316281069311e-05,7.186547344380244e-05,"{""17"": 3.9154563424639854e-06, ""29"": 0.00012571207348022195, ""43"": -1.2780413906066102e-06}",same-panel seed variability; no CI or independence claim
stage_a_uci_v2,sar_complete,parameters,0,ba,uci_internal_fixed,brier_change,3,1.063851787390264e-06,1.3256111427643483e-05,"{""17"": -1.0036039359078222e-05, ""29"": 1.5741710735789338e-05, ""43"": -2.514116014540324e-06}",same-panel seed variability; no CI or independence claim
stage_a_uci_v2,sar_complete,parameters,0,ba,uci_internal_fixed,ece15_change,3,5.0849733016939775e-06,4.4371380398542885e-06,"{""17"": 6.754996131688729e-06, ""29"": 8.444775564941942e-06, ""43"": 5.5148208451261116e-08}",same-panel seed variability; no CI or independence claim
stage_a_uci_v2,sar_complete,parameters,4,ab,uci_internal_fixed,accuracy_change,3,0.0,0.0,"{""17"": 0.0, ""29"": 0.0, ""43"": 0.0}",same-panel seed variability; no CI or independence claim
stage_a_uci_v2,sar_complete,parameters,4,ab,uci_internal_fixed,error_change,3,0.0,0.0,"{""17"": 0.0, ""29"": 0.0, ""43"": 0.0}",same-panel seed variability; no CI or independence claim
stage_a_uci_v2,sar_complete,parameters,4,ab,uci_internal_fixed,nll_change,3,0.00031225101340755695,0.0007249678488305898,"{""17"": -0.00026640578495978895, ""29"": 0.0011254549838058958, ""43"": 7.770384137656405e-05}",same-panel seed variability; no CI or independence claim
stage_a_uci_v2,sar_complete,parameters,4,ab,uci_internal_fixed,brier_change,3,4.148656431204878e-05,0.0001350710718528221,"{""17"": -7.936828208043867e-05, ""29"": 0.00018729416102097884, ""43"": 1.653381399560616e-05}",same-panel seed variability; no CI or independence claim
stage_a_uci_v2,sar_complete,parameters,4,ab,uci_internal_fixed,ece15_change,3,3.920323474797954e-05,4.957514846164235e-05,"{""17"": 1.661330646599013e-05, ""29"": 9.605000126994279e-05, ""43"": 4.946396508005713e-06}",same-panel seed variability; no CI or independence claim
stage_a_uci_v2,sar_complete,parameters,4,ba,uci_internal_fixed,accuracy_change,3,0.0003255208333333333,0.000563818622255494,"{""17"": 0.0009765625, ""29"": 0.0, ""43"": 0.0}",same-panel seed variability; no CI or independence claim
stage_a_uci_v2,sar_complete,parameters,4,ba,uci_internal_fixed,error_change,3,-0.0003255208333333333,0.000563818622255494,"{""17"": -0.0009765625, ""29"": 0.0, ""43"": 0.0}",same-panel seed variability; no CI or independence claim
stage_a_uci_v2,sar_complete,parameters,4,ba,uci_internal_fixed,nll_change,3,0.000341457731183011,0.0006909670625517611,"{""17"": -0.00017878563163342687, ""29"": 0.0011254549838058958, ""43"": 7.770384137656405e-05}",same-panel seed variability; no CI or independence claim
stage_a_uci_v2,sar_complete,parameters,4,ba,uci_internal_fixed,brier_change,3,4.64342867254793e-05,0.0001285448000733903,"{""17"": -6.452511484014711e-05, ""29"": 0.00018729416102097884, ""43"": 1.653381399560616e-05}",same-panel seed variability; no CI or independence claim
stage_a_uci_v2,sar_complete,parameters,4,ba,uci_internal_fixed,ece15_change,3,-0.00028430753134930237,0.0005816868553623262,"{""17"": -0.0009539189918258556, ""29"": 9.605000126994279e-05, ""43"": 4.946396508005713e-06}",same-panel seed variability; no CI or independence claim
stage_a_uci_v2,sar_complete,parameters_aux,0,ab,uci_internal_fixed,accuracy_change,3,0.0003255208333333333,0.000563818622255494,"{""17"": 0.0009765625, ""29"": 0.0, ""43"": 0.0}",same-panel seed variability; no CI or independence claim
stage_a_uci_v2,sar_complete,parameters_aux,0,ab,uci_internal_fixed,error_change,3,-0.0003255208333333333,0.000563818622255494,"{""17"": -0.0009765625, ""29"": 0.0, ""43"": 0.0}",same-panel seed variability; no CI or independence claim
stage_a_uci_v2,sar_complete,parameters_aux,0,ab,uci_internal_fixed,nll_change,3,-0.00010139795322581617,0.0009322747258920668,"{""17"": -0.0003305530985385219, ""29"": 0.0009240869166181609, ""43"": -0.0008977276777570875}",same-panel seed variability; no CI or independence claim
stage_a_uci_v2,sar_complete,parameters_aux,0,ab,uci_internal_fixed,brier_change,3,-9.230346184478193e-05,0.00021499137195607967,"{""17"": -0.0001122874158403786, ""29"": 0.00013198217162138648, ""43"": -0.00029660514131535365}",same-panel seed variability; no CI or independence claim
stage_a_uci_v2,sar_complete,parameters_aux,0,ab,uci_internal_fixed,ece15_change,3,-0.0002659886280750011,0.0005895063326016881,"{""17"": -0.0009463492381591998, ""29"": 9.28945206515458e-05, ""43"": 5.5488833282650585e-05}",same-panel seed variability; no CI or independence claim
stage_a_uci_v2,sar_complete,parameters_aux,0,ba,uci_internal_fixed,accuracy_change,3,0.0003255208333333333,0.000563818622255494,"{""17"": 0.0009765625, ""29"": 0.0, ""43"": 0.0}",same-panel seed variability; no CI or independence claim
stage_a_uci_v2,sar_complete,parameters_aux,0,ba,uci_internal_fixed,error_change,3,-0.0003255208333333333,0.000563818622255494,"{""17"": -0.0009765625, ""29"": 0.0, ""43"": 0.0}",same-panel seed variability; no CI or independence claim
stage_a_uci_v2,sar_complete,parameters_aux,0,ba,uci_internal_fixed,nll_change,3,-0.00010139795322581617,0.0009322747258920668,"{""17"": -0.0003305530985385219, ""29"": 0.0009240869166181609, ""43"": -0.0008977276777570875}",same-panel seed variability; no CI or independence claim
stage_a_uci_v2,sar_complete,parameters_aux,0,ba,uci_internal_fixed,brier_change,3,-9.230346184478193e-05,0.00021499137195607967,"{""17"": -0.0001122874158403786, ""29"": 0.00013198217162138648, ""43"": -0.00029660514131535365}",same-panel seed variability; no CI or independence claim
stage_a_uci_v2,sar_complete,parameters_aux,0,ba,uci_internal_fixed,ece15_change,3,-0.0002659886280750011,0.0005895063326016881,"{""17"": -0.0009463492381591998, ""29"": 9.28945206515458e-05, ""43"": 5.5488833282650585e-05}",same-panel seed variability; no CI or independence claim
stage_a_uci_v2,sar_complete,parameters_aux,4,ab,uci_internal_fixed,accuracy_change,3,0.0003255208333333333,0.000563818622255494,"{""17"": 0.0009765625, ""29"": 0.0, ""43"": 0.0}",same-panel seed variability; no CI or independence claim
stage_a_uci_v2,sar_complete,parameters_aux,4,ab,uci_internal_fixed,error_change,3,-0.0003255208333333333,0.000563818622255494,"{""17"": -0.0009765625, ""29"": 0.0, ""43"": 0.0}",same-panel seed variability; no CI or independence claim
stage_a_uci_v2,sar_complete,parameters_aux,4,ab,uci_internal_fixed,nll_change,3,-0.00010139795322581617,0.0009322747258920668,"{""17"": -0.0003305530985385219, ""29"": 0.0009240869166181609, ""43"": -0.0008977276777570875}",same-panel seed variability; no CI or independence claim
stage_a_uci_v2,sar_complete,parameters_aux,4,ab,uci_internal_fixed,brier_change,3,-9.230346184478193e-05,0.00021499137195607967,"{""17"": -0.0001122874158403786, ""29"": 0.00013198217162138648, ""43"": -0.00029660514131535365}",same-panel seed variability; no CI or independence claim
stage_a_uci_v2,sar_complete,parameters_aux,4,ab,uci_internal_fixed,ece15_change,3,-0.0002659886280750011,0.0005895063326016881,"{""17"": -0.0009463492381591998, ""29"": 9.28945206515458e-05, ""43"": 5.5488833282650585e-05}",same-panel seed variability; no CI or independence claim
stage_a_uci_v2,sar_complete,parameters_aux,4,ba,uci_internal_fixed,accuracy_change,3,0.0003255208333333333,0.000563818622255494,"{""17"": 0.0009765625, ""29"": 0.0, ""43"": 0.0}",same-panel seed variability; no CI or independence claim
stage_a_uci_v2,sar_complete,parameters_aux,4,ba,uci_internal_fixed,error_change,3,-0.0003255208333333333,0.000563818622255494,"{""17"": -0.0009765625, ""29"": 0.0, ""43"": 0.0}",same-panel seed variability; no CI or independence claim
stage_a_uci_v2,sar_complete,parameters_aux,4,ba,uci_internal_fixed,nll_change,3,-0.00010139795322581617,0.0009322747258920668,"{""17"": -0.0003305530985385219, ""29"": 0.0009240869166181609, ""43"": -0.0008977276777570875}",same-panel seed variability; no CI or independence claim
stage_a_uci_v2,sar_complete,parameters_aux,4,ba,uci_internal_fixed,brier_change,3,-9.230346184478193e-05,0.00021499137195607967,"{""17"": -0.0001122874158403786, ""29"": 0.00013198217162138648, ""43"": -0.00029660514131535365}",same-panel seed variability; no CI or independence claim
stage_a_uci_v2,sar_complete,parameters_aux,4,ba,uci_internal_fixed,ece15_change,3,-0.0002659886280750011,0.0005895063326016881,"{""17"": -0.0009463492381591998, ""29"": 9.28945206515458e-05, ""43"": 5.5488833282650585e-05}",same-panel seed variability; no CI or independence claim
stage_a_uci_v2,sar_complete,parameters_optimizer,0,ab,uci_internal_fixed,accuracy_change,3,0.0,0.0,"{""17"": 0.0, ""29"": 0.0, ""43"": 0.0}",same-panel seed variability; no CI or independence claim
stage_a_uci_v2,sar_complete,parameters_optimizer,0,ab,uci_internal_fixed,error_change,3,0.0,0.0,"{""17"": 0.0, ""29"": 0.0, ""43"": 0.0}",same-panel seed variability; no CI or independence claim
stage_a_uci_v2,sar_complete,parameters_optimizer,0,ab,uci_internal_fixed,nll_change,3,9.38553325074432e-05,8.493726324007277e-05,"{""17"": 0.00016207558004039183, ""29"": 0.00012076845887254439, ""43"": -1.2780413906066102e-06}",same-panel seed variability; no CI or independence claim
stage_a_uci_v2,sar_complete,parameters_optimizer,0,ab,uci_internal_fixed,brier_change,3,1.4252124720035125e-05,1.654388104277273e-05,"{""17"": 3.056429791096528e-05, ""29"": 1.4706192263680418e-05, ""43"": -2.514116014540324e-06}",same-panel seed variability; no CI or independence claim
stage_a_uci_v2,sar_complete,parameters_optimizer,0,ab,uci_internal_fixed,ece15_change,3,4.331287208247127e-06,4.41550026985183e-06,"{""17"": 4.064649018241731e-06, ""29"": 8.874064398048387e-06, ""43"": 5.5148208451261116e-08}",same-panel seed variability; no CI or independence claim
stage_a_uci_v2,sar_complete,parameters_optimizer,0,ba,uci_internal_fixed,accuracy_change,3,0.0,0.0,"{""17"": 0.0, ""29"": 0.0, ""43"": 0.0}",same-panel seed variability; no CI or independence claim
stage_a_uci_v2,sar_complete,parameters_optimizer,0,ba,uci_internal_fixed,error_change,3,0.0,0.0,"{""17"": 0.0, ""29"": 0.0, ""43"": 0.0}",same-panel seed variability; no CI or independence claim
stage_a_uci_v2,sar_complete,parameters_optimizer,0,ba,uci_internal_fixed,nll_change,3,4.280610327870906e-05,7.184687134430997e-05,"{""17"": 3.984277746511833e-06, ""29"": 0.00012571207348022195, ""43"": -1.2780413906066102e-06}",same-panel seed variability; no CI or independence claim
stage_a_uci_v2,sar_complete,parameters_optimizer,0,ba,uci_internal_fixed,brier_change,3,1.0757448359235283e-06,1.3241181211793518e-05,"{""17"": -1.000036021347843e-05, ""29"": 1.5741710735789338e-05, ""43"": -2.514116014540324e-06}",same-panel seed variability; no CI or independence claim
stage_a_uci_v2,sar_complete,parameters_optimizer,0,ba,uci_internal_fixed,ece15_change,3,5.072135803393767e-06,4.429940365635374e-06,"{""17"": 6.716483636788097e-06, ""29"": 8.444775564941942e-06, ""43"": 5.5148208451261116e-08}",same-panel seed variability; no CI or independence claim
stage_a_uci_v2,sar_complete,parameters_optimizer,4,ab,uci_internal_fixed,accuracy_change,3,0.0,0.0,"{""17"": 0.0, ""29"": 0.0, ""43"": 0.0}",same-panel seed variability; no CI or independence claim
stage_a_uci_v2,sar_complete,parameters_optimizer,4,ab,uci_internal_fixed,error_change,3,0.0,0.0,"{""17"": 0.0, ""29"": 0.0, ""43"": 0.0}",same-panel seed variability; no CI or independence claim
stage_a_uci_v2,sar_complete,parameters_optimizer,4,ab,uci_internal_fixed,nll_change,3,0.00031225101340755695,0.0007249678488305898,"{""17"": -0.00026640578495978895, ""29"": 0.0011254549838058958, ""43"": 7.770384137656405e-05}",same-panel seed variability; no CI or independence claim
stage_a_uci_v2,sar_complete,parameters_optimizer,4,ab,uci_internal_fixed,brier_change,3,4.148656431204878e-05,0.0001350710718528221,"{""17"": -7.936828208043867e-05, ""29"": 0.00018729416102097884, ""43"": 1.653381399560616e-05}",same-panel seed variability; no CI or independence claim
stage_a_uci_v2,sar_complete,parameters_optimizer,4,ab,uci_internal_fixed,ece15_change,3,3.920323474797954e-05,4.957514846164235e-05,"{""17"": 1.661330646599013e-05, ""29"": 9.605000126994279e-05, ""43"": 4.946396508005713e-06}",same-panel seed variability; no CI or independence claim
stage_a_uci_v2,sar_complete,parameters_optimizer,4,ba,uci_internal_fixed,accuracy_change,3,0.0003255208333333333,0.000563818622255494,"{""17"": 0.0009765625, ""29"": 0.0, ""43"": 0.0}",same-panel seed variability; no CI or independence claim
stage_a_uci_v2,sar_complete,parameters_optimizer,4,ba,uci_internal_fixed,error_change,3,-0.0003255208333333333,0.000563818622255494,"{""17"": -0.0009765625, ""29"": 0.0, ""43"": 0.0}",same-panel seed variability; no CI or independence claim
stage_a_uci_v2,sar_complete,parameters_optimizer,4,ba,uci_internal_fixed,nll_change,3,0.000341457731183011,0.0006909670625517611,"{""17"": -0.00017878563163342687, ""29"": 0.0011254549838058958, ""43"": 7.770384137656405e-05}",same-panel seed variability; no CI or independence claim
stage_a_uci_v2,sar_complete,parameters_optimizer,4,ba,uci_internal_fixed,brier_change,3,4.64342867254793e-05,0.0001285448000733903,"{""17"": -6.452511484014711e-05, ""29"": 0.00018729416102097884, ""43"": 1.653381399560616e-05}",same-panel seed variability; no CI or independence claim
stage_a_uci_v2,sar_complete,parameters_optimizer,4,ba,uci_internal_fixed,ece15_change,3,-0.00028430753134930237,0.0005816868553623262,"{""17"": -0.0009539189918258556, ""29"": 9.605000126994279e-05, ""43"": 4.946396508005713e-06}",same-panel seed variability; no CI or independence claim
stage_a_uci_v2,sar_complete,parameters_optimizer_aux,0,ab,uci_internal_fixed,accuracy_change,3,0.0003255208333333333,0.000563818622255494,"{""17"": 0.0009765625, ""29"": 0.0, ""43"": 0.0}",same-panel seed variability; no CI or independence claim
stage_a_uci_v2,sar_complete,parameters_optimizer_aux,0,ab,uci_internal_fixed,error_change,3,-0.0003255208333333333,0.000563818622255494,"{""17"": -0.0009765625, ""29"": 0.0, ""43"": 0.0}",same-panel seed variability; no CI or independence claim
stage_a_uci_v2,sar_complete,parameters_optimizer_aux,0,ab,uci_internal_fixed,nll_change,3,-0.00010139795322581617,0.0009322747258920668,"{""17"": -0.0003305530985385219, ""29"": 0.0009240869166181609, ""43"": -0.0008977276777570875}",same-panel seed variability; no CI or independence claim
stage_a_uci_v2,sar_complete,parameters_optimizer_aux,0,ab,uci_internal_fixed,brier_change,3,-9.230346184478193e-05,0.00021499137195607967,"{""17"": -0.0001122874158403786, ""29"": 0.00013198217162138648, ""43"": -0.00029660514131535365}",same-panel seed variability; no CI or independence claim
stage_a_uci_v2,sar_complete,parameters_optimizer_aux,0,ab,uci_internal_fixed,ece15_change,3,-0.0002659886280750011,0.0005895063326016881,"{""17"": -0.0009463492381591998, ""29"": 9.28945206515458e-05, ""43"": 5.5488833282650585e-05}",same-panel seed variability; no CI or independence claim
stage_a_uci_v2,sar_complete,parameters_optimizer_aux,0,ba,uci_internal_fixed,accuracy_change,3,0.0003255208333333333,0.000563818622255494,"{""17"": 0.0009765625, ""29"": 0.0, ""43"": 0.0}",same-panel seed variability; no CI or independence claim
stage_a_uci_v2,sar_complete,parameters_optimizer_aux,0,ba,uci_internal_fixed,error_change,3,-0.0003255208333333333,0.000563818622255494,"{""17"": -0.0009765625, ""29"": 0.0, ""43"": 0.0}",same-panel seed variability; no CI or independence claim
stage_a_uci_v2,sar_complete,parameters_optimizer_aux,0,ba,uci_internal_fixed,nll_change,3,-0.00010139795322581617,0.0009322747258920668,"{""17"": -0.0003305530985385219, ""29"": 0.0009240869166181609, ""43"": -0.0008977276777570875}",same-panel seed variability; no CI or independence claim
stage_a_uci_v2,sar_complete,parameters_optimizer_aux,0,ba,uci_internal_fixed,brier_change,3,-9.230346184478193e-05,0.00021499137195607967,"{""17"": -0.0001122874158403786, ""29"": 0.00013198217162138648, ""43"": -0.00029660514131535365}",same-panel seed variability; no CI or independence claim
stage_a_uci_v2,sar_complete,parameters_optimizer_aux,0,ba,uci_internal_fixed,ece15_change,3,-0.0002659886280750011,0.0005895063326016881,"{""17"": -0.0009463492381591998, ""29"": 9.28945206515458e-05, ""43"": 5.5488833282650585e-05}",same-panel seed variability; no CI or independence claim
stage_a_uci_v2,sar_complete,parameters_optimizer_aux,4,ab,uci_internal_fixed,accuracy_change,3,0.0003255208333333333,0.000563818622255494,"{""17"": 0.0009765625, ""29"": 0.0, ""43"": 0.0}",same-panel seed variability; no CI or independence claim
stage_a_uci_v2,sar_complete,parameters_optimizer_aux,4,ab,uci_internal_fixed,error_change,3,-0.0003255208333333333,0.000563818622255494,"{""17"": -0.0009765625, ""29"": 0.0, ""43"": 0.0}",same-panel seed variability; no CI or independence claim
stage_a_uci_v2,sar_complete,parameters_optimizer_aux,4,ab,uci_internal_fixed,nll_change,3,-0.00010139795322581617,0.0009322747258920668,"{""17"": -0.0003305530985385219, ""29"": 0.0009240869166181609, ""43"": -0.0008977276777570875}",same-panel seed variability; no CI or independence claim
stage_a_uci_v2,sar_complete,parameters_optimizer_aux,4,ab,uci_internal_fixed,brier_change,3,-9.230346184478193e-05,0.00021499137195607967,"{""17"": -0.0001122874158403786, ""29"": 0.00013198217162138648, ""43"": -0.00029660514131535365}",same-panel seed variability; no CI or independence claim
stage_a_uci_v2,sar_complete,parameters_optimizer_aux,4,ab,uci_internal_fixed,ece15_change,3,-0.0002659886280750011,0.0005895063326016881,"{""17"": -0.0009463492381591998, ""29"": 9.28945206515458e-05, ""43"": 5.5488833282650585e-05}",same-panel seed variability; no CI or independence claim
stage_a_uci_v2,sar_complete,parameters_optimizer_aux,4,ba,uci_internal_fixed,accuracy_change,3,0.0003255208333333333,0.000563818622255494,"{""17"": 0.0009765625, ""29"": 0.0, ""43"": 0.0}",same-panel seed variability; no CI or independence claim
stage_a_uci_v2,sar_complete,parameters_optimizer_aux,4,ba,uci_internal_fixed,error_change,3,-0.0003255208333333333,0.000563818622255494,"{""17"": -0.0009765625, ""29"": 0.0, ""43"": 0.0}",same-panel seed variability; no CI or independence claim
stage_a_uci_v2,sar_complete,parameters_optimizer_aux,4,ba,uci_internal_fixed,nll_change,3,-0.00010139795322581617,0.0009322747258920668,"{""17"": -0.0003305530985385219, ""29"": 0.0009240869166181609, ""43"": -0.0008977276777570875}",same-panel seed variability; no CI or independence claim
stage_a_uci_v2,sar_complete,parameters_optimizer_aux,4,ba,uci_internal_fixed,brier_change,3,-9.230346184478193e-05,0.00021499137195607967,"{""17"": -0.0001122874158403786, ""29"": 0.00013198217162138648, ""43"": -0.00029660514131535365}",same-panel seed variability; no CI or independence claim
stage_a_uci_v2,sar_complete,parameters_optimizer_aux,4,ba,uci_internal_fixed,ece15_change,3,-0.0002659886280750011,0.0005895063326016881,"{""17"": -0.0009463492381591998, ""29"": 9.28945206515458e-05, ""43"": 5.5488833282650585e-05}",same-panel seed variability; no CI or independence claim
stage_a_uci_v2,source,all,0,ab,uci_internal_fixed,accuracy_change,3,-0.047200520833333336,0.08952651476806704,"{""17"": 0.009765625, ""29"": -0.0009765625, ""43"": -0.150390625}",same-panel seed variability; no CI or independence claim
stage_a_uci_v2,source,all,0,ab,uci_internal_fixed,error_change,3,0.047200520833333336,0.08952651476806704,"{""17"": -0.009765625, ""29"": 0.0009765625, ""43"": 0.150390625}",same-panel seed variability; no CI or independence claim
stage_a_uci_v2,source,all,0,ab,uci_internal_fixed,nll_change,3,0.03808533279304773,0.2753994794970027,"{""17"": -0.11033965324007958, ""29"": -0.13126405739057143, ""43"": 0.3558597090097942}",same-panel seed variability; no CI or independence claim
stage_a_uci_v2,source,all,0,ab,uci_internal_fixed,brier_change,3,0.058723550560806866,0.13069981889156176,"{""17"": -0.02428454792605335, ""29"": -0.008926806187843006, ""43"": 0.20938200579631697}",same-panel seed variability; no CI or independence claim
stage_a_uci_v2,source,all,0,ab,uci_internal_fixed,ece15_change,3,-0.002173093594947074,0.07799685013328228,"{""17"": -0.04026631714369, ""29"": -0.05380312839115661, ""43"": 0.08755016475000539}",same-panel seed variability; no CI or independence claim
stage_a_uci_v2,source,all,0,ba,uci_internal_fixed,accuracy_change,3,-0.047200520833333336,0.08952651476806704,"{""17"": 0.009765625, ""29"": -0.0009765625, ""43"": -0.150390625}",same-panel seed variability; no CI or independence claim
stage_a_uci_v2,source,all,0,ba,uci_internal_fixed,error_change,3,0.047200520833333336,0.08952651476806704,"{""17"": -0.009765625, ""29"": 0.0009765625, ""43"": 0.150390625}",same-panel seed variability; no CI or independence claim
stage_a_uci_v2,source,all,0,ba,uci_internal_fixed,nll_change,3,0.03808533279304773,0.2753994794970027,"{""17"": -0.11033965324007958, ""29"": -0.13126405739057143, ""43"": 0.3558597090097942}",same-panel seed variability; no CI or independence claim
stage_a_uci_v2,source,all,0,ba,uci_internal_fixed,brier_change,3,0.058723550560806866,0.13069981889156176,"{""17"": -0.02428454792605335, ""29"": -0.008926806187843006, ""43"": 0.20938200579631697}",same-panel seed variability; no CI or independence claim
stage_a_uci_v2,source,all,0,ba,uci_internal_fixed,ece15_change,3,-0.002173093594947074,0.07799685013328228,"{""17"": -0.04026631714369, ""29"": -0.05380312839115661, ""43"": 0.08755016475000539}",same-panel seed variability; no CI or independence claim
stage_a_uci_v2,source,all,4,ab,uci_internal_fixed,accuracy_change,3,-0.047200520833333336,0.08952651476806704,"{""17"": 0.009765625, ""29"": -0.0009765625, ""43"": -0.150390625}",same-panel seed variability; no CI or independence claim
stage_a_uci_v2,source,all,4,ab,uci_internal_fixed,error_change,3,0.047200520833333336,0.08952651476806704,"{""17"": -0.009765625, ""29"": 0.0009765625, ""43"": 0.150390625}",same-panel seed variability; no CI or independence claim
stage_a_uci_v2,source,all,4,ab,uci_internal_fixed,nll_change,3,0.03808533279304773,0.2753994794970027,"{""17"": -0.11033965324007958, ""29"": -0.13126405739057143, ""43"": 0.3558597090097942}",same-panel seed variability; no CI or independence claim
stage_a_uci_v2,source,all,4,ab,uci_internal_fixed,brier_change,3,0.058723550560806866,0.13069981889156176,"{""17"": -0.02428454792605335, ""29"": -0.008926806187843006, ""43"": 0.20938200579631697}",same-panel seed variability; no CI or independence claim
stage_a_uci_v2,source,all,4,ab,uci_internal_fixed,ece15_change,3,-0.002173093594947074,0.07799685013328228,"{""17"": -0.04026631714369, ""29"": -0.05380312839115661, ""43"": 0.08755016475000539}",same-panel seed variability; no CI or independence claim
stage_a_uci_v2,source,all,4,ba,uci_internal_fixed,accuracy_change,3,-0.047200520833333336,0.08952651476806704,"{""17"": 0.009765625, ""29"": -0.0009765625, ""43"": -0.150390625}",same-panel seed variability; no CI or independence claim
stage_a_uci_v2,source,all,4,ba,uci_internal_fixed,error_change,3,0.047200520833333336,0.08952651476806704,"{""17"": -0.009765625, ""29"": 0.0009765625, ""43"": 0.150390625}",same-panel seed variability; no CI or independence claim
stage_a_uci_v2,source,all,4,ba,uci_internal_fixed,nll_change,3,0.03808533279304773,0.2753994794970027,"{""17"": -0.11033965324007958, ""29"": -0.13126405739057143, ""43"": 0.3558597090097942}",same-panel seed variability; no CI or independence claim
stage_a_uci_v2,source,all,4,ba,uci_internal_fixed,brier_change,3,0.058723550560806866,0.13069981889156176,"{""17"": -0.02428454792605335, ""29"": -0.008926806187843006, ""43"": 0.20938200579631697}",same-panel seed variability; no CI or independence claim
stage_a_uci_v2,source,all,4,ba,uci_internal_fixed,ece15_change,3,-0.002173093594947074,0.07799685013328228,"{""17"": -0.04026631714369, ""29"": -0.05380312839115661, ""43"": 0.08755016475000539}",same-panel seed variability; no CI or independence claim
stage_a_uci_v2,source,none,0,ab,uci_internal_fixed,accuracy_change,3,-0.047200520833333336,0.08952651476806704,"{""17"": 0.009765625, ""29"": -0.0009765625, ""43"": -0.150390625}",same-panel seed variability; no CI or independence claim
stage_a_uci_v2,source,none,0,ab,uci_internal_fixed,error_change,3,0.047200520833333336,0.08952651476806704,"{""17"": -0.009765625, ""29"": 0.0009765625, ""43"": 0.150390625}",same-panel seed variability; no CI or independence claim
stage_a_uci_v2,source,none,0,ab,uci_internal_fixed,nll_change,3,0.03808533279304773,0.2753994794970027,"{""17"": -0.11033965324007958, ""29"": -0.13126405739057143, ""43"": 0.3558597090097942}",same-panel seed variability; no CI or independence claim
stage_a_uci_v2,source,none,0,ab,uci_internal_fixed,brier_change,3,0.058723550560806866,0.13069981889156176,"{""17"": -0.02428454792605335, ""29"": -0.008926806187843006, ""43"": 0.20938200579631697}",same-panel seed variability; no CI or independence claim
stage_a_uci_v2,source,none,0,ab,uci_internal_fixed,ece15_change,3,-0.002173093594947074,0.07799685013328228,"{""17"": -0.04026631714369, ""29"": -0.05380312839115661, ""43"": 0.08755016475000539}",same-panel seed variability; no CI or independence claim
stage_a_uci_v2,source,none,0,ba,uci_internal_fixed,accuracy_change,3,-0.047200520833333336,0.08952651476806704,"{""17"": 0.009765625, ""29"": -0.0009765625, ""43"": -0.150390625}",same-panel seed variability; no CI or independence claim
stage_a_uci_v2,source,none,0,ba,uci_internal_fixed,error_change,3,0.047200520833333336,0.08952651476806704,"{""17"": -0.009765625, ""29"": 0.0009765625, ""43"": 0.150390625}",same-panel seed variability; no CI or independence claim
stage_a_uci_v2,source,none,0,ba,uci_internal_fixed,nll_change,3,0.03808533279304773,0.2753994794970027,"{""17"": -0.11033965324007958, ""29"": -0.13126405739057143, ""43"": 0.3558597090097942}",same-panel seed variability; no CI or independence claim
stage_a_uci_v2,source,none,0,ba,uci_internal_fixed,brier_change,3,0.058723550560806866,0.13069981889156176,"{""17"": -0.02428454792605335, ""29"": -0.008926806187843006, ""43"": 0.20938200579631697}",same-panel seed variability; no CI or independence claim
stage_a_uci_v2,source,none,0,ba,uci_internal_fixed,ece15_change,3,-0.002173093594947074,0.07799685013328228,"{""17"": -0.04026631714369, ""29"": -0.05380312839115661, ""43"": 0.08755016475000539}",same-panel seed variability; no CI or independence claim
stage_a_uci_v2,source,none,4,ab,uci_internal_fixed,accuracy_change,3,-0.047200520833333336,0.08952651476806704,"{""17"": 0.009765625, ""29"": -0.0009765625, ""43"": -0.150390625}",same-panel seed variability; no CI or independence claim
stage_a_uci_v2,source,none,4,ab,uci_internal_fixed,error_change,3,0.047200520833333336,0.08952651476806704,"{""17"": -0.009765625, ""29"": 0.0009765625, ""43"": 0.150390625}",same-panel seed variability; no CI or independence claim
stage_a_uci_v2,source,none,4,ab,uci_internal_fixed,nll_change,3,0.03808533279304773,0.2753994794970027,"{""17"": -0.11033965324007958, ""29"": -0.13126405739057143, ""43"": 0.3558597090097942}",same-panel seed variability; no CI or independence claim
stage_a_uci_v2,source,none,4,ab,uci_internal_fixed,brier_change,3,0.058723550560806866,0.13069981889156176,"{""17"": -0.02428454792605335, ""29"": -0.008926806187843006, ""43"": 0.20938200579631697}",same-panel seed variability; no CI or independence claim
stage_a_uci_v2,source,none,4,ab,uci_internal_fixed,ece15_change,3,-0.002173093594947074,0.07799685013328228,"{""17"": -0.04026631714369, ""29"": -0.05380312839115661, ""43"": 0.08755016475000539}",same-panel seed variability; no CI or independence claim
stage_a_uci_v2,source,none,4,ba,uci_internal_fixed,accuracy_change,3,-0.047200520833333336,0.08952651476806704,"{""17"": 0.009765625, ""29"": -0.0009765625, ""43"": -0.150390625}",same-panel seed variability; no CI or independence claim
stage_a_uci_v2,source,none,4,ba,uci_internal_fixed,error_change,3,0.047200520833333336,0.08952651476806704,"{""17"": -0.009765625, ""29"": 0.0009765625, ""43"": 0.150390625}",same-panel seed variability; no CI or independence claim
stage_a_uci_v2,source,none,4,ba,uci_internal_fixed,nll_change,3,0.03808533279304773,0.2753994794970027,"{""17"": -0.11033965324007958, ""29"": -0.13126405739057143, ""43"": 0.3558597090097942}",same-panel seed variability; no CI or independence claim
stage_a_uci_v2,source,none,4,ba,uci_internal_fixed,brier_change,3,0.058723550560806866,0.13069981889156176,"{""17"": -0.02428454792605335, ""29"": -0.008926806187843006, ""43"": 0.20938200579631697}",same-panel seed variability; no CI or independence claim
stage_a_uci_v2,source,none,4,ba,uci_internal_fixed,ece15_change,3,-0.002173093594947074,0.07799685013328228,"{""17"": -0.04026631714369, ""29"": -0.05380312839115661, ""43"": 0.08755016475000539}",same-panel seed variability; no CI or independence claim
stage_a_uci_v2,tent,all,0,ab,uci_internal_fixed,accuracy_change,3,0.0003255208333333333,0.000563818622255494,"{""17"": 0.0009765625, ""29"": 0.0, ""43"": 0.0}",same-panel seed variability; no CI or independence claim
stage_a_uci_v2,tent,all,0,ab,uci_internal_fixed,error_change,3,-0.0003255208333333333,0.000563818622255494,"{""17"": -0.0009765625, ""29"": 0.0, ""43"": 0.0}",same-panel seed variability; no CI or independence claim
stage_a_uci_v2,tent,all,0,ab,uci_internal_fixed,nll_change,3,0.0003521862053997224,0.0015015804925641255,"{""17"": -0.00022113557472566367, ""29"": 0.0020559640906235473, ""43"": -0.0007782698996987164}",same-panel seed variability; no CI or independence claim
stage_a_uci_v2,tent,all,0,ab,uci_internal_fixed,brier_change,3,1.1617522213218495e-05,0.00033703121963362564,"{""17"": -8.894862440140226e-05, ""29"": 0.0003874845027150402, ""43"": -0.00026368331167398243}",same-panel seed variability; no CI or independence claim
stage_a_uci_v2,tent,all,0,ab,uci_internal_fixed,ece15_change,3,-0.00024837990761197105,0.0005911031998068329,"{""17"": -0.000929433221129556, ""29"": 0.00013123358749319095, ""43"": 5.305991080045182e-05}",same-panel seed variability; no CI or independence claim
stage_a_uci_v2,tent,all,0,ba,uci_internal_fixed,accuracy_change,3,0.0003255208333333333,0.000563818622255494,"{""17"": 0.0009765625, ""29"": 0.0, ""43"": 0.0}",same-panel seed variability; no CI or independence claim
stage_a_uci_v2,tent,all,0,ba,uci_internal_fixed,error_change,3,-0.0003255208333333333,0.000563818622255494,"{""17"": -0.0009765625, ""29"": 0.0, ""43"": 0.0}",same-panel seed variability; no CI or independence claim
stage_a_uci_v2,tent,all,0,ba,uci_internal_fixed,nll_change,3,0.0003521862053997224,0.0015015804925641255,"{""17"": -0.00022113557472566367, ""29"": 0.0020559640906235473, ""43"": -0.0007782698996987164}",same-panel seed variability; no CI or independence claim
stage_a_uci_v2,tent,all,0,ba,uci_internal_fixed,brier_change,3,1.1617522213218495e-05,0.00033703121963362564,"{""17"": -8.894862440140226e-05, ""29"": 0.0003874845027150402, ""43"": -0.00026368331167398243}",same-panel seed variability; no CI or independence claim
stage_a_uci_v2,tent,all,0,ba,uci_internal_fixed,ece15_change,3,-0.00024837990761197105,0.0005911031998068329,"{""17"": -0.000929433221129556, ""29"": 0.00013123358749319095, ""43"": 5.305991080045182e-05}",same-panel seed variability; no CI or independence claim
stage_a_uci_v2,tent,all,4,ab,uci_internal_fixed,accuracy_change,3,0.0003255208333333333,0.000563818622255494,"{""17"": 0.0009765625, ""29"": 0.0, ""43"": 0.0}",same-panel seed variability; no CI or independence claim
stage_a_uci_v2,tent,all,4,ab,uci_internal_fixed,error_change,3,-0.0003255208333333333,0.000563818622255494,"{""17"": -0.0009765625, ""29"": 0.0, ""43"": 0.0}",same-panel seed variability; no CI or independence claim
stage_a_uci_v2,tent,all,4,ab,uci_internal_fixed,nll_change,3,0.0003521862053997224,0.0015015804925641255,"{""17"": -0.00022113557472566367, ""29"": 0.0020559640906235473, ""43"": -0.0007782698996987164}",same-panel seed variability; no CI or independence claim
stage_a_uci_v2,tent,all,4,ab,uci_internal_fixed,brier_change,3,1.1617522213218495e-05,0.00033703121963362564,"{""17"": -8.894862440140226e-05, ""29"": 0.0003874845027150402, ""43"": -0.00026368331167398243}",same-panel seed variability; no CI or independence claim
stage_a_uci_v2,tent,all,4,ab,uci_internal_fixed,ece15_change,3,-0.00024837990761197105,0.0005911031998068329,"{""17"": -0.000929433221129556, ""29"": 0.00013123358749319095, ""43"": 5.305991080045182e-05}",same-panel seed variability; no CI or independence claim
stage_a_uci_v2,tent,all,4,ba,uci_internal_fixed,accuracy_change,3,0.0003255208333333333,0.000563818622255494,"{""17"": 0.0009765625, ""29"": 0.0, ""43"": 0.0}",same-panel seed variability; no CI or independence claim
stage_a_uci_v2,tent,all,4,ba,uci_internal_fixed,error_change,3,-0.0003255208333333333,0.000563818622255494,"{""17"": -0.0009765625, ""29"": 0.0, ""43"": 0.0}",same-panel seed variability; no CI or independence claim
stage_a_uci_v2,tent,all,4,ba,uci_internal_fixed,nll_change,3,0.0003521862053997224,0.0015015804925641255,"{""17"": -0.00022113557472566367, ""29"": 0.0020559640906235473, ""43"": -0.0007782698996987164}",same-panel seed variability; no CI or independence claim
stage_a_uci_v2,tent,all,4,ba,uci_internal_fixed,brier_change,3,1.1617522213218495e-05,0.00033703121963362564,"{""17"": -8.894862440140226e-05, ""29"": 0.0003874845027150402, ""43"": -0.00026368331167398243}",same-panel seed variability; no CI or independence claim
stage_a_uci_v2,tent,all,4,ba,uci_internal_fixed,ece15_change,3,-0.00024837990761197105,0.0005911031998068329,"{""17"": -0.000929433221129556, ""29"": 0.00013123358749319095, ""43"": 5.305991080045182e-05}",same-panel seed variability; no CI or independence claim
stage_a_uci_v2,tent,aux,0,ab,uci_internal_fixed,accuracy_change,3,0.0006510416666666666,0.001127637244510988,"{""17"": 0.001953125, ""29"": 0.0, ""43"": 0.0}",same-panel seed variability; no CI or independence claim
stage_a_uci_v2,tent,aux,0,ab,uci_internal_fixed,error_change,3,-0.0006510416666666666,0.001127637244510988,"{""17"": -0.001953125, ""29"": 0.0, ""43"": 0.0}",same-panel seed variability; no CI or independence claim
stage_a_uci_v2,tent,aux,0,ab,uci_internal_fixed,nll_change,3,0.00013717024331701133,0.0012038708630350294,"{""17"": -0.0007015234458344032, ""29"": 0.001516595067380791, ""43"": -0.0004035608915953538}",same-panel seed variability; no CI or independence claim
stage_a_uci_v2,tent,aux,0,ab,uci_internal_fixed,brier_change,3,-6.225536736462085e-05,0.0002695964079076883,"{""17"": -0.0002502514856768945, ""29"": 0.0002466271206861357, ""43"": -0.00018314173710310376}",same-panel seed variability; no CI or independence claim
stage_a_uci_v2,tent,aux,0,ab,uci_internal_fixed,ece15_change,3,9.835188420539813e-05,0.0012414267175825586,"{""17"": -0.0013351237638290492, ""29"": 0.0008160745924653406, ""43"": 0.0008141048239799029}",same-panel seed variability; no CI or independence claim
stage_a_uci_v2,tent,aux,0,ba,uci_internal_fixed,accuracy_change,3,0.0003255208333333333,0.000563818622255494,"{""17"": 0.0009765625, ""29"": 0.0, ""43"": 0.0}",same-panel seed variability; no CI or independence claim
stage_a_uci_v2,tent,aux,0,ba,uci_internal_fixed,error_change,3,-0.0003255208333333333,0.000563818622255494,"{""17"": -0.0009765625, ""29"": 0.0, ""43"": 0.0}",same-panel seed variability; no CI or independence claim
stage_a_uci_v2,tent,aux,0,ba,uci_internal_fixed,nll_change,3,0.00011100918924340324,0.0012056614043785797,"{""17"": -0.0006785737058702529, ""29"": 0.0014987953803996534, ""43"": -0.00048719410679919084}",same-panel seed variability; no CI or independence claim
stage_a_uci_v2,tent,aux,0,ba,uci_internal_fixed,brier_change,3,-6.449078273662531e-05,0.0002721272012494553,"{""17"": -0.00023631239437977604, ""29"": 0.00024926034872798514, ""43"": -0.00020642030255808505}",same-panel seed variability; no CI or independence claim
stage_a_uci_v2,tent,aux,0,ba,uci_internal_fixed,ece15_change,3,0.0002496096372160139,0.0009591728223912623,"{""17"": -0.0008579099624040059, ""29"": 0.0008112912775415414, ""43"": 0.0007954475965105063}",same-panel seed variability; no CI or independence claim
stage_a_uci_v2,tent,aux,4,ab,uci_internal_fixed,accuracy_change,3,0.0009765625,0.0016914558667664816,"{""17"": 0.0029296875, ""29"": 0.0, ""43"": 0.0}",same-panel seed variability; no CI or independence claim
stage_a_uci_v2,tent,aux,4,ab,uci_internal_fixed,error_change,3,-0.0009765625,0.0016914558667664816,"{""17"": -0.0029296875, ""29"": 0.0, ""43"": 0.0}",same-panel seed variability; no CI or independence claim
stage_a_uci_v2,tent,aux,4,ab,uci_internal_fixed,nll_change,3,0.0006216730480918543,0.0029834398989002065,"{""17"": -0.0009201909610641358, ""29"": 0.004060545299995815, ""43"": -0.0012753351946561166}",same-panel seed variability; no CI or independence claim
stage_a_uci_v2,tent,aux,4,ab,uci_internal_fixed,brier_change,3,-7.774386852545112e-06,0.0006930907942053545,"{""17"": -0.00033051111056383795, ""29"": 0.000787830212053843, ""43"": -0.0004806422620476404}",same-panel seed variability; no CI or independence claim
stage_a_uci_v2,tent,aux,4,ab,uci_internal_fixed,ece15_change,3,-5.154543665903509e-05,0.000790902226472246,"{""17"": -0.0004800123312745496, ""29"": -0.0005357662985245116, ""43"": 0.0008611423198219559}",same-panel seed variability; no CI or independence claim
stage_a_uci_v2,tent,aux,4,ba,uci_internal_fixed,accuracy_change,3,0.0009765625,0.0016914558667664816,"{""17"": 0.0029296875, ""29"": 0.0, ""43"": 0.0}",same-panel seed variability; no CI or independence claim
stage_a_uci_v2,tent,aux,4,ba,uci_internal_fixed,error_change,3,-0.0009765625,0.0016914558667664816,"{""17"": -0.0029296875, ""29"": 0.0, ""43"": 0.0}",same-panel seed variability; no CI or independence claim
stage_a_uci_v2,tent,aux,4,ba,uci_internal_fixed,nll_change,3,0.0006043870815287053,0.0029881568631207737,"{""17"": -0.0009032297757565685, ""29"": 0.004046019908702195, ""43"": -0.0013296288883595103}",same-panel seed variability; no CI or independence claim
stage_a_uci_v2,tent,aux,4,ba,uci_internal_fixed,brier_change,3,-9.362367653929319e-06,0.0006964602235028439,"{""17"": -0.00032095459116204643, ""29"": 0.0007884925868930481, ""43"": -0.0004956250986927896}",same-panel seed variability; no CI or independence claim
stage_a_uci_v2,tent,aux,4,ba,uci_internal_fixed,ece15_change,3,-5.9956400895433935e-05,0.0007876003768938385,"{""17"": -0.0004858350305824554, ""29"": -0.0005429228973980026, ""43"": 0.0008488887252941562}",same-panel seed variability; no CI or independence claim
stage_a_uci_v2,tent,none,0,ab,uci_internal_fixed,accuracy_change,3,0.0006510416666666666,0.001127637244510988,"{""17"": 0.001953125, ""29"": 0.0, ""43"": 0.0}",same-panel seed variability; no CI or independence claim
stage_a_uci_v2,tent,none,0,ab,uci_internal_fixed,error_change,3,-0.0006510416666666666,0.001127637244510988,"{""17"": -0.001953125, ""29"": 0.0, ""43"": 0.0}",same-panel seed variability; no CI or independence claim
stage_a_uci_v2,tent,none,0,ab,uci_internal_fixed,nll_change,3,0.00013717024331701133,0.0012038708630350294,"{""17"": -0.0007015234458344032, ""29"": 0.001516595067380791, ""43"": -0.0004035608915953538}",same-panel seed variability; no CI or independence claim
stage_a_uci_v2,tent,none,0,ab,uci_internal_fixed,brier_change,3,-6.225536736462085e-05,0.0002695964079076883,"{""17"": -0.0002502514856768945, ""29"": 0.0002466271206861357, ""43"": -0.00018314173710310376}",same-panel seed variability; no CI or independence claim
stage_a_uci_v2,tent,none,0,ab,uci_internal_fixed,ece15_change,3,9.835188420539813e-05,0.0012414267175825586,"{""17"": -0.0013351237638290492, ""29"": 0.0008160745924653406, ""43"": 0.0008141048239799029}",same-panel seed variability; no CI or independence claim
stage_a_uci_v2,tent,none,0,ba,uci_internal_fixed,accuracy_change,3,0.0003255208333333333,0.000563818622255494,"{""17"": 0.0009765625, ""29"": 0.0, ""43"": 0.0}",same-panel seed variability; no CI or independence claim
stage_a_uci_v2,tent,none,0,ba,uci_internal_fixed,error_change,3,-0.0003255208333333333,0.000563818622255494,"{""17"": -0.0009765625, ""29"": 0.0, ""43"": 0.0}",same-panel seed variability; no CI or independence claim
stage_a_uci_v2,tent,none,0,ba,uci_internal_fixed,nll_change,3,0.00011100918924340324,0.0012056614043785797,"{""17"": -0.0006785737058702529, ""29"": 0.0014987953803996534, ""43"": -0.00048719410679919084}",same-panel seed variability; no CI or independence claim
stage_a_uci_v2,tent,none,0,ba,uci_internal_fixed,brier_change,3,-6.449078273662531e-05,0.0002721272012494553,"{""17"": -0.00023631239437977604, ""29"": 0.00024926034872798514, ""43"": -0.00020642030255808505}",same-panel seed variability; no CI or independence claim
stage_a_uci_v2,tent,none,0,ba,uci_internal_fixed,ece15_change,3,0.0002496096372160139,0.0009591728223912623,"{""17"": -0.0008579099624040059, ""29"": 0.0008112912775415414, ""43"": 0.0007954475965105063}",same-panel seed variability; no CI or independence claim
stage_a_uci_v2,tent,none,4,ab,uci_internal_fixed,accuracy_change,3,0.0009765625,0.0016914558667664816,"{""17"": 0.0029296875, ""29"": 0.0, ""43"": 0.0}",same-panel seed variability; no CI or independence claim
stage_a_uci_v2,tent,none,4,ab,uci_internal_fixed,error_change,3,-0.0009765625,0.0016914558667664816,"{""17"": -0.0029296875, ""29"": 0.0, ""43"": 0.0}",same-panel seed variability; no CI or independence claim
stage_a_uci_v2,tent,none,4,ab,uci_internal_fixed,nll_change,3,0.0006216730480918543,0.0029834398989002065,"{""17"": -0.0009201909610641358, ""29"": 0.004060545299995815, ""43"": -0.0012753351946561166}",same-panel seed variability; no CI or independence claim
stage_a_uci_v2,tent,none,4,ab,uci_internal_fixed,brier_change,3,-7.774386852545112e-06,0.0006930907942053545,"{""17"": -0.00033051111056383795, ""29"": 0.000787830212053843, ""43"": -0.0004806422620476404}",same-panel seed variability; no CI or independence claim
stage_a_uci_v2,tent,none,4,ab,uci_internal_fixed,ece15_change,3,-5.154543665903509e-05,0.000790902226472246,"{""17"": -0.0004800123312745496, ""29"": -0.0005357662985245116, ""43"": 0.0008611423198219559}",same-panel seed variability; no CI or independence claim
stage_a_uci_v2,tent,none,4,ba,uci_internal_fixed,accuracy_change,3,0.0009765625,0.0016914558667664816,"{""17"": 0.0029296875, ""29"": 0.0, ""43"": 0.0}",same-panel seed variability; no CI or independence claim
stage_a_uci_v2,tent,none,4,ba,uci_internal_fixed,error_change,3,-0.0009765625,0.0016914558667664816,"{""17"": -0.0029296875, ""29"": 0.0, ""43"": 0.0}",same-panel seed variability; no CI or independence claim
stage_a_uci_v2,tent,none,4,ba,uci_internal_fixed,nll_change,3,0.0006043870815287053,0.0029881568631207737,"{""17"": -0.0009032297757565685, ""29"": 0.004046019908702195, ""43"": -0.0013296288883595103}",same-panel seed variability; no CI or independence claim
stage_a_uci_v2,tent,none,4,ba,uci_internal_fixed,brier_change,3,-9.362367653929319e-06,0.0006964602235028439,"{""17"": -0.00032095459116204643, ""29"": 0.0007884925868930481, ""43"": -0.0004956250986927896}",same-panel seed variability; no CI or independence claim
stage_a_uci_v2,tent,none,4,ba,uci_internal_fixed,ece15_change,3,-5.9956400895433935e-05,0.0007876003768938385,"{""17"": -0.0004858350305824554, ""29"": -0.0005429228973980026, ""43"": 0.0008488887252941562}",same-panel seed variability; no CI or independence claim
stage_a_uci_v2,tent,optimizer,0,ab,uci_internal_fixed,accuracy_change,3,0.0006510416666666666,0.001127637244510988,"{""17"": 0.001953125, ""29"": 0.0, ""43"": 0.0}",same-panel seed variability; no CI or independence claim
stage_a_uci_v2,tent,optimizer,0,ab,uci_internal_fixed,error_change,3,-0.0006510416666666666,0.001127637244510988,"{""17"": -0.001953125, ""29"": 0.0, ""43"": 0.0}",same-panel seed variability; no CI or independence claim
stage_a_uci_v2,tent,optimizer,0,ab,uci_internal_fixed,nll_change,3,0.00022721807077238573,0.0013520477052320061,"{""17"": -0.0006268016133789654, ""29"": 0.0017860497988065605, ""43"": -0.00047759397311043783}",same-panel seed variability; no CI or independence claim
stage_a_uci_v2,tent,optimizer,0,ab,uci_internal_fixed,brier_change,3,-4.218944416596477e-05,0.00029911779934245773,"{""17"": -0.00022957170782710035, ""29"": 0.0003027732008378959, ""43"": -0.00019976982550868987}",same-panel seed variability; no CI or independence claim
stage_a_uci_v2,tent,optimizer,0,ab,uci_internal_fixed,ece15_change,3,-0.00013109105888930097,0.0011055230935275826,"{""17"": -0.0013478725648891016, ""29"": 0.0008116100070167959, ""43"": 0.00014298938120440273}",same-panel seed variability; no CI or independence claim
stage_a_uci_v2,tent,optimizer,0,ba,uci_internal_fixed,accuracy_change,3,0.0003255208333333333,0.000563818622255494,"{""17"": 0.0009765625, ""29"": 0.0, ""43"": 0.0}",same-panel seed variability; no CI or independence claim
stage_a_uci_v2,tent,optimizer,0,ba,uci_internal_fixed,error_change,3,-0.0003255208333333333,0.000563818622255494,"{""17"": -0.0009765625, ""29"": 0.0, ""43"": 0.0}",same-panel seed variability; no CI or independence claim
stage_a_uci_v2,tent,optimizer,0,ba,uci_internal_fixed,nll_change,3,0.00016436421791938988,0.0013740806599430238,"{""17"": -0.0005872333284421827, ""29"": 0.0017502966639879707, ""43"": -0.0006699706817876183}",same-panel seed variability; no CI or independence claim
stage_a_uci_v2,tent,optimizer,0,ba,uci_internal_fixed,brier_change,3,-4.678157383287742e-05,0.00030665280901327757,"{""17"": -0.00020182846496237875, ""29"": 0.0003064342572615449, ""43"": -0.00024495051379779843}",same-panel seed variability; no CI or independence claim
stage_a_uci_v2,tent,optimizer,0,ba,uci_internal_fixed,ece15_change,3,8.663851494277475e-06,0.0008300231905518275,"{""17"": -0.0008839827897062563, ""29"": 0.00015278694489593778, ""43"": 0.0007571873992931509}",same-panel seed variability; no CI or independence claim
stage_a_uci_v2,tent,optimizer,4,ab,uci_internal_fixed,accuracy_change,3,0.0009765625,0.0016914558667664816,"{""17"": 0.0029296875, ""29"": 0.0, ""43"": 0.0}",same-panel seed variability; no CI or independence claim
stage_a_uci_v2,tent,optimizer,4,ab,uci_internal_fixed,error_change,3,-0.0009765625,0.0016914558667664816,"{""17"": -0.0029296875, ""29"": 0.0, ""43"": 0.0}",same-panel seed variability; no CI or independence claim
stage_a_uci_v2,tent,optimizer,4,ab,uci_internal_fixed,nll_change,3,0.00026255538109768925,0.0018124741706993307,"{""17"": -0.0007801016854022125, ""29"": 0.002355415746895295, ""43"": -0.000787647918200015}",same-panel seed variability; no CI or independence claim
stage_a_uci_v2,tent,optimizer,4,ab,uci_internal_fixed,brier_change,3,-5.4299381094083506e-05,0.000414318239455113,"{""17"": -0.0002789435808340443, ""29"": 0.0004238243606360433, ""43"": -0.00030777892308424953}",same-panel seed variability; no CI or independence claim
stage_a_uci_v2,tent,optimizer,4,ab,uci_internal_fixed,ece15_change,3,-0.0002620587050045029,0.0003761803737941095,"{""17"": -0.000502752244080056, ""29"": -0.00045485988582460394, ""43"": 0.00017143601489115132}",same-panel seed variability; no CI or independence claim
stage_a_uci_v2,tent,optimizer,4,ba,uci_internal_fixed,accuracy_change,3,0.0009765625,0.0016914558667664816,"{""17"": 0.0029296875, ""29"": 0.0, ""43"": 0.0}",same-panel seed variability; no CI or independence claim
stage_a_uci_v2,tent,optimizer,4,ba,uci_internal_fixed,error_change,3,-0.0009765625,0.0016914558667664816,"{""17"": -0.0029296875, ""29"": 0.0, ""43"": 0.0}",same-panel seed variability; no CI or independence claim
stage_a_uci_v2,tent,optimizer,4,ba,uci_internal_fixed,nll_change,3,0.00022080844728520366,0.0018296177324053876,"{""17"": -0.000754317347647783, ""29"": 0.002331438906430651, ""43"": -0.000914696216927257}",same-panel seed variability; no CI or independence claim
stage_a_uci_v2,tent,optimizer,4,ba,uci_internal_fixed,brier_change,3,-5.760018671516383e-05,0.00042041689819734913,"{""17"": -0.0002609377735797863, ""29"": 0.0004258286591269488, ""43"": -0.000337691445692654}",same-panel seed variability; no CI or independence claim
stage_a_uci_v2,tent,optimizer,4,ba,uci_internal_fixed,ece15_change,3,-5.826097857532126e-05,0.0007427337787170866,"{""17"": -0.0005142818464840097, ""29"": -0.0004592872622068561, ""43"": 0.0007987861729649021}",same-panel seed variability; no CI or independence claim
stage_a_uci_v2,tent,optimizer_aux,0,ab,uci_internal_fixed,accuracy_change,3,0.0006510416666666666,0.001127637244510988,"{""17"": 0.001953125, ""29"": 0.0, ""43"": 0.0}",same-panel seed variability; no CI or independence claim
stage_a_uci_v2,tent,optimizer_aux,0,ab,uci_internal_fixed,error_change,3,-0.0006510416666666666,0.001127637244510988,"{""17"": -0.001953125, ""29"": 0.0, ""43"": 0.0}",same-panel seed variability; no CI or independence claim
stage_a_uci_v2,tent,optimizer_aux,0,ab,uci_internal_fixed,nll_change,3,0.00022721807077238573,0.0013520477052320061,"{""17"": -0.0006268016133789654, ""29"": 0.0017860497988065605, ""43"": -0.00047759397311043783}",same-panel seed variability; no CI or independence claim
stage_a_uci_v2,tent,optimizer_aux,0,ab,uci_internal_fixed,brier_change,3,-4.218944416596477e-05,0.00029911779934245773,"{""17"": -0.00022957170782710035, ""29"": 0.0003027732008378959, ""43"": -0.00019976982550868987}",same-panel seed variability; no CI or independence claim
stage_a_uci_v2,tent,optimizer_aux,0,ab,uci_internal_fixed,ece15_change,3,-0.00013109105888930097,0.0011055230935275826,"{""17"": -0.0013478725648891016, ""29"": 0.0008116100070167959, ""43"": 0.00014298938120440273}",same-panel seed variability; no CI or independence claim
stage_a_uci_v2,tent,optimizer_aux,0,ba,uci_internal_fixed,accuracy_change,3,0.0003255208333333333,0.000563818622255494,"{""17"": 0.0009765625, ""29"": 0.0, ""43"": 0.0}",same-panel seed variability; no CI or independence claim
stage_a_uci_v2,tent,optimizer_aux,0,ba,uci_internal_fixed,error_change,3,-0.0003255208333333333,0.000563818622255494,"{""17"": -0.0009765625, ""29"": 0.0, ""43"": 0.0}",same-panel seed variability; no CI or independence claim
stage_a_uci_v2,tent,optimizer_aux,0,ba,uci_internal_fixed,nll_change,3,0.00016436421791938988,0.0013740806599430238,"{""17"": -0.0005872333284421827, ""29"": 0.0017502966639879707, ""43"": -0.0006699706817876183}",same-panel seed variability; no CI or independence claim
stage_a_uci_v2,tent,optimizer_aux,0,ba,uci_internal_fixed,brier_change,3,-4.678157383287742e-05,0.00030665280901327757,"{""17"": -0.00020182846496237875, ""29"": 0.0003064342572615449, ""43"": -0.00024495051379779843}",same-panel seed variability; no CI or independence claim
stage_a_uci_v2,tent,optimizer_aux,0,ba,uci_internal_fixed,ece15_change,3,8.663851494277475e-06,0.0008300231905518275,"{""17"": -0.0008839827897062563, ""29"": 0.00015278694489593778, ""43"": 0.0007571873992931509}",same-panel seed variability; no CI or independence claim
stage_a_uci_v2,tent,optimizer_aux,4,ab,uci_internal_fixed,accuracy_change,3,0.0009765625,0.0016914558667664816,"{""17"": 0.0029296875, ""29"": 0.0, ""43"": 0.0}",same-panel seed variability; no CI or independence claim
stage_a_uci_v2,tent,optimizer_aux,4,ab,uci_internal_fixed,error_change,3,-0.0009765625,0.0016914558667664816,"{""17"": -0.0029296875, ""29"": 0.0, ""43"": 0.0}",same-panel seed variability; no CI or independence claim
stage_a_uci_v2,tent,optimizer_aux,4,ab,uci_internal_fixed,nll_change,3,0.00026255538109768925,0.0018124741706993307,"{""17"": -0.0007801016854022125, ""29"": 0.002355415746895295, ""43"": -0.000787647918200015}",same-panel seed variability; no CI or independence claim
stage_a_uci_v2,tent,optimizer_aux,4,ab,uci_internal_fixed,brier_change,3,-5.4299381094083506e-05,0.000414318239455113,"{""17"": -0.0002789435808340443, ""29"": 0.0004238243606360433, ""43"": -0.00030777892308424953}",same-panel seed variability; no CI or independence claim
stage_a_uci_v2,tent,optimizer_aux,4,ab,uci_internal_fixed,ece15_change,3,-0.0002620587050045029,0.0003761803737941095,"{""17"": -0.000502752244080056, ""29"": -0.00045485988582460394, ""43"": 0.00017143601489115132}",same-panel seed variability; no CI or independence claim
stage_a_uci_v2,tent,optimizer_aux,4,ba,uci_internal_fixed,accuracy_change,3,0.0009765625,0.0016914558667664816,"{""17"": 0.0029296875, ""29"": 0.0, ""43"": 0.0}",same-panel seed variability; no CI or independence claim
stage_a_uci_v2,tent,optimizer_aux,4,ba,uci_internal_fixed,error_change,3,-0.0009765625,0.0016914558667664816,"{""17"": -0.0029296875, ""29"": 0.0, ""43"": 0.0}",same-panel seed variability; no CI or independence claim
stage_a_uci_v2,tent,optimizer_aux,4,ba,uci_internal_fixed,nll_change,3,0.00022080844728520366,0.0018296177324053876,"{""17"": -0.000754317347647783, ""29"": 0.002331438906430651, ""43"": -0.000914696216927257}",same-panel seed variability; no CI or independence claim
stage_a_uci_v2,tent,optimizer_aux,4,ba,uci_internal_fixed,brier_change,3,-5.760018671516383e-05,0.00042041689819734913,"{""17"": -0.0002609377735797863, ""29"": 0.0004258286591269488, ""43"": -0.000337691445692654}",same-panel seed variability; no CI or independence claim
stage_a_uci_v2,tent,optimizer_aux,4,ba,uci_internal_fixed,ece15_change,3,-5.826097857532126e-05,0.0007427337787170866,"{""17"": -0.0005142818464840097, ""29"": -0.0004592872622068561, ""43"": 0.0007987861729649021}",same-panel seed variability; no CI or independence claim
stage_a_uci_v2,tent,parameters,0,ab,uci_internal_fixed,accuracy_change,3,0.0003255208333333333,0.000563818622255494,"{""17"": 0.0009765625, ""29"": 0.0, ""43"": 0.0}",same-panel seed variability; no CI or independence claim
stage_a_uci_v2,tent,parameters,0,ab,uci_internal_fixed,error_change,3,-0.0003255208333333333,0.000563818622255494,"{""17"": -0.0009765625, ""29"": 0.0, ""43"": 0.0}",same-panel seed variability; no CI or independence claim
stage_a_uci_v2,tent,parameters,0,ab,uci_internal_fixed,nll_change,3,0.00026141070831011207,0.0013347192904708378,"{""17"": -0.0002948363905330986, ""29"": 0.0017842902410980799, ""43"": -0.000705221725634645}",same-panel seed variability; no CI or independence claim
stage_a_uci_v2,tent,parameters,0,ab,uci_internal_fixed,brier_change,3,-8.902229398634795e-06,0.00030181267812677884,"{""17"": -0.00010964790838624734, ""29"": 0.0003303972855719303, ""43"": -0.00024745606538158736}",same-panel seed variability; no CI or independence claim
stage_a_uci_v2,tent,parameters,0,ab,uci_internal_fixed,ece15_change,3,-0.00023560119206845424,0.0005892918744554782,"{""17"": -0.0009150734866362606, ""29"": 0.0001358045618647481, ""43"": 7.246534856614976e-05}",same-panel seed variability; no CI or independence claim
stage_a_uci_v2,tent,parameters,0,ba,uci_internal_fixed,accuracy_change,3,0.0003255208333333333,0.000563818622255494,"{""17"": 0.0009765625, ""29"": 0.0, ""43"": 0.0}",same-panel seed variability; no CI or independence claim
stage_a_uci_v2,tent,parameters,0,ba,uci_internal_fixed,error_change,3,-0.0003255208333333333,0.000563818622255494,"{""17"": -0.0009765625, ""29"": 0.0, ""43"": 0.0}",same-panel seed variability; no CI or independence claim
stage_a_uci_v2,tent,parameters,0,ba,uci_internal_fixed,nll_change,3,0.00029802557509545313,0.0013089795883866624,"{""17"": -0.000308321328623018, ""29"": 0.001800234112795042, ""43"": -0.0005978360588856646}",same-panel seed variability; no CI or independence claim
stage_a_uci_v2,tent,parameters,0,ba,uci_internal_fixed,brier_change,3,-6.556647479326096e-06,0.00029516278250032004,"{""17"": -0.00012259010618978494, ""29"": 0.00032899070274159704, ""43"": -0.0002260705389897904}",same-panel seed variability; no CI or independence claim
stage_a_uci_v2,tent,parameters,0,ba,uci_internal_fixed,ece15_change,3,-0.0002245673894995011,0.0005879936821274267,"{""17"": -0.0009029486897857049, ""29"": 0.00013882406204084475, ""43"": 9.042245924635681e-05}",same-panel seed variability; no CI or independence claim
stage_a_uci_v2,tent,parameters,4,ab,uci_internal_fixed,accuracy_change,3,0.0003255208333333333,0.000563818622255494,"{""17"": 0.0009765625, ""29"": 0.0, ""43"": 0.0}",same-panel seed variability; no CI or independence claim
stage_a_uci_v2,tent,parameters,4,ab,uci_internal_fixed,error_change,3,-0.0003255208333333333,0.000563818622255494,"{""17"": -0.0009765625, ""29"": 0.0, ""43"": 0.0}",same-panel seed variability; no CI or independence claim
stage_a_uci_v2,tent,parameters,4,ab,uci_internal_fixed,nll_change,3,0.0007084847513759625,0.0026786022650902856,"{""17"": -0.0003618123694938205, ""29"": 0.0037567505293994406, ""43"": -0.0012694839057777324}",same-panel seed variability; no CI or independence claim
stage_a_uci_v2,tent,parameters,4,ab,uci_internal_fixed,brier_change,3,5.704282661454091e-05,0.0006182490908026552,"{""17"": -0.00014099379675287967, ""29"": 0.0007500460372075017, ""43"": -0.0004379237606109993}",same-panel seed variability; no CI or independence claim
stage_a_uci_v2,tent,parameters,4,ab,uci_internal_fixed,ece15_change,3,-0.00019457189501042067,0.0006094351113992056,"{""17"": -0.0008944901612192597, ""29"": 0.00021860883627509292, ""43"": 9.216563991290474e-05}",same-panel seed variability; no CI or independence claim
stage_a_uci_v2,tent,parameters,4,ba,uci_internal_fixed,accuracy_change,3,0.0003255208333333333,0.000563818622255494,"{""17"": 0.0009765625, ""29"": 0.0, ""43"": 0.0}",same-panel seed variability; no CI or independence claim
stage_a_uci_v2,tent,parameters,4,ba,uci_internal_fixed,error_change,3,-0.0003255208333333333,0.000563818622255494,"{""17"": -0.0009765625, ""29"": 0.0, ""43"": 0.0}",same-panel seed variability; no CI or independence claim
stage_a_uci_v2,tent,parameters,4,ba,uci_internal_fixed,nll_change,3,0.0007321893151596403,0.0026582120456659307,"{""17"": -0.00036986255941822213, ""29"": 0.003764183315328063, ""43"": -0.0011977528104309201}",same-panel seed variability; no CI or independence claim
stage_a_uci_v2,tent,parameters,4,ba,uci_internal_fixed,brier_change,3,5.842310565286104e-05,0.0006127542008619,"{""17"": -0.00014934596689287517, ""29"": 0.0007480479598517015, ""43"": -0.00042343267600024326}",same-panel seed variability; no CI or independence claim
stage_a_uci_v2,tent,parameters,4,ba,uci_internal_fixed,ece15_change,3,-0.00036093079563319076,0.0004980187256054936,"{""17"": -0.0008864906455854108, ""29"": -0.0003002963235922626, ""43"": 0.00010399458227810122}",same-panel seed variability; no CI or independence claim
stage_a_uci_v2,tent,parameters_aux,0,ab,uci_internal_fixed,accuracy_change,3,0.0003255208333333333,0.000563818622255494,"{""17"": 0.0009765625, ""29"": 0.0, ""43"": 0.0}",same-panel seed variability; no CI or independence claim
stage_a_uci_v2,tent,parameters_aux,0,ab,uci_internal_fixed,error_change,3,-0.0003255208333333333,0.000563818622255494,"{""17"": -0.0009765625, ""29"": 0.0, ""43"": 0.0}",same-panel seed variability; no CI or independence claim
stage_a_uci_v2,tent,parameters_aux,0,ab,uci_internal_fixed,nll_change,3,0.00026141070831011207,0.0013347192904708378,"{""17"": -0.0002948363905330986, ""29"": 0.0017842902410980799, ""43"": -0.000705221725634645}",same-panel seed variability; no CI or independence claim
stage_a_uci_v2,tent,parameters_aux,0,ab,uci_internal_fixed,brier_change,3,-8.902229398634795e-06,0.00030181267812677884,"{""17"": -0.00010964790838624734, ""29"": 0.0003303972855719303, ""43"": -0.00024745606538158736}",same-panel seed variability; no CI or independence claim
stage_a_uci_v2,tent,parameters_aux,0,ab,uci_internal_fixed,ece15_change,3,-0.00023560119206845424,0.0005892918744554782,"{""17"": -0.0009150734866362606, ""29"": 0.0001358045618647481, ""43"": 7.246534856614976e-05}",same-panel seed variability; no CI or independence claim
stage_a_uci_v2,tent,parameters_aux,0,ba,uci_internal_fixed,accuracy_change,3,0.0003255208333333333,0.000563818622255494,"{""17"": 0.0009765625, ""29"": 0.0, ""43"": 0.0}",same-panel seed variability; no CI or independence claim
stage_a_uci_v2,tent,parameters_aux,0,ba,uci_internal_fixed,error_change,3,-0.0003255208333333333,0.000563818622255494,"{""17"": -0.0009765625, ""29"": 0.0, ""43"": 0.0}",same-panel seed variability; no CI or independence claim
stage_a_uci_v2,tent,parameters_aux,0,ba,uci_internal_fixed,nll_change,3,0.00029802557509545313,0.0013089795883866624,"{""17"": -0.000308321328623018, ""29"": 0.001800234112795042, ""43"": -0.0005978360588856646}",same-panel seed variability; no CI or independence claim
stage_a_uci_v2,tent,parameters_aux,0,ba,uci_internal_fixed,brier_change,3,-6.556647479326096e-06,0.00029516278250032004,"{""17"": -0.00012259010618978494, ""29"": 0.00032899070274159704, ""43"": -0.0002260705389897904}",same-panel seed variability; no CI or independence claim
stage_a_uci_v2,tent,parameters_aux,0,ba,uci_internal_fixed,ece15_change,3,-0.0002245673894995011,0.0005879936821274267,"{""17"": -0.0009029486897857049, ""29"": 0.00013882406204084475, ""43"": 9.042245924635681e-05}",same-panel seed variability; no CI or independence claim
stage_a_uci_v2,tent,parameters_aux,4,ab,uci_internal_fixed,accuracy_change,3,0.0003255208333333333,0.000563818622255494,"{""17"": 0.0009765625, ""29"": 0.0, ""43"": 0.0}",same-panel seed variability; no CI or independence claim
stage_a_uci_v2,tent,parameters_aux,4,ab,uci_internal_fixed,error_change,3,-0.0003255208333333333,0.000563818622255494,"{""17"": -0.0009765625, ""29"": 0.0, ""43"": 0.0}",same-panel seed variability; no CI or independence claim
stage_a_uci_v2,tent,parameters_aux,4,ab,uci_internal_fixed,nll_change,3,0.0007084847513759625,0.0026786022650902856,"{""17"": -0.0003618123694938205, ""29"": 0.0037567505293994406, ""43"": -0.0012694839057777324}",same-panel seed variability; no CI or independence claim
stage_a_uci_v2,tent,parameters_aux,4,ab,uci_internal_fixed,brier_change,3,5.704282661454091e-05,0.0006182490908026552,"{""17"": -0.00014099379675287967, ""29"": 0.0007500460372075017, ""43"": -0.0004379237606109993}",same-panel seed variability; no CI or independence claim
stage_a_uci_v2,tent,parameters_aux,4,ab,uci_internal_fixed,ece15_change,3,-0.00019457189501042067,0.0006094351113992056,"{""17"": -0.0008944901612192597, ""29"": 0.00021860883627509292, ""43"": 9.216563991290474e-05}",same-panel seed variability; no CI or independence claim
stage_a_uci_v2,tent,parameters_aux,4,ba,uci_internal_fixed,accuracy_change,3,0.0003255208333333333,0.000563818622255494,"{""17"": 0.0009765625, ""29"": 0.0, ""43"": 0.0}",same-panel seed variability; no CI or independence claim
stage_a_uci_v2,tent,parameters_aux,4,ba,uci_internal_fixed,error_change,3,-0.0003255208333333333,0.000563818622255494,"{""17"": -0.0009765625, ""29"": 0.0, ""43"": 0.0}",same-panel seed variability; no CI or independence claim
stage_a_uci_v2,tent,parameters_aux,4,ba,uci_internal_fixed,nll_change,3,0.0007321893151596403,0.0026582120456659307,"{""17"": -0.00036986255941822213, ""29"": 0.003764183315328063, ""43"": -0.0011977528104309201}",same-panel seed variability; no CI or independence claim
stage_a_uci_v2,tent,parameters_aux,4,ba,uci_internal_fixed,brier_change,3,5.842310565286104e-05,0.0006127542008619,"{""17"": -0.00014934596689287517, ""29"": 0.0007480479598517015, ""43"": -0.00042343267600024326}",same-panel seed variability; no CI or independence claim
stage_a_uci_v2,tent,parameters_aux,4,ba,uci_internal_fixed,ece15_change,3,-0.00036093079563319076,0.0004980187256054936,"{""17"": -0.0008864906455854108, ""29"": -0.0003002963235922626, ""43"": 0.00010399458227810122}",same-panel seed variability; no CI or independence claim
stage_a_uci_v2,tent,parameters_optimizer,0,ab,uci_internal_fixed,accuracy_change,3,0.0003255208333333333,0.000563818622255494,"{""17"": 0.0009765625, ""29"": 0.0, ""43"": 0.0}",same-panel seed variability; no CI or independence claim
stage_a_uci_v2,tent,parameters_optimizer,0,ab,uci_internal_fixed,error_change,3,-0.0003255208333333333,0.000563818622255494,"{""17"": -0.0009765625, ""29"": 0.0, ""43"": 0.0}",same-panel seed variability; no CI or independence claim
stage_a_uci_v2,tent,parameters_optimizer,0,ab,uci_internal_fixed,nll_change,3,0.0003521862053997224,0.0015015804925641255,"{""17"": -0.00022113557472566367, ""29"": 0.0020559640906235473, ""43"": -0.0007782698996987164}",same-panel seed variability; no CI or independence claim
stage_a_uci_v2,tent,parameters_optimizer,0,ab,uci_internal_fixed,brier_change,3,1.1617522213218495e-05,0.00033703121963362564,"{""17"": -8.894862440140226e-05, ""29"": 0.0003874845027150402, ""43"": -0.00026368331167398243}",same-panel seed variability; no CI or independence claim
stage_a_uci_v2,tent,parameters_optimizer,0,ab,uci_internal_fixed,ece15_change,3,-0.00024837990761197105,0.0005911031998068329,"{""17"": -0.000929433221129556, ""29"": 0.00013123358749319095, ""43"": 5.305991080045182e-05}",same-panel seed variability; no CI or independence claim
stage_a_uci_v2,tent,parameters_optimizer,0,ba,uci_internal_fixed,accuracy_change,3,0.0003255208333333333,0.000563818622255494,"{""17"": 0.0009765625, ""29"": 0.0, ""43"": 0.0}",same-panel seed variability; no CI or independence claim
stage_a_uci_v2,tent,parameters_optimizer,0,ba,uci_internal_fixed,error_change,3,-0.0003255208333333333,0.000563818622255494,"{""17"": -0.0009765625, ""29"": 0.0, ""43"": 0.0}",same-panel seed variability; no CI or independence claim
stage_a_uci_v2,tent,parameters_optimizer,0,ba,uci_internal_fixed,nll_change,3,0.0003521862053997224,0.0015015804925641255,"{""17"": -0.00022113557472566367, ""29"": 0.0020559640906235473, ""43"": -0.0007782698996987164}",same-panel seed variability; no CI or independence claim
stage_a_uci_v2,tent,parameters_optimizer,0,ba,uci_internal_fixed,brier_change,3,1.1617522213218495e-05,0.00033703121963362564,"{""17"": -8.894862440140226e-05, ""29"": 0.0003874845027150402, ""43"": -0.00026368331167398243}",same-panel seed variability; no CI or independence claim
stage_a_uci_v2,tent,parameters_optimizer,0,ba,uci_internal_fixed,ece15_change,3,-0.00024837990761197105,0.0005911031998068329,"{""17"": -0.000929433221129556, ""29"": 0.00013123358749319095, ""43"": 5.305991080045182e-05}",same-panel seed variability; no CI or independence claim
stage_a_uci_v2,tent,parameters_optimizer,4,ab,uci_internal_fixed,accuracy_change,3,0.0003255208333333333,0.000563818622255494,"{""17"": 0.0009765625, ""29"": 0.0, ""43"": 0.0}",same-panel seed variability; no CI or independence claim
stage_a_uci_v2,tent,parameters_optimizer,4,ab,uci_internal_fixed,error_change,3,-0.0003255208333333333,0.000563818622255494,"{""17"": -0.0009765625, ""29"": 0.0, ""43"": 0.0}",same-panel seed variability; no CI or independence claim
stage_a_uci_v2,tent,parameters_optimizer,4,ab,uci_internal_fixed,nll_change,3,0.0003521862053997224,0.0015015804925641255,"{""17"": -0.00022113557472566367, ""29"": 0.0020559640906235473, ""43"": -0.0007782698996987164}",same-panel seed variability; no CI or independence claim
stage_a_uci_v2,tent,parameters_optimizer,4,ab,uci_internal_fixed,brier_change,3,1.1617522213218495e-05,0.00033703121963362564,"{""17"": -8.894862440140226e-05, ""29"": 0.0003874845027150402, ""43"": -0.00026368331167398243}",same-panel seed variability; no CI or independence claim
stage_a_uci_v2,tent,parameters_optimizer,4,ab,uci_internal_fixed,ece15_change,3,-0.00024837990761197105,0.0005911031998068329,"{""17"": -0.000929433221129556, ""29"": 0.00013123358749319095, ""43"": 5.305991080045182e-05}",same-panel seed variability; no CI or independence claim
stage_a_uci_v2,tent,parameters_optimizer,4,ba,uci_internal_fixed,accuracy_change,3,0.0003255208333333333,0.000563818622255494,"{""17"": 0.0009765625, ""29"": 0.0, ""43"": 0.0}",same-panel seed variability; no CI or independence claim
stage_a_uci_v2,tent,parameters_optimizer,4,ba,uci_internal_fixed,error_change,3,-0.0003255208333333333,0.000563818622255494,"{""17"": -0.0009765625, ""29"": 0.0, ""43"": 0.0}",same-panel seed variability; no CI or independence claim
stage_a_uci_v2,tent,parameters_optimizer,4,ba,uci_internal_fixed,nll_change,3,0.0003521862053997224,0.0015015804925641255,"{""17"": -0.00022113557472566367, ""29"": 0.0020559640906235473, ""43"": -0.0007782698996987164}",same-panel seed variability; no CI or independence claim
stage_a_uci_v2,tent,parameters_optimizer,4,ba,uci_internal_fixed,brier_change,3,1.1617522213218495e-05,0.00033703121963362564,"{""17"": -8.894862440140226e-05, ""29"": 0.0003874845027150402, ""43"": -0.00026368331167398243}",same-panel seed variability; no CI or independence claim
stage_a_uci_v2,tent,parameters_optimizer,4,ba,uci_internal_fixed,ece15_change,3,-0.00024837990761197105,0.0005911031998068329,"{""17"": -0.000929433221129556, ""29"": 0.00013123358749319095, ""43"": 5.305991080045182e-05}",same-panel seed variability; no CI or independence claim
stage_a_uci_v2,tent,parameters_optimizer_aux,0,ab,uci_internal_fixed,accuracy_change,3,0.0003255208333333333,0.000563818622255494,"{""17"": 0.0009765625, ""29"": 0.0, ""43"": 0.0}",same-panel seed variability; no CI or independence claim
stage_a_uci_v2,tent,parameters_optimizer_aux,0,ab,uci_internal_fixed,error_change,3,-0.0003255208333333333,0.000563818622255494,"{""17"": -0.0009765625, ""29"": 0.0, ""43"": 0.0}",same-panel seed variability; no CI or independence claim
stage_a_uci_v2,tent,parameters_optimizer_aux,0,ab,uci_internal_fixed,nll_change,3,0.0003521862053997224,0.0015015804925641255,"{""17"": -0.00022113557472566367, ""29"": 0.0020559640906235473, ""43"": -0.0007782698996987164}",same-panel seed variability; no CI or independence claim
stage_a_uci_v2,tent,parameters_optimizer_aux,0,ab,uci_internal_fixed,brier_change,3,1.1617522213218495e-05,0.00033703121963362564,"{""17"": -8.894862440140226e-05, ""29"": 0.0003874845027150402, ""43"": -0.00026368331167398243}",same-panel seed variability; no CI or independence claim
stage_a_uci_v2,tent,parameters_optimizer_aux,0,ab,uci_internal_fixed,ece15_change,3,-0.00024837990761197105,0.0005911031998068329,"{""17"": -0.000929433221129556, ""29"": 0.00013123358749319095, ""43"": 5.305991080045182e-05}",same-panel seed variability; no CI or independence claim
stage_a_uci_v2,tent,parameters_optimizer_aux,0,ba,uci_internal_fixed,accuracy_change,3,0.0003255208333333333,0.000563818622255494,"{""17"": 0.0009765625, ""29"": 0.0, ""43"": 0.0}",same-panel seed variability; no CI or independence claim
stage_a_uci_v2,tent,parameters_optimizer_aux,0,ba,uci_internal_fixed,error_change,3,-0.0003255208333333333,0.000563818622255494,"{""17"": -0.0009765625, ""29"": 0.0, ""43"": 0.0}",same-panel seed variability; no CI or independence claim
stage_a_uci_v2,tent,parameters_optimizer_aux,0,ba,uci_internal_fixed,nll_change,3,0.0003521862053997224,0.0015015804925641255,"{""17"": -0.00022113557472566367, ""29"": 0.0020559640906235473, ""43"": -0.0007782698996987164}",same-panel seed variability; no CI or independence claim
stage_a_uci_v2,tent,parameters_optimizer_aux,0,ba,uci_internal_fixed,brier_change,3,1.1617522213218495e-05,0.00033703121963362564,"{""17"": -8.894862440140226e-05, ""29"": 0.0003874845027150402, ""43"": -0.00026368331167398243}",same-panel seed variability; no CI or independence claim
stage_a_uci_v2,tent,parameters_optimizer_aux,0,ba,uci_internal_fixed,ece15_change,3,-0.00024837990761197105,0.0005911031998068329,"{""17"": -0.000929433221129556, ""29"": 0.00013123358749319095, ""43"": 5.305991080045182e-05}",same-panel seed variability; no CI or independence claim
stage_a_uci_v2,tent,parameters_optimizer_aux,4,ab,uci_internal_fixed,accuracy_change,3,0.0003255208333333333,0.000563818622255494,"{""17"": 0.0009765625, ""29"": 0.0, ""43"": 0.0}",same-panel seed variability; no CI or independence claim
stage_a_uci_v2,tent,parameters_optimizer_aux,4,ab,uci_internal_fixed,error_change,3,-0.0003255208333333333,0.000563818622255494,"{""17"": -0.0009765625, ""29"": 0.0, ""43"": 0.0}",same-panel seed variability; no CI or independence claim
stage_a_uci_v2,tent,parameters_optimizer_aux,4,ab,uci_internal_fixed,nll_change,3,0.0003521862053997224,0.0015015804925641255,"{""17"": -0.00022113557472566367, ""29"": 0.0020559640906235473, ""43"": -0.0007782698996987164}",same-panel seed variability; no CI or independence claim
stage_a_uci_v2,tent,parameters_optimizer_aux,4,ab,uci_internal_fixed,brier_change,3,1.1617522213218495e-05,0.00033703121963362564,"{""17"": -8.894862440140226e-05, ""29"": 0.0003874845027150402, ""43"": -0.00026368331167398243}",same-panel seed variability; no CI or independence claim
stage_a_uci_v2,tent,parameters_optimizer_aux,4,ab,uci_internal_fixed,ece15_change,3,-0.00024837990761197105,0.0005911031998068329,"{""17"": -0.000929433221129556, ""29"": 0.00013123358749319095, ""43"": 5.305991080045182e-05}",same-panel seed variability; no CI or independence claim
stage_a_uci_v2,tent,parameters_optimizer_aux,4,ba,uci_internal_fixed,accuracy_change,3,0.0003255208333333333,0.000563818622255494,"{""17"": 0.0009765625, ""29"": 0.0, ""43"": 0.0}",same-panel seed variability; no CI or independence claim
stage_a_uci_v2,tent,parameters_optimizer_aux,4,ba,uci_internal_fixed,error_change,3,-0.0003255208333333333,0.000563818622255494,"{""17"": -0.0009765625, ""29"": 0.0, ""43"": 0.0}",same-panel seed variability; no CI or independence claim
stage_a_uci_v2,tent,parameters_optimizer_aux,4,ba,uci_internal_fixed,nll_change,3,0.0003521862053997224,0.0015015804925641255,"{""17"": -0.00022113557472566367, ""29"": 0.0020559640906235473, ""43"": -0.0007782698996987164}",same-panel seed variability; no CI or independence claim
stage_a_uci_v2,tent,parameters_optimizer_aux,4,ba,uci_internal_fixed,brier_change,3,1.1617522213218495e-05,0.00033703121963362564,"{""17"": -8.894862440140226e-05, ""29"": 0.0003874845027150402, ""43"": -0.00026368331167398243}",same-panel seed variability; no CI or independence claim
stage_a_uci_v2,tent,parameters_optimizer_aux,4,ba,uci_internal_fixed,ece15_change,3,-0.00024837990761197105,0.0005911031998068329,"{""17"": -0.000929433221129556, ""29"": 0.00013123358749319095, ""43"": 5.305991080045182e-05}",same-panel seed variability; no CI or independence claim
