experiment_id,method,intervention,washout_batches,direction,panel_id,metric,n_seeds,mean,seed_sd_descriptive,individual_seeds,scope
stage_a_uci_v2,norm,all,0,ab,uci_internal_fixed,accuracy,3,0.861328125,0.01824369305885684,"{""17"": 0.8583984375, ""29"": 0.8447265625, ""43"": 0.880859375}",same-panel seed variability; no CI or independence claim
stage_a_uci_v2,norm,all,0,ab,uci_internal_fixed,nll,3,0.51379354555466,0.11256224553420208,"{""17"": 0.5040305544153383, ""29"": 0.6309192931941356, ""43"": 0.4064307890545059}",same-panel seed variability; no CI or independence claim
stage_a_uci_v2,norm,all,0,ab,uci_internal_fixed,brier,3,0.21413016188688805,0.03232748370196665,"{""17"": 0.2166566601112965, ""29"": 0.2451202662056445, ""43"": 0.18061355934372308}",same-panel seed variability; no CI or independence claim
stage_a_uci_v2,norm,all,0,ab,uci_internal_fixed,ece15,3,0.07924768291116553,0.015415265423870686,"{""17"": 0.08152206528958006, ""29"": 0.09339940262777335, ""43"": 0.0628215808161432}",same-panel seed variability; no CI or independence claim
stage_a_uci_v2,norm,all,0,ab,uci_internal_fixed,seconds,3,0.059480566664812266,0.014539467583002421,"{""17"": 0.05302849999861785, ""29"": 0.07612949999747795, ""43"": 0.049283699998341}",same-panel seed variability; no CI or independence claim
stage_a_uci_v2,norm,all,0,ab,uci_internal_fixed,updates,3,0.0,0.0,"{""17"": 0.0, ""29"": 0.0, ""43"": 0.0}",same-panel seed variability; no CI or independence claim
stage_a_uci_v2,norm,all,0,ab,uci_internal_fixed,skipped,3,0.0,0.0,"{""17"": 0.0, ""29"": 0.0, ""43"": 0.0}",same-panel seed variability; no CI or independence claim
stage_a_uci_v2,norm,all,0,ab,uci_internal_fixed,recoveries,3,0.0,0.0,"{""17"": 0.0, ""29"": 0.0, ""43"": 0.0}",same-panel seed variability; no CI or independence claim
stage_a_uci_v2,norm,all,0,ba,uci_internal_fixed,accuracy,3,0.861328125,0.01824369305885684,"{""17"": 0.8583984375, ""29"": 0.8447265625, ""43"": 0.880859375}",same-panel seed variability; no CI or independence claim
stage_a_uci_v2,norm,all,0,ba,uci_internal_fixed,nll,3,0.51379354555466,0.11256224553420208,"{""17"": 0.5040305544153383, ""29"": 0.6309192931941356, ""43"": 0.4064307890545059}",same-panel seed variability; no CI or independence claim
stage_a_uci_v2,norm,all,0,ba,uci_internal_fixed,brier,3,0.21413016188688805,0.03232748370196665,"{""17"": 0.2166566601112965, ""29"": 0.2451202662056445, ""43"": 0.18061355934372308}",same-panel seed variability; no CI or independence claim
stage_a_uci_v2,norm,all,0,ba,uci_internal_fixed,ece15,3,0.07924768291116553,0.015415265423870686,"{""17"": 0.08152206528958006, ""29"": 0.09339940262777335, ""43"": 0.0628215808161432}",same-panel seed variability; no CI or independence claim
stage_a_uci_v2,norm,all,0,ba,uci_internal_fixed,seconds,3,0.05860381666813428,0.014587369047733945,"{""17"": 0.0503061999988858, ""29"": 0.07544725000479949, ""43"": 0.05005800000071755}",same-panel seed variability; no CI or independence claim
stage_a_uci_v2,norm,all,0,ba,uci_internal_fixed,updates,3,0.0,0.0,"{""17"": 0.0, ""29"": 0.0, ""43"": 0.0}",same-panel seed variability; no CI or independence claim
stage_a_uci_v2,norm,all,0,ba,uci_internal_fixed,skipped,3,0.0,0.0,"{""17"": 0.0, ""29"": 0.0, ""43"": 0.0}",same-panel seed variability; no CI or independence claim
stage_a_uci_v2,norm,all,0,ba,uci_internal_fixed,recoveries,3,0.0,0.0,"{""17"": 0.0, ""29"": 0.0, ""43"": 0.0}",same-panel seed variability; no CI or independence claim
stage_a_uci_v2,norm,all,4,ab,uci_internal_fixed,accuracy,3,0.861328125,0.01824369305885684,"{""17"": 0.8583984375, ""29"": 0.8447265625, ""43"": 0.880859375}",same-panel seed variability; no CI or independence claim
stage_a_uci_v2,norm,all,4,ab,uci_internal_fixed,nll,3,0.51379354555466,0.11256224553420208,"{""17"": 0.5040305544153383, ""29"": 0.6309192931941356, ""43"": 0.4064307890545059}",same-panel seed variability; no CI or independence claim
stage_a_uci_v2,norm,all,4,ab,uci_internal_fixed,brier,3,0.21413016188688805,0.03232748370196665,"{""17"": 0.2166566601112965, ""29"": 0.2451202662056445, ""43"": 0.18061355934372308}",same-panel seed variability; no CI or independence claim
stage_a_uci_v2,norm,all,4,ab,uci_internal_fixed,ece15,3,0.07924768291116553,0.015415265423870686,"{""17"": 0.08152206528958006, ""29"": 0.09339940262777335, ""43"": 0.0628215808161432}",same-panel seed variability; no CI or independence claim
stage_a_uci_v2,norm,all,4,ab,uci_internal_fixed,seconds,3,0.06366720000126706,0.011918568830253239,"{""17"": 0.07110039999679425, ""29"": 0.0699812000020756, ""43"": 0.04992000000493135}",same-panel seed variability; no CI or independence claim
stage_a_uci_v2,norm,all,4,ab,uci_internal_fixed,updates,3,0.0,0.0,"{""17"": 0.0, ""29"": 0.0, ""43"": 0.0}",same-panel seed variability; no CI or independence claim
stage_a_uci_v2,norm,all,4,ab,uci_internal_fixed,skipped,3,0.0,0.0,"{""17"": 0.0, ""29"": 0.0, ""43"": 0.0}",same-panel seed variability; no CI or independence claim
stage_a_uci_v2,norm,all,4,ab,uci_internal_fixed,recoveries,3,0.0,0.0,"{""17"": 0.0, ""29"": 0.0, ""43"": 0.0}",same-panel seed variability; no CI or independence claim
stage_a_uci_v2,norm,all,4,ba,uci_internal_fixed,accuracy,3,0.861328125,0.01824369305885684,"{""17"": 0.8583984375, ""29"": 0.8447265625, ""43"": 0.880859375}",same-panel seed variability; no CI or independence claim
stage_a_uci_v2,norm,all,4,ba,uci_internal_fixed,nll,3,0.51379354555466,0.11256224553420208,"{""17"": 0.5040305544153383, ""29"": 0.6309192931941356, ""43"": 0.4064307890545059}",same-panel seed variability; no CI or independence claim
stage_a_uci_v2,norm,all,4,ba,uci_internal_fixed,brier,3,0.21413016188688805,0.03232748370196665,"{""17"": 0.2166566601112965, ""29"": 0.2451202662056445, ""43"": 0.18061355934372308}",same-panel seed variability; no CI or independence claim
stage_a_uci_v2,norm,all,4,ba,uci_internal_fixed,ece15,3,0.07924768291116553,0.015415265423870686,"{""17"": 0.08152206528958006, ""29"": 0.09339940262777335, ""43"": 0.0628215808161432}",same-panel seed variability; no CI or independence claim
stage_a_uci_v2,norm,all,4,ba,uci_internal_fixed,seconds,3,0.06602003333440125,0.01934366498640007,"{""17"": 0.06515564999426715, ""29"": 0.0857814000046346, ""43"": 0.047123050004302}",same-panel seed variability; no CI or independence claim
stage_a_uci_v2,norm,all,4,ba,uci_internal_fixed,updates,3,0.0,0.0,"{""17"": 0.0, ""29"": 0.0, ""43"": 0.0}",same-panel seed variability; no CI or independence claim
stage_a_uci_v2,norm,all,4,ba,uci_internal_fixed,skipped,3,0.0,0.0,"{""17"": 0.0, ""29"": 0.0, ""43"": 0.0}",same-panel seed variability; no CI or independence claim
stage_a_uci_v2,norm,all,4,ba,uci_internal_fixed,recoveries,3,0.0,0.0,"{""17"": 0.0, ""29"": 0.0, ""43"": 0.0}",same-panel seed variability; no CI or independence claim
stage_a_uci_v2,norm,none,0,ab,uci_internal_fixed,accuracy,3,0.861328125,0.01824369305885684,"{""17"": 0.8583984375, ""29"": 0.8447265625, ""43"": 0.880859375}",same-panel seed variability; no CI or independence claim
stage_a_uci_v2,norm,none,0,ab,uci_internal_fixed,nll,3,0.51379354555466,0.11256224553420208,"{""17"": 0.5040305544153383, ""29"": 0.6309192931941356, ""43"": 0.4064307890545059}",same-panel seed variability; no CI or independence claim
stage_a_uci_v2,norm,none,0,ab,uci_internal_fixed,brier,3,0.21413016188688805,0.03232748370196665,"{""17"": 0.2166566601112965, ""29"": 0.2451202662056445, ""43"": 0.18061355934372308}",same-panel seed variability; no CI or independence claim
stage_a_uci_v2,norm,none,0,ab,uci_internal_fixed,ece15,3,0.07924768291116553,0.015415265423870686,"{""17"": 0.08152206528958006, ""29"": 0.09339940262777335, ""43"": 0.0628215808161432}",same-panel seed variability; no CI or independence claim
stage_a_uci_v2,norm,none,0,ab,uci_internal_fixed,seconds,3,0.06094839999665657,0.013272186316699052,"{""17"": 0.0553335999939008, ""29"": 0.07610514999396395, ""43"": 0.05140645000210495}",same-panel seed variability; no CI or independence claim
stage_a_uci_v2,norm,none,0,ab,uci_internal_fixed,updates,3,0.0,0.0,"{""17"": 0.0, ""29"": 0.0, ""43"": 0.0}",same-panel seed variability; no CI or independence claim
stage_a_uci_v2,norm,none,0,ab,uci_internal_fixed,skipped,3,0.0,0.0,"{""17"": 0.0, ""29"": 0.0, ""43"": 0.0}",same-panel seed variability; no CI or independence claim
stage_a_uci_v2,norm,none,0,ab,uci_internal_fixed,recoveries,3,0.0,0.0,"{""17"": 0.0, ""29"": 0.0, ""43"": 0.0}",same-panel seed variability; no CI or independence claim
stage_a_uci_v2,norm,none,0,ba,uci_internal_fixed,accuracy,3,0.861328125,0.01824369305885684,"{""17"": 0.8583984375, ""29"": 0.8447265625, ""43"": 0.880859375}",same-panel seed variability; no CI or independence claim
stage_a_uci_v2,norm,none,0,ba,uci_internal_fixed,nll,3,0.51379354555466,0.11256224553420208,"{""17"": 0.5040305544153383, ""29"": 0.6309192931941356, ""43"": 0.4064307890545059}",same-panel seed variability; no CI or independence claim
stage_a_uci_v2,norm,none,0,ba,uci_internal_fixed,brier,3,0.21413016188688805,0.03232748370196665,"{""17"": 0.2166566601112965, ""29"": 0.2451202662056445, ""43"": 0.18061355934372308}",same-panel seed variability; no CI or independence claim
stage_a_uci_v2,norm,none,0,ba,uci_internal_fixed,ece15,3,0.07924768291116553,0.015415265423870686,"{""17"": 0.08152206528958006, ""29"": 0.09339940262777335, ""43"": 0.0628215808161432}",same-panel seed variability; no CI or independence claim
stage_a_uci_v2,norm,none,0,ba,uci_internal_fixed,seconds,3,0.06078448333573757,0.014376059189536803,"{""17"": 0.05510035000042985, ""29"": 0.0771335500030545, ""43"": 0.05011955000372835}",same-panel seed variability; no CI or independence claim
stage_a_uci_v2,norm,none,0,ba,uci_internal_fixed,updates,3,0.0,0.0,"{""17"": 0.0, ""29"": 0.0, ""43"": 0.0}",same-panel seed variability; no CI or independence claim
stage_a_uci_v2,norm,none,0,ba,uci_internal_fixed,skipped,3,0.0,0.0,"{""17"": 0.0, ""29"": 0.0, ""43"": 0.0}",same-panel seed variability; no CI or independence claim
stage_a_uci_v2,norm,none,0,ba,uci_internal_fixed,recoveries,3,0.0,0.0,"{""17"": 0.0, ""29"": 0.0, ""43"": 0.0}",same-panel seed variability; no CI or independence claim
stage_a_uci_v2,norm,none,4,ab,uci_internal_fixed,accuracy,3,0.861328125,0.01824369305885684,"{""17"": 0.8583984375, ""29"": 0.8447265625, ""43"": 0.880859375}",same-panel seed variability; no CI or independence claim
stage_a_uci_v2,norm,none,4,ab,uci_internal_fixed,nll,3,0.51379354555466,0.11256224553420208,"{""17"": 0.5040305544153383, ""29"": 0.6309192931941356, ""43"": 0.4064307890545059}",same-panel seed variability; no CI or independence claim
stage_a_uci_v2,norm,none,4,ab,uci_internal_fixed,brier,3,0.21413016188688805,0.03232748370196665,"{""17"": 0.2166566601112965, ""29"": 0.2451202662056445, ""43"": 0.18061355934372308}",same-panel seed variability; no CI or independence claim
stage_a_uci_v2,norm,none,4,ab,uci_internal_fixed,ece15,3,0.07924768291116553,0.015415265423870686,"{""17"": 0.08152206528958006, ""29"": 0.09339940262777335, ""43"": 0.0628215808161432}",same-panel seed variability; no CI or independence claim
stage_a_uci_v2,norm,none,4,ab,uci_internal_fixed,seconds,3,0.060616650000156314,0.00982480977519786,"{""17"": 0.05452570000488775, ""29"": 0.0719507999965571, ""43"": 0.0553734499990241}",same-panel seed variability; no CI or independence claim
stage_a_uci_v2,norm,none,4,ab,uci_internal_fixed,updates,3,0.0,0.0,"{""17"": 0.0, ""29"": 0.0, ""43"": 0.0}",same-panel seed variability; no CI or independence claim
stage_a_uci_v2,norm,none,4,ab,uci_internal_fixed,skipped,3,0.0,0.0,"{""17"": 0.0, ""29"": 0.0, ""43"": 0.0}",same-panel seed variability; no CI or independence claim
stage_a_uci_v2,norm,none,4,ab,uci_internal_fixed,recoveries,3,0.0,0.0,"{""17"": 0.0, ""29"": 0.0, ""43"": 0.0}",same-panel seed variability; no CI or independence claim
stage_a_uci_v2,norm,none,4,ba,uci_internal_fixed,accuracy,3,0.861328125,0.01824369305885684,"{""17"": 0.8583984375, ""29"": 0.8447265625, ""43"": 0.880859375}",same-panel seed variability; no CI or independence claim
stage_a_uci_v2,norm,none,4,ba,uci_internal_fixed,nll,3,0.51379354555466,0.11256224553420208,"{""17"": 0.5040305544153383, ""29"": 0.6309192931941356, ""43"": 0.4064307890545059}",same-panel seed variability; no CI or independence claim
stage_a_uci_v2,norm,none,4,ba,uci_internal_fixed,brier,3,0.21413016188688805,0.03232748370196665,"{""17"": 0.2166566601112965, ""29"": 0.2451202662056445, ""43"": 0.18061355934372308}",same-panel seed variability; no CI or independence claim
stage_a_uci_v2,norm,none,4,ba,uci_internal_fixed,ece15,3,0.07924768291116553,0.015415265423870686,"{""17"": 0.08152206528958006, ""29"": 0.09339940262777335, ""43"": 0.0628215808161432}",same-panel seed variability; no CI or independence claim
stage_a_uci_v2,norm,none,4,ba,uci_internal_fixed,seconds,3,0.06098098332828761,0.012825709886194908,"{""17"": 0.0669201999917277, ""29"": 0.0697605499954079, ""43"": 0.04626219999772725}",same-panel seed variability; no CI or independence claim
stage_a_uci_v2,norm,none,4,ba,uci_internal_fixed,updates,3,0.0,0.0,"{""17"": 0.0, ""29"": 0.0, ""43"": 0.0}",same-panel seed variability; no CI or independence claim
stage_a_uci_v2,norm,none,4,ba,uci_internal_fixed,skipped,3,0.0,0.0,"{""17"": 0.0, ""29"": 0.0, ""43"": 0.0}",same-panel seed variability; no CI or independence claim
stage_a_uci_v2,norm,none,4,ba,uci_internal_fixed,recoveries,3,0.0,0.0,"{""17"": 0.0, ""29"": 0.0, ""43"": 0.0}",same-panel seed variability; no CI or independence claim
stage_a_uci_v2,sar_complete,all,0,ab,uci_internal_fixed,accuracy,3,0.8616536458333334,0.01817386048464565,"{""17"": 0.859375, ""29"": 0.8447265625, ""43"": 0.880859375}",same-panel seed variability; no CI or independence claim
stage_a_uci_v2,sar_complete,all,0,ab,uci_internal_fixed,nll,3,0.5136921476014341,0.11348556001492818,"{""17"": 0.5037000013167998, ""29"": 0.6318433801107537, ""43"": 0.4055330613767488}",same-panel seed variability; no CI or independence claim
stage_a_uci_v2,sar_complete,all,0,ab,uci_internal_fixed,brier,3,0.21403785842504322,0.03254013011244238,"{""17"": 0.21654437269545612, ""29"": 0.2452522483772659, ""43"": 0.18031695420240773}",same-panel seed variability; no CI or independence claim
stage_a_uci_v2,sar_complete,all,0,ab,uci_internal_fixed,ece15,3,0.07898169428309054,0.015369733821777788,"{""17"": 0.08057571605142086, ""29"": 0.0934922971484249, ""43"": 0.06287706964942585}",same-panel seed variability; no CI or independence claim
stage_a_uci_v2,sar_complete,all,0,ab,uci_internal_fixed,seconds,3,0.2218297833339117,0.012739011660340856,"{""17"": 0.21075705000112066, ""29"": 0.23575235000316752, ""43"": 0.21897994999744697}",same-panel seed variability; no CI or independence claim
stage_a_uci_v2,sar_complete,all,0,ab,uci_internal_fixed,updates,3,16.0,0.0,"{""17"": 16.0, ""29"": 16.0, ""43"": 16.0}",same-panel seed variability; no CI or independence claim
stage_a_uci_v2,sar_complete,all,0,ab,uci_internal_fixed,skipped,3,0.0,0.0,"{""17"": 0.0, ""29"": 0.0, ""43"": 0.0}",same-panel seed variability; no CI or independence claim
stage_a_uci_v2,sar_complete,all,0,ab,uci_internal_fixed,recoveries,3,8.5,0.5,"{""17"": 9.0, ""29"": 8.5, ""43"": 8.0}",same-panel seed variability; no CI or independence claim
stage_a_uci_v2,sar_complete,all,0,ba,uci_internal_fixed,accuracy,3,0.8616536458333334,0.01817386048464565,"{""17"": 0.859375, ""29"": 0.8447265625, ""43"": 0.880859375}",same-panel seed variability; no CI or independence claim
stage_a_uci_v2,sar_complete,all,0,ba,uci_internal_fixed,nll,3,0.5136921476014341,0.11348556001492818,"{""17"": 0.5037000013167998, ""29"": 0.6318433801107537, ""43"": 0.4055330613767488}",same-panel seed variability; no CI or independence claim
stage_a_uci_v2,sar_complete,all,0,ba,uci_internal_fixed,brier,3,0.21403785842504322,0.03254013011244238,"{""17"": 0.21654437269545612, ""29"": 0.2452522483772659, ""43"": 0.18031695420240773}",same-panel seed variability; no CI or independence claim
stage_a_uci_v2,sar_complete,all,0,ba,uci_internal_fixed,ece15,3,0.07898169428309054,0.015369733821777788,"{""17"": 0.08057571605142086, ""29"": 0.0934922971484249, ""43"": 0.06287706964942585}",same-panel seed variability; no CI or independence claim
stage_a_uci_v2,sar_complete,all,0,ba,uci_internal_fixed,seconds,3,0.2198806333326501,0.01588289745873176,"{""17"": 0.2276359499956015, ""29"": 0.2016100000037113, ""43"": 0.2303959499986376}",same-panel seed variability; no CI or independence claim
stage_a_uci_v2,sar_complete,all,0,ba,uci_internal_fixed,updates,3,16.0,0.0,"{""17"": 16.0, ""29"": 16.0, ""43"": 16.0}",same-panel seed variability; no CI or independence claim
stage_a_uci_v2,sar_complete,all,0,ba,uci_internal_fixed,skipped,3,0.0,0.0,"{""17"": 0.0, ""29"": 0.0, ""43"": 0.0}",same-panel seed variability; no CI or independence claim
stage_a_uci_v2,sar_complete,all,0,ba,uci_internal_fixed,recoveries,3,8.5,0.5,"{""17"": 9.0, ""29"": 8.5, ""43"": 8.0}",same-panel seed variability; no CI or independence claim
stage_a_uci_v2,sar_complete,all,4,ab,uci_internal_fixed,accuracy,3,0.8616536458333334,0.01817386048464565,"{""17"": 0.859375, ""29"": 0.8447265625, ""43"": 0.880859375}",same-panel seed variability; no CI or independence claim
stage_a_uci_v2,sar_complete,all,4,ab,uci_internal_fixed,nll,3,0.5136921476014341,0.11348556001492818,"{""17"": 0.5037000013167998, ""29"": 0.6318433801107537, ""43"": 0.4055330613767488}",same-panel seed variability; no CI or independence claim
stage_a_uci_v2,sar_complete,all,4,ab,uci_internal_fixed,brier,3,0.21403785842504322,0.03254013011244238,"{""17"": 0.21654437269545612, ""29"": 0.2452522483772659, ""43"": 0.18031695420240773}",same-panel seed variability; no CI or independence claim
stage_a_uci_v2,sar_complete,all,4,ab,uci_internal_fixed,ece15,3,0.07898169428309054,0.015369733821777788,"{""17"": 0.08057571605142086, ""29"": 0.0934922971484249, ""43"": 0.06287706964942585}",same-panel seed variability; no CI or independence claim
stage_a_uci_v2,sar_complete,all,4,ab,uci_internal_fixed,seconds,3,0.207379633335222,0.020224160444240996,"{""17"": 0.223784900001192, ""29"": 0.1847837000022991, ""43"": 0.2135703000021749}",same-panel seed variability; no CI or independence claim
stage_a_uci_v2,sar_complete,all,4,ab,uci_internal_fixed,updates,3,16.0,0.0,"{""17"": 16.0, ""29"": 16.0, ""43"": 16.0}",same-panel seed variability; no CI or independence claim
stage_a_uci_v2,sar_complete,all,4,ab,uci_internal_fixed,skipped,3,0.0,0.0,"{""17"": 0.0, ""29"": 0.0, ""43"": 0.0}",same-panel seed variability; no CI or independence claim
stage_a_uci_v2,sar_complete,all,4,ab,uci_internal_fixed,recoveries,3,8.5,0.5,"{""17"": 9.0, ""29"": 8.5, ""43"": 8.0}",same-panel seed variability; no CI or independence claim
stage_a_uci_v2,sar_complete,all,4,ba,uci_internal_fixed,accuracy,3,0.8616536458333334,0.01817386048464565,"{""17"": 0.859375, ""29"": 0.8447265625, ""43"": 0.880859375}",same-panel seed variability; no CI or independence claim
stage_a_uci_v2,sar_complete,all,4,ba,uci_internal_fixed,nll,3,0.5136921476014341,0.11348556001492818,"{""17"": 0.5037000013167998, ""29"": 0.6318433801107537, ""43"": 0.4055330613767488}",same-panel seed variability; no CI or independence claim
stage_a_uci_v2,sar_complete,all,4,ba,uci_internal_fixed,brier,3,0.21403785842504322,0.03254013011244238,"{""17"": 0.21654437269545612, ""29"": 0.2452522483772659, ""43"": 0.18031695420240773}",same-panel seed variability; no CI or independence claim
stage_a_uci_v2,sar_complete,all,4,ba,uci_internal_fixed,ece15,3,0.07898169428309054,0.015369733821777788,"{""17"": 0.08057571605142086, ""29"": 0.0934922971484249, ""43"": 0.06287706964942585}",same-panel seed variability; no CI or independence claim
stage_a_uci_v2,sar_complete,all,4,ba,uci_internal_fixed,seconds,3,0.1996967833353361,0.026344803775315125,"{""17"": 0.2173579500013147, ""29"": 0.21231640000041804, ""43"": 0.16941600000427565}",same-panel seed variability; no CI or independence claim
stage_a_uci_v2,sar_complete,all,4,ba,uci_internal_fixed,updates,3,16.0,0.0,"{""17"": 16.0, ""29"": 16.0, ""43"": 16.0}",same-panel seed variability; no CI or independence claim
stage_a_uci_v2,sar_complete,all,4,ba,uci_internal_fixed,skipped,3,0.0,0.0,"{""17"": 0.0, ""29"": 0.0, ""43"": 0.0}",same-panel seed variability; no CI or independence claim
stage_a_uci_v2,sar_complete,all,4,ba,uci_internal_fixed,recoveries,3,8.5,0.5,"{""17"": 9.0, ""29"": 8.5, ""43"": 8.0}",same-panel seed variability; no CI or independence claim
stage_a_uci_v2,sar_complete,aux,0,ab,uci_internal_fixed,accuracy,3,0.8616536458333334,0.01817386048464565,"{""17"": 0.859375, ""29"": 0.8447265625, ""43"": 0.880859375}",same-panel seed variability; no CI or independence claim
stage_a_uci_v2,sar_complete,aux,0,ab,uci_internal_fixed,nll,3,0.5136911208914686,0.11348653421121173,"{""17"": 0.503698549903575, ""29"": 0.6318435146653553, ""43"": 0.40553129810547567}",same-panel seed variability; no CI or independence claim
stage_a_uci_v2,sar_complete,aux,0,ab,uci_internal_fixed,brier,3,0.21403761550077616,0.03254025752149415,"{""17"": 0.21654373566293117, ""29"": 0.24525235301770004, ""43"": 0.1803167578216972}",same-panel seed variability; no CI or independence claim
stage_a_uci_v2,sar_complete,aux,0,ab,uci_internal_fixed,ece15,3,0.07898263321143657,0.015368890468412048,"{""17"": 0.08057687450120081, ""29"": 0.09349226239343, ""43"": 0.06287876273967889}",same-panel seed variability; no CI or independence claim
stage_a_uci_v2,sar_complete,aux,0,ab,uci_internal_fixed,seconds,3,0.2865196000008533,0.07998231175757699,"{""17"": 0.3775595999977667, ""29"": 0.2544517000060295, ""43"": 0.22754749999876367}",same-panel seed variability; no CI or independence claim
stage_a_uci_v2,sar_complete,aux,0,ab,uci_internal_fixed,updates,3,16.0,0.0,"{""17"": 16.0, ""29"": 16.0, ""43"": 16.0}",same-panel seed variability; no CI or independence claim
stage_a_uci_v2,sar_complete,aux,0,ab,uci_internal_fixed,skipped,3,0.0,0.0,"{""17"": 0.0, ""29"": 0.0, ""43"": 0.0}",same-panel seed variability; no CI or independence claim
stage_a_uci_v2,sar_complete,aux,0,ab,uci_internal_fixed,recoveries,3,8.5,0.5,"{""17"": 9.0, ""29"": 8.5, ""43"": 8.0}",same-panel seed variability; no CI or independence claim
stage_a_uci_v2,sar_complete,aux,0,ba,uci_internal_fixed,accuracy,3,0.8616536458333334,0.01817386048464565,"{""17"": 0.859375, ""29"": 0.8447265625, ""43"": 0.880859375}",same-panel seed variability; no CI or independence claim
stage_a_uci_v2,sar_complete,aux,0,ba,uci_internal_fixed,nll,3,0.5136918991569657,0.11348562773326668,"{""17"": 0.503699288810314, ""29"": 0.6318434008784773, ""43"": 0.40553300778210555}",same-panel seed variability; no CI or independence claim
stage_a_uci_v2,sar_complete,aux,0,ba,uci_internal_fixed,brier,3,0.21403775275629702,0.03254012969624258,"{""17"": 0.2165440424039253, ""29"": 0.2452522676079189, ""43"": 0.18031694825704694}",same-panel seed variability; no CI or independence claim
stage_a_uci_v2,sar_complete,aux,0,ba,uci_internal_fixed,ece15,3,0.07898188026443755,0.01536971226834805,"{""17"": 0.08057627214565251, ""29"": 0.09349224752339405, ""43"": 0.06287712112426609}",same-panel seed variability; no CI or independence claim
stage_a_uci_v2,sar_complete,aux,0,ba,uci_internal_fixed,seconds,3,0.21630903333182983,0.042982337040493285,"{""17"": 0.25623359999735834, ""29"": 0.22188109999842703, ""43"": 0.17081239999970416}",same-panel seed variability; no CI or independence claim
stage_a_uci_v2,sar_complete,aux,0,ba,uci_internal_fixed,updates,3,16.0,0.0,"{""17"": 16.0, ""29"": 16.0, ""43"": 16.0}",same-panel seed variability; no CI or independence claim
stage_a_uci_v2,sar_complete,aux,0,ba,uci_internal_fixed,skipped,3,0.0,0.0,"{""17"": 0.0, ""29"": 0.0, ""43"": 0.0}",same-panel seed variability; no CI or independence claim
stage_a_uci_v2,sar_complete,aux,0,ba,uci_internal_fixed,recoveries,3,8.5,0.5,"{""17"": 9.0, ""29"": 8.5, ""43"": 8.0}",same-panel seed variability; no CI or independence claim
stage_a_uci_v2,sar_complete,aux,4,ab,uci_internal_fixed,accuracy,3,0.8616536458333334,0.01817386048464565,"{""17"": 0.859375, ""29"": 0.8447265625, ""43"": 0.880859375}",same-panel seed variability; no CI or independence claim
stage_a_uci_v2,sar_complete,aux,4,ab,uci_internal_fixed,nll,3,0.5136921476014341,0.11348556001492818,"{""17"": 0.5037000013167998, ""29"": 0.6318433801107537, ""43"": 0.4055330613767488}",same-panel seed variability; no CI or independence claim
stage_a_uci_v2,sar_complete,aux,4,ab,uci_internal_fixed,brier,3,0.21403785842504322,0.03254013011244238,"{""17"": 0.21654437269545612, ""29"": 0.2452522483772659, ""43"": 0.18031695420240773}",same-panel seed variability; no CI or independence claim
stage_a_uci_v2,sar_complete,aux,4,ab,uci_internal_fixed,ece15,3,0.07898169428309054,0.015369733821777788,"{""17"": 0.08057571605142086, ""29"": 0.0934922971484249, ""43"": 0.06287706964942585}",same-panel seed variability; no CI or independence claim
stage_a_uci_v2,sar_complete,aux,4,ab,uci_internal_fixed,seconds,3,0.2087808000020838,0.016041355880941462,"{""17"": 0.21777950000250712, ""29"": 0.19026030000532046, ""43"": 0.21830259999842383}",same-panel seed variability; no CI or independence claim
stage_a_uci_v2,sar_complete,aux,4,ab,uci_internal_fixed,updates,3,16.0,0.0,"{""17"": 16.0, ""29"": 16.0, ""43"": 16.0}",same-panel seed variability; no CI or independence claim
stage_a_uci_v2,sar_complete,aux,4,ab,uci_internal_fixed,skipped,3,0.0,0.0,"{""17"": 0.0, ""29"": 0.0, ""43"": 0.0}",same-panel seed variability; no CI or independence claim
stage_a_uci_v2,sar_complete,aux,4,ab,uci_internal_fixed,recoveries,3,8.5,0.5,"{""17"": 9.0, ""29"": 8.5, ""43"": 8.0}",same-panel seed variability; no CI or independence claim
stage_a_uci_v2,sar_complete,aux,4,ba,uci_internal_fixed,accuracy,3,0.8616536458333334,0.01817386048464565,"{""17"": 0.859375, ""29"": 0.8447265625, ""43"": 0.880859375}",same-panel seed variability; no CI or independence claim
stage_a_uci_v2,sar_complete,aux,4,ba,uci_internal_fixed,nll,3,0.5136921476014341,0.11348556001492818,"{""17"": 0.5037000013167998, ""29"": 0.6318433801107537, ""43"": 0.4055330613767488}",same-panel seed variability; no CI or independence claim
stage_a_uci_v2,sar_complete,aux,4,ba,uci_internal_fixed,brier,3,0.21403785842504322,0.03254013011244238,"{""17"": 0.21654437269545612, ""29"": 0.2452522483772659, ""43"": 0.18031695420240773}",same-panel seed variability; no CI or independence claim
stage_a_uci_v2,sar_complete,aux,4,ba,uci_internal_fixed,ece15,3,0.07898169428309054,0.015369733821777788,"{""17"": 0.08057571605142086, ""29"": 0.0934922971484249, ""43"": 0.06287706964942585}",same-panel seed variability; no CI or independence claim
stage_a_uci_v2,sar_complete,aux,4,ba,uci_internal_fixed,seconds,3,0.23172958333210167,0.050490549244096676,"{""17"": 0.23075884999707336, ""29"": 0.18173139999998966, ""43"": 0.2826984999992419}",same-panel seed variability; no CI or independence claim
stage_a_uci_v2,sar_complete,aux,4,ba,uci_internal_fixed,updates,3,16.0,0.0,"{""17"": 16.0, ""29"": 16.0, ""43"": 16.0}",same-panel seed variability; no CI or independence claim
stage_a_uci_v2,sar_complete,aux,4,ba,uci_internal_fixed,skipped,3,0.0,0.0,"{""17"": 0.0, ""29"": 0.0, ""43"": 0.0}",same-panel seed variability; no CI or independence claim
stage_a_uci_v2,sar_complete,aux,4,ba,uci_internal_fixed,recoveries,3,8.5,0.5,"{""17"": 9.0, ""29"": 8.5, ""43"": 8.0}",same-panel seed variability; no CI or independence claim
stage_a_uci_v2,sar_complete,none,0,ab,uci_internal_fixed,accuracy,3,0.861328125,0.01824369305885684,"{""17"": 0.8583984375, ""29"": 0.8447265625, ""43"": 0.880859375}",same-panel seed variability; no CI or independence claim
stage_a_uci_v2,sar_complete,none,0,ab,uci_internal_fixed,nll,3,0.5138863357021054,0.11261965518390492,"{""17"": 0.5041910631568645, ""29"": 0.6310401962076096, ""43"": 0.40642774774184215}",same-panel seed variability; no CI or independence claim
stage_a_uci_v2,sar_complete,none,0,ab,uci_internal_fixed,brier,3,0.21414417125556526,0.03233716001207417,"{""17"": 0.21668658788135536, ""29"": 0.24513507703834234, ""43"": 0.18061084884699802}",same-panel seed variability; no CI or independence claim
stage_a_uci_v2,sar_complete,none,0,ab,uci_internal_fixed,ece15,3,0.07925299168666443,0.015418785223539169,"{""17"": 0.0815274040682121, ""29"": 0.0934082419371765, ""43"": 0.06282332905460469}",same-panel seed variability; no CI or independence claim
stage_a_uci_v2,sar_complete,none,0,ab,uci_internal_fixed,seconds,3,0.2002287333331575,0.03626212800128566,"{""17"": 0.1967870499938726, ""29"": 0.2380889999985811, ""43"": 0.1658101500070188}",same-panel seed variability; no CI or independence claim
stage_a_uci_v2,sar_complete,none,0,ab,uci_internal_fixed,updates,3,16.0,0.0,"{""17"": 16.0, ""29"": 16.0, ""43"": 16.0}",same-panel seed variability; no CI or independence claim
stage_a_uci_v2,sar_complete,none,0,ab,uci_internal_fixed,skipped,3,0.0,0.0,"{""17"": 0.0, ""29"": 0.0, ""43"": 0.0}",same-panel seed variability; no CI or independence claim
stage_a_uci_v2,sar_complete,none,0,ab,uci_internal_fixed,recoveries,3,12.833333333333334,1.1547005383792517,"{""17"": 11.5, ""29"": 13.5, ""43"": 13.5}",same-panel seed variability; no CI or independence claim
stage_a_uci_v2,sar_complete,none,0,ba,uci_internal_fixed,accuracy,3,0.861328125,0.01824369305885684,"{""17"": 0.8583984375, ""29"": 0.8447265625, ""43"": 0.880859375}",same-panel seed variability; no CI or independence claim
stage_a_uci_v2,sar_complete,none,0,ba,uci_internal_fixed,nll,3,0.5138358542693373,0.11262819013593929,"{""17"": 0.5040330793542003, ""29"": 0.6310450260353394, ""43"": 0.40642945741847203}",same-panel seed variability; no CI or independence claim
stage_a_uci_v2,sar_complete,none,0,ba,uci_internal_fixed,brier,3,0.21413102141123852,0.032335929620591196,"{""17"": 0.21664599780433452, ""29"": 0.2451360271470333, ""43"": 0.18061103928234776}",same-panel seed variability; no CI or independence claim
stage_a_uci_v2,sar_complete,none,0,ba,uci_internal_fixed,ece15,3,0.07925312705367979,0.015419639874280931,"{""17"": 0.08152989594354004, ""29"": 0.09340779777830745, ""43"": 0.06282168743919189}",same-panel seed variability; no CI or independence claim
stage_a_uci_v2,sar_complete,none,0,ba,uci_internal_fixed,seconds,3,0.20867161666925915,0.033343913389977796,"{""17"": 0.19875740000134096, ""29"": 0.24584825000056296, ""43"": 0.18140920000587354}",same-panel seed variability; no CI or independence claim
stage_a_uci_v2,sar_complete,none,0,ba,uci_internal_fixed,updates,3,16.0,0.0,"{""17"": 16.0, ""29"": 16.0, ""43"": 16.0}",same-panel seed variability; no CI or independence claim
stage_a_uci_v2,sar_complete,none,0,ba,uci_internal_fixed,skipped,3,0.0,0.0,"{""17"": 0.0, ""29"": 0.0, ""43"": 0.0}",same-panel seed variability; no CI or independence claim
stage_a_uci_v2,sar_complete,none,0,ba,uci_internal_fixed,recoveries,3,12.333333333333334,1.6072751268321592,"{""17"": 10.5, ""29"": 13.0, ""43"": 13.5}",same-panel seed variability; no CI or independence claim
stage_a_uci_v2,sar_complete,none,4,ab,uci_internal_fixed,accuracy,3,0.861328125,0.01824369305885684,"{""17"": 0.8583984375, ""29"": 0.8447265625, ""43"": 0.880859375}",same-panel seed variability; no CI or independence claim
stage_a_uci_v2,sar_complete,none,4,ab,uci_internal_fixed,nll,3,0.5141057965680674,0.11312321986760208,"{""17"": 0.5037641486303785, ""29"": 0.6320447481779414, ""43"": 0.4065084928958825}",same-panel seed variability; no CI or independence claim
stage_a_uci_v2,sar_complete,none,4,ab,uci_internal_fixed,brier,3,0.21417164845120007,0.032405771572171234,"{""17"": 0.21657729182921606, ""29"": 0.24530756036666548, ""43"": 0.1806300931577187}",same-panel seed variability; no CI or independence claim
stage_a_uci_v2,sar_complete,none,4,ab,uci_internal_fixed,ece15,3,0.07928688614591352,0.015457964726247463,"{""17"": 0.08153867859604605, ""29"": 0.0934954526290433, ""43"": 0.0628265272126512}",same-panel seed variability; no CI or independence claim
stage_a_uci_v2,sar_complete,none,4,ab,uci_internal_fixed,seconds,3,0.20549475000249603,0.012671389800399143,"{""17"": 0.2200679000015952, ""29"": 0.1993402500011143, ""43"": 0.19707610000477865}",same-panel seed variability; no CI or independence claim
stage_a_uci_v2,sar_complete,none,4,ab,uci_internal_fixed,updates,3,16.0,0.0,"{""17"": 16.0, ""29"": 16.0, ""43"": 16.0}",same-panel seed variability; no CI or independence claim
stage_a_uci_v2,sar_complete,none,4,ab,uci_internal_fixed,skipped,3,0.0,0.0,"{""17"": 0.0, ""29"": 0.0, ""43"": 0.0}",same-panel seed variability; no CI or independence claim
stage_a_uci_v2,sar_complete,none,4,ab,uci_internal_fixed,recoveries,3,10.166666666666666,1.2583057392117918,"{""17"": 10.0, ""29"": 9.0, ""43"": 11.5}",same-panel seed variability; no CI or independence claim
stage_a_uci_v2,sar_complete,none,4,ba,uci_internal_fixed,accuracy,3,0.8616536458333334,0.01817386048464565,"{""17"": 0.859375, ""29"": 0.8447265625, ""43"": 0.880859375}",same-panel seed variability; no CI or independence claim
stage_a_uci_v2,sar_complete,none,4,ba,uci_internal_fixed,nll,3,0.5141350032858428,0.11311922602074764,"{""17"": 0.5038517687837049, ""29"": 0.6320447481779414, ""43"": 0.4065084928958825}",same-panel seed variability; no CI or independence claim
stage_a_uci_v2,sar_complete,none,4,ba,uci_internal_fixed,brier,3,0.2141765961736135,0.03240632364207012,"{""17"": 0.21659213499645635, ""29"": 0.24530756036666548, ""43"": 0.1806300931577187}",same-panel seed variability; no CI or independence claim
stage_a_uci_v2,sar_complete,none,4,ba,uci_internal_fixed,ece15,3,0.07896337537981624,0.015397311902515646,"{""17"": 0.0805681462977542, ""29"": 0.0934954526290433, ""43"": 0.0628265272126512}",same-panel seed variability; no CI or independence claim
stage_a_uci_v2,sar_complete,none,4,ba,uci_internal_fixed,seconds,3,0.20517908333325366,0.004027965592896573,"{""17"": 0.2092369500023778, ""29"": 0.20118170000205282, ""43"": 0.2051185999953304}",same-panel seed variability; no CI or independence claim
stage_a_uci_v2,sar_complete,none,4,ba,uci_internal_fixed,updates,3,16.0,0.0,"{""17"": 16.0, ""29"": 16.0, ""43"": 16.0}",same-panel seed variability; no CI or independence claim
stage_a_uci_v2,sar_complete,none,4,ba,uci_internal_fixed,skipped,3,0.0,0.0,"{""17"": 0.0, ""29"": 0.0, ""43"": 0.0}",same-panel seed variability; no CI or independence claim
stage_a_uci_v2,sar_complete,none,4,ba,uci_internal_fixed,recoveries,3,10.0,1.3228756555322954,"{""17"": 9.5, ""29"": 9.0, ""43"": 11.5}",same-panel seed variability; no CI or independence claim
stage_a_uci_v2,sar_complete,optimizer,0,ab,uci_internal_fixed,accuracy,3,0.861328125,0.01824369305885684,"{""17"": 0.8583984375, ""29"": 0.8447265625, ""43"": 0.880859375}",same-panel seed variability; no CI or independence claim
stage_a_uci_v2,sar_complete,optimizer,0,ab,uci_internal_fixed,nll,3,0.5138863386224921,0.11261965480678689,"{""17"": 0.5041910719180245, ""29"": 0.6310401962076096, ""43"": 0.40642774774184215}",same-panel seed variability; no CI or independence claim
stage_a_uci_v2,sar_complete,optimizer,0,ab,uci_internal_fixed,brier,3,0.21414417126145927,0.03233716001276927,"{""17"": 0.21668658789903744, ""29"": 0.24513507703834234, ""43"": 0.18061084884699802}",same-panel seed variability; no CI or independence claim
stage_a_uci_v2,sar_complete,optimizer,0,ab,uci_internal_fixed,ece15,3,0.07925298877045095,0.015418784578287588,"{""17"": 0.08152739531957165, ""29"": 0.0934082419371765, ""43"": 0.06282332905460469}",same-panel seed variability; no CI or independence claim
stage_a_uci_v2,sar_complete,optimizer,0,ab,uci_internal_fixed,seconds,3,0.2259194000022641,0.042147723865109864,"{""17"": 0.22882580000441521, ""29"": 0.2665387000015471, ""43"": 0.18239370000082994}",same-panel seed variability; no CI or independence claim
stage_a_uci_v2,sar_complete,optimizer,0,ab,uci_internal_fixed,updates,3,16.0,0.0,"{""17"": 16.0, ""29"": 16.0, ""43"": 16.0}",same-panel seed variability; no CI or independence claim
stage_a_uci_v2,sar_complete,optimizer,0,ab,uci_internal_fixed,skipped,3,0.0,0.0,"{""17"": 0.0, ""29"": 0.0, ""43"": 0.0}",same-panel seed variability; no CI or independence claim
stage_a_uci_v2,sar_complete,optimizer,0,ab,uci_internal_fixed,recoveries,3,12.833333333333334,1.1547005383792517,"{""17"": 11.5, ""29"": 13.5, ""43"": 13.5}",same-panel seed variability; no CI or independence claim
stage_a_uci_v2,sar_complete,optimizer,0,ba,uci_internal_fixed,accuracy,3,0.861328125,0.01824369305885684,"{""17"": 0.8583984375, ""29"": 0.8447265625, ""43"": 0.880859375}",same-panel seed variability; no CI or independence claim
stage_a_uci_v2,sar_complete,optimizer,0,ba,uci_internal_fixed,nll,3,0.5138358755361777,0.112628187359455,"{""17"": 0.5040331431547219, ""29"": 0.6310450260353394, ""43"": 0.40642945741847203}",same-panel seed variability; no CI or independence claim
stage_a_uci_v2,sar_complete,optimizer,0,ba,uci_internal_fixed,brier,3,0.21413103245168405,0.03233593090862813,"{""17"": 0.216646030925671, ""29"": 0.2451360271470333, ""43"": 0.18061103928234776}",same-panel seed variability; no CI or independence claim
stage_a_uci_v2,sar_complete,optimizer,0,ba,uci_internal_fixed,ece15,3,0.07925311549218288,0.015419637313644766,"{""17"": 0.08152986125904929, ""29"": 0.09340779777830745, ""43"": 0.06282168743919189}",same-panel seed variability; no CI or independence claim
stage_a_uci_v2,sar_complete,optimizer,0,ba,uci_internal_fixed,seconds,3,0.22979956666677023,0.024205816748634774,"{""17"": 0.2215925499986042, ""29"": 0.25704190000396915, ""43"": 0.21076424999773735}",same-panel seed variability; no CI or independence claim
stage_a_uci_v2,sar_complete,optimizer,0,ba,uci_internal_fixed,updates,3,16.0,0.0,"{""17"": 16.0, ""29"": 16.0, ""43"": 16.0}",same-panel seed variability; no CI or independence claim
stage_a_uci_v2,sar_complete,optimizer,0,ba,uci_internal_fixed,skipped,3,0.0,0.0,"{""17"": 0.0, ""29"": 0.0, ""43"": 0.0}",same-panel seed variability; no CI or independence claim
stage_a_uci_v2,sar_complete,optimizer,0,ba,uci_internal_fixed,recoveries,3,12.333333333333334,1.6072751268321592,"{""17"": 10.5, ""29"": 13.0, ""43"": 13.5}",same-panel seed variability; no CI or independence claim
stage_a_uci_v2,sar_complete,optimizer,4,ab,uci_internal_fixed,accuracy,3,0.861328125,0.01824369305885684,"{""17"": 0.8583984375, ""29"": 0.8447265625, ""43"": 0.880859375}",same-panel seed variability; no CI or independence claim
stage_a_uci_v2,sar_complete,optimizer,4,ab,uci_internal_fixed,nll,3,0.5141057965680674,0.11312321986760208,"{""17"": 0.5037641486303785, ""29"": 0.6320447481779414, ""43"": 0.4065084928958825}",same-panel seed variability; no CI or independence claim
stage_a_uci_v2,sar_complete,optimizer,4,ab,uci_internal_fixed,brier,3,0.21417164845120007,0.032405771572171234,"{""17"": 0.21657729182921606, ""29"": 0.24530756036666548, ""43"": 0.1806300931577187}",same-panel seed variability; no CI or independence claim
stage_a_uci_v2,sar_complete,optimizer,4,ab,uci_internal_fixed,ece15,3,0.07928688614591352,0.015457964726247463,"{""17"": 0.08153867859604605, ""29"": 0.0934954526290433, ""43"": 0.0628265272126512}",same-panel seed variability; no CI or independence claim
stage_a_uci_v2,sar_complete,optimizer,4,ab,uci_internal_fixed,seconds,3,0.22874101666820926,0.04613256817342193,"{""17"": 0.2811496499998611, ""29"": 0.19427745000575664, ""43"": 0.21079594999901013}",same-panel seed variability; no CI or independence claim
stage_a_uci_v2,sar_complete,optimizer,4,ab,uci_internal_fixed,updates,3,16.0,0.0,"{""17"": 16.0, ""29"": 16.0, ""43"": 16.0}",same-panel seed variability; no CI or independence claim
stage_a_uci_v2,sar_complete,optimizer,4,ab,uci_internal_fixed,skipped,3,0.0,0.0,"{""17"": 0.0, ""29"": 0.0, ""43"": 0.0}",same-panel seed variability; no CI or independence claim
stage_a_uci_v2,sar_complete,optimizer,4,ab,uci_internal_fixed,recoveries,3,10.166666666666666,1.2583057392117918,"{""17"": 10.0, ""29"": 9.0, ""43"": 11.5}",same-panel seed variability; no CI or independence claim
stage_a_uci_v2,sar_complete,optimizer,4,ba,uci_internal_fixed,accuracy,3,0.8616536458333334,0.01817386048464565,"{""17"": 0.859375, ""29"": 0.8447265625, ""43"": 0.880859375}",same-panel seed variability; no CI or independence claim
stage_a_uci_v2,sar_complete,optimizer,4,ba,uci_internal_fixed,nll,3,0.5141350032858428,0.11311922602074764,"{""17"": 0.5038517687837049, ""29"": 0.6320447481779414, ""43"": 0.4065084928958825}",same-panel seed variability; no CI or independence claim
stage_a_uci_v2,sar_complete,optimizer,4,ba,uci_internal_fixed,brier,3,0.2141765961736135,0.03240632364207012,"{""17"": 0.21659213499645635, ""29"": 0.24530756036666548, ""43"": 0.1806300931577187}",same-panel seed variability; no CI or independence claim
stage_a_uci_v2,sar_complete,optimizer,4,ba,uci_internal_fixed,ece15,3,0.07896337537981624,0.015397311902515646,"{""17"": 0.0805681462977542, ""29"": 0.0934954526290433, ""43"": 0.0628265272126512}",same-panel seed variability; no CI or independence claim
stage_a_uci_v2,sar_complete,optimizer,4,ba,uci_internal_fixed,seconds,3,0.21751909999875343,0.018829875779281934,"{""17"": 0.22432885000307573, ""29"": 0.1962316999924951, ""43"": 0.2319967500006896}",same-panel seed variability; no CI or independence claim
stage_a_uci_v2,sar_complete,optimizer,4,ba,uci_internal_fixed,updates,3,16.0,0.0,"{""17"": 16.0, ""29"": 16.0, ""43"": 16.0}",same-panel seed variability; no CI or independence claim
stage_a_uci_v2,sar_complete,optimizer,4,ba,uci_internal_fixed,skipped,3,0.0,0.0,"{""17"": 0.0, ""29"": 0.0, ""43"": 0.0}",same-panel seed variability; no CI or independence claim
stage_a_uci_v2,sar_complete,optimizer,4,ba,uci_internal_fixed,recoveries,3,10.0,1.3228756555322954,"{""17"": 9.5, ""29"": 9.0, ""43"": 11.5}",same-panel seed variability; no CI or independence claim
stage_a_uci_v2,sar_complete,optimizer_aux,0,ab,uci_internal_fixed,accuracy,3,0.8616536458333334,0.01817386048464565,"{""17"": 0.859375, ""29"": 0.8447265625, ""43"": 0.880859375}",same-panel seed variability; no CI or independence claim
stage_a_uci_v2,sar_complete,optimizer_aux,0,ab,uci_internal_fixed,nll,3,0.5136911208914686,0.11348653421121173,"{""17"": 0.503698549903575, ""29"": 0.6318435146653553, ""43"": 0.40553129810547567}",same-panel seed variability; no CI or independence claim
stage_a_uci_v2,sar_complete,optimizer_aux,0,ab,uci_internal_fixed,brier,3,0.21403761550077616,0.03254025752149415,"{""17"": 0.21654373566293117, ""29"": 0.24525235301770004, ""43"": 0.1803167578216972}",same-panel seed variability; no CI or independence claim
stage_a_uci_v2,sar_complete,optimizer_aux,0,ab,uci_internal_fixed,ece15,3,0.07898263321143657,0.015368890468412048,"{""17"": 0.08057687450120081, ""29"": 0.09349226239343, ""43"": 0.06287876273967889}",same-panel seed variability; no CI or independence claim
stage_a_uci_v2,sar_complete,optimizer_aux,0,ab,uci_internal_fixed,seconds,3,0.21236051666589142,0.02609507491718451,"{""17"": 0.23331755000253904, ""29"": 0.18313219999254216, ""43"": 0.22063180000259305}",same-panel seed variability; no CI or independence claim
stage_a_uci_v2,sar_complete,optimizer_aux,0,ab,uci_internal_fixed,updates,3,16.0,0.0,"{""17"": 16.0, ""29"": 16.0, ""43"": 16.0}",same-panel seed variability; no CI or independence claim
stage_a_uci_v2,sar_complete,optimizer_aux,0,ab,uci_internal_fixed,skipped,3,0.0,0.0,"{""17"": 0.0, ""29"": 0.0, ""43"": 0.0}",same-panel seed variability; no CI or independence claim
stage_a_uci_v2,sar_complete,optimizer_aux,0,ab,uci_internal_fixed,recoveries,3,8.5,0.5,"{""17"": 9.0, ""29"": 8.5, ""43"": 8.0}",same-panel seed variability; no CI or independence claim
stage_a_uci_v2,sar_complete,optimizer_aux,0,ba,uci_internal_fixed,accuracy,3,0.8616536458333334,0.01817386048464565,"{""17"": 0.859375, ""29"": 0.8447265625, ""43"": 0.880859375}",same-panel seed variability; no CI or independence claim
stage_a_uci_v2,sar_complete,optimizer_aux,0,ba,uci_internal_fixed,nll,3,0.5136918991569657,0.11348562773326668,"{""17"": 0.503699288810314, ""29"": 0.6318434008784773, ""43"": 0.40553300778210555}",same-panel seed variability; no CI or independence claim
stage_a_uci_v2,sar_complete,optimizer_aux,0,ba,uci_internal_fixed,brier,3,0.21403775275629702,0.03254012969624258,"{""17"": 0.2165440424039253, ""29"": 0.2452522676079189, ""43"": 0.18031694825704694}",same-panel seed variability; no CI or independence claim
stage_a_uci_v2,sar_complete,optimizer_aux,0,ba,uci_internal_fixed,ece15,3,0.07898188026443755,0.01536971226834805,"{""17"": 0.08057627214565251, ""29"": 0.09349224752339405, ""43"": 0.06287712112426609}",same-panel seed variability; no CI or independence claim
stage_a_uci_v2,sar_complete,optimizer_aux,0,ba,uci_internal_fixed,seconds,3,0.2229845500017594,0.03161820460649992,"{""17"": 0.25171080000291113, ""29"": 0.1891069999983301, ""43"": 0.22813585000403686}",same-panel seed variability; no CI or independence claim
stage_a_uci_v2,sar_complete,optimizer_aux,0,ba,uci_internal_fixed,updates,3,16.0,0.0,"{""17"": 16.0, ""29"": 16.0, ""43"": 16.0}",same-panel seed variability; no CI or independence claim
stage_a_uci_v2,sar_complete,optimizer_aux,0,ba,uci_internal_fixed,skipped,3,0.0,0.0,"{""17"": 0.0, ""29"": 0.0, ""43"": 0.0}",same-panel seed variability; no CI or independence claim
stage_a_uci_v2,sar_complete,optimizer_aux,0,ba,uci_internal_fixed,recoveries,3,8.5,0.5,"{""17"": 9.0, ""29"": 8.5, ""43"": 8.0}",same-panel seed variability; no CI or independence claim
stage_a_uci_v2,sar_complete,optimizer_aux,4,ab,uci_internal_fixed,accuracy,3,0.8616536458333334,0.01817386048464565,"{""17"": 0.859375, ""29"": 0.8447265625, ""43"": 0.880859375}",same-panel seed variability; no CI or independence claim
stage_a_uci_v2,sar_complete,optimizer_aux,4,ab,uci_internal_fixed,nll,3,0.5136921476014341,0.11348556001492818,"{""17"": 0.5037000013167998, ""29"": 0.6318433801107537, ""43"": 0.4055330613767488}",same-panel seed variability; no CI or independence claim
stage_a_uci_v2,sar_complete,optimizer_aux,4,ab,uci_internal_fixed,brier,3,0.21403785842504322,0.03254013011244238,"{""17"": 0.21654437269545612, ""29"": 0.2452522483772659, ""43"": 0.18031695420240773}",same-panel seed variability; no CI or independence claim
stage_a_uci_v2,sar_complete,optimizer_aux,4,ab,uci_internal_fixed,ece15,3,0.07898169428309054,0.015369733821777788,"{""17"": 0.08057571605142086, ""29"": 0.0934922971484249, ""43"": 0.06287706964942585}",same-panel seed variability; no CI or independence claim
stage_a_uci_v2,sar_complete,optimizer_aux,4,ab,uci_internal_fixed,seconds,3,0.24063780000142287,0.05368539455377868,"{""17"": 0.2190887000033399, ""29"": 0.301749700003711, ""43"": 0.20107499999721767}",same-panel seed variability; no CI or independence claim
stage_a_uci_v2,sar_complete,optimizer_aux,4,ab,uci_internal_fixed,updates,3,16.0,0.0,"{""17"": 16.0, ""29"": 16.0, ""43"": 16.0}",same-panel seed variability; no CI or independence claim
stage_a_uci_v2,sar_complete,optimizer_aux,4,ab,uci_internal_fixed,skipped,3,0.0,0.0,"{""17"": 0.0, ""29"": 0.0, ""43"": 0.0}",same-panel seed variability; no CI or independence claim
stage_a_uci_v2,sar_complete,optimizer_aux,4,ab,uci_internal_fixed,recoveries,3,8.5,0.5,"{""17"": 9.0, ""29"": 8.5, ""43"": 8.0}",same-panel seed variability; no CI or independence claim
stage_a_uci_v2,sar_complete,optimizer_aux,4,ba,uci_internal_fixed,accuracy,3,0.8616536458333334,0.01817386048464565,"{""17"": 0.859375, ""29"": 0.8447265625, ""43"": 0.880859375}",same-panel seed variability; no CI or independence claim
stage_a_uci_v2,sar_complete,optimizer_aux,4,ba,uci_internal_fixed,nll,3,0.5136921476014341,0.11348556001492818,"{""17"": 0.5037000013167998, ""29"": 0.6318433801107537, ""43"": 0.4055330613767488}",same-panel seed variability; no CI or independence claim
stage_a_uci_v2,sar_complete,optimizer_aux,4,ba,uci_internal_fixed,brier,3,0.21403785842504322,0.03254013011244238,"{""17"": 0.21654437269545612, ""29"": 0.2452522483772659, ""43"": 0.18031695420240773}",same-panel seed variability; no CI or independence claim
stage_a_uci_v2,sar_complete,optimizer_aux,4,ba,uci_internal_fixed,ece15,3,0.07898169428309054,0.015369733821777788,"{""17"": 0.08057571605142086, ""29"": 0.0934922971484249, ""43"": 0.06287706964942585}",same-panel seed variability; no CI or independence claim
stage_a_uci_v2,sar_complete,optimizer_aux,4,ba,uci_internal_fixed,seconds,3,0.1935158000002654,0.018423548090994193,"{""17"": 0.1992647500010207, ""29"": 0.20837939999910304, ""43"": 0.17290325000067241}",same-panel seed variability; no CI or independence claim
stage_a_uci_v2,sar_complete,optimizer_aux,4,ba,uci_internal_fixed,updates,3,16.0,0.0,"{""17"": 16.0, ""29"": 16.0, ""43"": 16.0}",same-panel seed variability; no CI or independence claim
stage_a_uci_v2,sar_complete,optimizer_aux,4,ba,uci_internal_fixed,skipped,3,0.0,0.0,"{""17"": 0.0, ""29"": 0.0, ""43"": 0.0}",same-panel seed variability; no CI or independence claim
stage_a_uci_v2,sar_complete,optimizer_aux,4,ba,uci_internal_fixed,recoveries,3,8.5,0.5,"{""17"": 9.0, ""29"": 8.5, ""43"": 8.0}",same-panel seed variability; no CI or independence claim
stage_a_uci_v2,sar_complete,parameters,0,ab,uci_internal_fixed,accuracy,3,0.861328125,0.01824369305885684,"{""17"": 0.8583984375, ""29"": 0.8447265625, ""43"": 0.880859375}",same-panel seed variability; no CI or independence claim
stage_a_uci_v2,sar_complete,parameters,0,ab,uci_internal_fixed,nll,3,0.5138873977194043,0.11261867693151258,"{""17"": 0.5041926204920896, ""29"": 0.6310400616530081, ""43"": 0.4064295110131153}",same-panel seed variability; no CI or independence claim
stage_a_uci_v2,sar_complete,parameters,0,ab,uci_internal_fixed,brier,3,0.21414441399914164,0.03233703307061135,"{""17"": 0.21668722437180815, ""29"": 0.24513497239790819, ""43"": 0.18061104522770854}",same-panel seed variability; no CI or independence claim
stage_a_uci_v2,sar_complete,parameters,0,ab,uci_internal_fixed,ece15,3,0.07925201735986052,0.015419609953624755,"{""17"": 0.08152613942305854, ""29"": 0.0934082766921714, ""43"": 0.06282163596435164}",same-panel seed variability; no CI or independence claim
stage_a_uci_v2,sar_complete,parameters,0,ab,uci_internal_fixed,seconds,3,0.21786438332977318,0.026561947313925405,"{""17"": 0.2083394000001135, ""29"": 0.2478754999974626, ""43"": 0.19737824999174336}",same-panel seed variability; no CI or independence claim
stage_a_uci_v2,sar_complete,parameters,0,ab,uci_internal_fixed,updates,3,16.0,0.0,"{""17"": 16.0, ""29"": 16.0, ""43"": 16.0}",same-panel seed variability; no CI or independence claim
stage_a_uci_v2,sar_complete,parameters,0,ab,uci_internal_fixed,skipped,3,0.0,0.0,"{""17"": 0.0, ""29"": 0.0, ""43"": 0.0}",same-panel seed variability; no CI or independence claim
stage_a_uci_v2,sar_complete,parameters,0,ab,uci_internal_fixed,recoveries,3,12.833333333333334,1.1547005383792517,"{""17"": 11.5, ""29"": 13.5, ""43"": 13.5}",same-panel seed variability; no CI or independence claim
stage_a_uci_v2,sar_complete,parameters,0,ba,uci_internal_fixed,accuracy,3,0.861328125,0.01824369305885684,"{""17"": 0.8583984375, ""29"": 0.8447265625, ""43"": 0.880859375}",same-panel seed variability; no CI or independence claim
stage_a_uci_v2,sar_complete,parameters,0,ba,uci_internal_fixed,nll,3,0.5138363287174706,0.1126280932646157,"{""17"": 0.5040344698716808, ""29"": 0.6310450052676158, ""43"": 0.4064295110131153}",same-panel seed variability; no CI or independence claim
stage_a_uci_v2,sar_complete,parameters,0,ba,uci_internal_fixed,brier,3,0.2141312257386754,0.03233594167601824,"{""17"": 0.2166466240719374, ""29"": 0.2451360079163803, ""43"": 0.18061104522770854}",same-panel seed variability; no CI or independence claim
stage_a_uci_v2,sar_complete,parameters,0,ba,uci_internal_fixed,ece15,3,0.07925276788446722,0.015419610677559524,"{""17"": 0.08152882028571175, ""29"": 0.0934078474033383, ""43"": 0.06282163596435164}",same-panel seed variability; no CI or independence claim
stage_a_uci_v2,sar_complete,parameters,0,ba,uci_internal_fixed,seconds,3,0.21494396666579027,0.031550539431294225,"{""17"": 0.20841294999991075, ""29"": 0.24924889999965671, ""43"": 0.18717004999780326}",same-panel seed variability; no CI or independence claim
stage_a_uci_v2,sar_complete,parameters,0,ba,uci_internal_fixed,updates,3,16.0,0.0,"{""17"": 16.0, ""29"": 16.0, ""43"": 16.0}",same-panel seed variability; no CI or independence claim
stage_a_uci_v2,sar_complete,parameters,0,ba,uci_internal_fixed,skipped,3,0.0,0.0,"{""17"": 0.0, ""29"": 0.0, ""43"": 0.0}",same-panel seed variability; no CI or independence claim
stage_a_uci_v2,sar_complete,parameters,0,ba,uci_internal_fixed,recoveries,3,12.333333333333334,1.6072751268321592,"{""17"": 10.5, ""29"": 13.0, ""43"": 13.5}",same-panel seed variability; no CI or independence claim
stage_a_uci_v2,sar_complete,parameters,4,ab,uci_internal_fixed,accuracy,3,0.861328125,0.01824369305885684,"{""17"": 0.8583984375, ""29"": 0.8447265625, ""43"": 0.880859375}",same-panel seed variability; no CI or independence claim
stage_a_uci_v2,sar_complete,parameters,4,ab,uci_internal_fixed,nll,3,0.5141057965680674,0.11312321986760208,"{""17"": 0.5037641486303785, ""29"": 0.6320447481779414, ""43"": 0.4065084928958825}",same-panel seed variability; no CI or independence claim
stage_a_uci_v2,sar_complete,parameters,4,ab,uci_internal_fixed,brier,3,0.21417164845120007,0.032405771572171234,"{""17"": 0.21657729182921606, ""29"": 0.24530756036666548, ""43"": 0.1806300931577187}",same-panel seed variability; no CI or independence claim
stage_a_uci_v2,sar_complete,parameters,4,ab,uci_internal_fixed,ece15,3,0.07928688614591352,0.015457964726247463,"{""17"": 0.08153867859604605, ""29"": 0.0934954526290433, ""43"": 0.0628265272126512}",same-panel seed variability; no CI or independence claim
stage_a_uci_v2,sar_complete,parameters,4,ab,uci_internal_fixed,seconds,3,0.22599078333102318,0.05629758516038881,"{""17"": 0.28991219999443274, ""29"": 0.20427494999603363, ""43"": 0.18378520000260318}",same-panel seed variability; no CI or independence claim
stage_a_uci_v2,sar_complete,parameters,4,ab,uci_internal_fixed,updates,3,16.0,0.0,"{""17"": 16.0, ""29"": 16.0, ""43"": 16.0}",same-panel seed variability; no CI or independence claim
stage_a_uci_v2,sar_complete,parameters,4,ab,uci_internal_fixed,skipped,3,0.0,0.0,"{""17"": 0.0, ""29"": 0.0, ""43"": 0.0}",same-panel seed variability; no CI or independence claim
stage_a_uci_v2,sar_complete,parameters,4,ab,uci_internal_fixed,recoveries,3,10.166666666666666,1.2583057392117918,"{""17"": 10.0, ""29"": 9.0, ""43"": 11.5}",same-panel seed variability; no CI or independence claim
stage_a_uci_v2,sar_complete,parameters,4,ba,uci_internal_fixed,accuracy,3,0.8616536458333334,0.01817386048464565,"{""17"": 0.859375, ""29"": 0.8447265625, ""43"": 0.880859375}",same-panel seed variability; no CI or independence claim
stage_a_uci_v2,sar_complete,parameters,4,ba,uci_internal_fixed,nll,3,0.5141350032858428,0.11311922602074764,"{""17"": 0.5038517687837049, ""29"": 0.6320447481779414, ""43"": 0.4065084928958825}",same-panel seed variability; no CI or independence claim
stage_a_uci_v2,sar_complete,parameters,4,ba,uci_internal_fixed,brier,3,0.2141765961736135,0.03240632364207012,"{""17"": 0.21659213499645635, ""29"": 0.24530756036666548, ""43"": 0.1806300931577187}",same-panel seed variability; no CI or independence claim
stage_a_uci_v2,sar_complete,parameters,4,ba,uci_internal_fixed,ece15,3,0.07896337537981624,0.015397311902515646,"{""17"": 0.0805681462977542, ""29"": 0.0934954526290433, ""43"": 0.0628265272126512}",same-panel seed variability; no CI or independence claim
stage_a_uci_v2,sar_complete,parameters,4,ba,uci_internal_fixed,seconds,3,0.254651350005588,0.04500817532830476,"{""17"": 0.27780965000420105, ""29"": 0.20277945000998435, ""43"": 0.28336495000257855}",same-panel seed variability; no CI or independence claim
stage_a_uci_v2,sar_complete,parameters,4,ba,uci_internal_fixed,updates,3,16.0,0.0,"{""17"": 16.0, ""29"": 16.0, ""43"": 16.0}",same-panel seed variability; no CI or independence claim
stage_a_uci_v2,sar_complete,parameters,4,ba,uci_internal_fixed,skipped,3,0.0,0.0,"{""17"": 0.0, ""29"": 0.0, ""43"": 0.0}",same-panel seed variability; no CI or independence claim
stage_a_uci_v2,sar_complete,parameters,4,ba,uci_internal_fixed,recoveries,3,10.0,1.3228756555322954,"{""17"": 9.5, ""29"": 9.0, ""43"": 11.5}",same-panel seed variability; no CI or independence claim
stage_a_uci_v2,sar_complete,parameters_aux,0,ab,uci_internal_fixed,accuracy,3,0.8616536458333334,0.01817386048464565,"{""17"": 0.859375, ""29"": 0.8447265625, ""43"": 0.880859375}",same-panel seed variability; no CI or independence claim
stage_a_uci_v2,sar_complete,parameters_aux,0,ab,uci_internal_fixed,nll,3,0.5136921476014341,0.11348556001492818,"{""17"": 0.5037000013167998, ""29"": 0.6318433801107537, ""43"": 0.4055330613767488}",same-panel seed variability; no CI or independence claim
stage_a_uci_v2,sar_complete,parameters_aux,0,ab,uci_internal_fixed,brier,3,0.21403785842504322,0.03254013011244238,"{""17"": 0.21654437269545612, ""29"": 0.2452522483772659, ""43"": 0.18031695420240773}",same-panel seed variability; no CI or independence claim
stage_a_uci_v2,sar_complete,parameters_aux,0,ab,uci_internal_fixed,ece15,3,0.07898169428309054,0.015369733821777788,"{""17"": 0.08057571605142086, ""29"": 0.0934922971484249, ""43"": 0.06287706964942585}",same-panel seed variability; no CI or independence claim
stage_a_uci_v2,sar_complete,parameters_aux,0,ab,uci_internal_fixed,seconds,3,0.21289105000081077,0.027033714794388444,"{""17"": 0.24406815000111232, ""29"": 0.195955999995931, ""43"": 0.19864900000538904}",same-panel seed variability; no CI or independence claim
stage_a_uci_v2,sar_complete,parameters_aux,0,ab,uci_internal_fixed,updates,3,16.0,0.0,"{""17"": 16.0, ""29"": 16.0, ""43"": 16.0}",same-panel seed variability; no CI or independence claim
stage_a_uci_v2,sar_complete,parameters_aux,0,ab,uci_internal_fixed,skipped,3,0.0,0.0,"{""17"": 0.0, ""29"": 0.0, ""43"": 0.0}",same-panel seed variability; no CI or independence claim
stage_a_uci_v2,sar_complete,parameters_aux,0,ab,uci_internal_fixed,recoveries,3,8.5,0.5,"{""17"": 9.0, ""29"": 8.5, ""43"": 8.0}",same-panel seed variability; no CI or independence claim
stage_a_uci_v2,sar_complete,parameters_aux,0,ba,uci_internal_fixed,accuracy,3,0.8616536458333334,0.01817386048464565,"{""17"": 0.859375, ""29"": 0.8447265625, ""43"": 0.880859375}",same-panel seed variability; no CI or independence claim
stage_a_uci_v2,sar_complete,parameters_aux,0,ba,uci_internal_fixed,nll,3,0.5136921476014341,0.11348556001492818,"{""17"": 0.5037000013167998, ""29"": 0.6318433801107537, ""43"": 0.4055330613767488}",same-panel seed variability; no CI or independence claim
stage_a_uci_v2,sar_complete,parameters_aux,0,ba,uci_internal_fixed,brier,3,0.21403785842504322,0.03254013011244238,"{""17"": 0.21654437269545612, ""29"": 0.2452522483772659, ""43"": 0.18031695420240773}",same-panel seed variability; no CI or independence claim
stage_a_uci_v2,sar_complete,parameters_aux,0,ba,uci_internal_fixed,ece15,3,0.07898169428309054,0.015369733821777788,"{""17"": 0.08057571605142086, ""29"": 0.0934922971484249, ""43"": 0.06287706964942585}",same-panel seed variability; no CI or independence claim
stage_a_uci_v2,sar_complete,parameters_aux,0,ba,uci_internal_fixed,seconds,3,0.2211948666639121,0.03656108824872529,"{""17"": 0.26326514999527717, ""29"": 0.19711314999585733, ""43"": 0.20320630000060186}",same-panel seed variability; no CI or independence claim
stage_a_uci_v2,sar_complete,parameters_aux,0,ba,uci_internal_fixed,updates,3,16.0,0.0,"{""17"": 16.0, ""29"": 16.0, ""43"": 16.0}",same-panel seed variability; no CI or independence claim
stage_a_uci_v2,sar_complete,parameters_aux,0,ba,uci_internal_fixed,skipped,3,0.0,0.0,"{""17"": 0.0, ""29"": 0.0, ""43"": 0.0}",same-panel seed variability; no CI or independence claim
stage_a_uci_v2,sar_complete,parameters_aux,0,ba,uci_internal_fixed,recoveries,3,8.5,0.5,"{""17"": 9.0, ""29"": 8.5, ""43"": 8.0}",same-panel seed variability; no CI or independence claim
stage_a_uci_v2,sar_complete,parameters_aux,4,ab,uci_internal_fixed,accuracy,3,0.8616536458333334,0.01817386048464565,"{""17"": 0.859375, ""29"": 0.8447265625, ""43"": 0.880859375}",same-panel seed variability; no CI or independence claim
stage_a_uci_v2,sar_complete,parameters_aux,4,ab,uci_internal_fixed,nll,3,0.5136921476014341,0.11348556001492818,"{""17"": 0.5037000013167998, ""29"": 0.6318433801107537, ""43"": 0.4055330613767488}",same-panel seed variability; no CI or independence claim
stage_a_uci_v2,sar_complete,parameters_aux,4,ab,uci_internal_fixed,brier,3,0.21403785842504322,0.03254013011244238,"{""17"": 0.21654437269545612, ""29"": 0.2452522483772659, ""43"": 0.18031695420240773}",same-panel seed variability; no CI or independence claim
stage_a_uci_v2,sar_complete,parameters_aux,4,ab,uci_internal_fixed,ece15,3,0.07898169428309054,0.015369733821777788,"{""17"": 0.08057571605142086, ""29"": 0.0934922971484249, ""43"": 0.06287706964942585}",same-panel seed variability; no CI or independence claim
stage_a_uci_v2,sar_complete,parameters_aux,4,ab,uci_internal_fixed,seconds,3,0.22952589999961973,0.0444105692458372,"{""17"": 0.22257830000307874, ""29"": 0.2770008000006782, ""43"": 0.18899859999510227}",same-panel seed variability; no CI or independence claim
stage_a_uci_v2,sar_complete,parameters_aux,4,ab,uci_internal_fixed,updates,3,16.0,0.0,"{""17"": 16.0, ""29"": 16.0, ""43"": 16.0}",same-panel seed variability; no CI or independence claim
stage_a_uci_v2,sar_complete,parameters_aux,4,ab,uci_internal_fixed,skipped,3,0.0,0.0,"{""17"": 0.0, ""29"": 0.0, ""43"": 0.0}",same-panel seed variability; no CI or independence claim
stage_a_uci_v2,sar_complete,parameters_aux,4,ab,uci_internal_fixed,recoveries,3,8.5,0.5,"{""17"": 9.0, ""29"": 8.5, ""43"": 8.0}",same-panel seed variability; no CI or independence claim
stage_a_uci_v2,sar_complete,parameters_aux,4,ba,uci_internal_fixed,accuracy,3,0.8616536458333334,0.01817386048464565,"{""17"": 0.859375, ""29"": 0.8447265625, ""43"": 0.880859375}",same-panel seed variability; no CI or independence claim
stage_a_uci_v2,sar_complete,parameters_aux,4,ba,uci_internal_fixed,nll,3,0.5136921476014341,0.11348556001492818,"{""17"": 0.5037000013167998, ""29"": 0.6318433801107537, ""43"": 0.4055330613767488}",same-panel seed variability; no CI or independence claim
stage_a_uci_v2,sar_complete,parameters_aux,4,ba,uci_internal_fixed,brier,3,0.21403785842504322,0.03254013011244238,"{""17"": 0.21654437269545612, ""29"": 0.2452522483772659, ""43"": 0.18031695420240773}",same-panel seed variability; no CI or independence claim
stage_a_uci_v2,sar_complete,parameters_aux,4,ba,uci_internal_fixed,ece15,3,0.07898169428309054,0.015369733821777788,"{""17"": 0.08057571605142086, ""29"": 0.0934922971484249, ""43"": 0.06287706964942585}",same-panel seed variability; no CI or independence claim
stage_a_uci_v2,sar_complete,parameters_aux,4,ba,uci_internal_fixed,seconds,3,0.2343990000008489,0.02644044308458672,"{""17"": 0.22099930000695167, ""29"": 0.264856649991998, ""43"": 0.217341050003597}",same-panel seed variability; no CI or independence claim
stage_a_uci_v2,sar_complete,parameters_aux,4,ba,uci_internal_fixed,updates,3,16.0,0.0,"{""17"": 16.0, ""29"": 16.0, ""43"": 16.0}",same-panel seed variability; no CI or independence claim
stage_a_uci_v2,sar_complete,parameters_aux,4,ba,uci_internal_fixed,skipped,3,0.0,0.0,"{""17"": 0.0, ""29"": 0.0, ""43"": 0.0}",same-panel seed variability; no CI or independence claim
stage_a_uci_v2,sar_complete,parameters_aux,4,ba,uci_internal_fixed,recoveries,3,8.5,0.5,"{""17"": 9.0, ""29"": 8.5, ""43"": 8.0}",same-panel seed variability; no CI or independence claim
stage_a_uci_v2,sar_complete,parameters_optimizer,0,ab,uci_internal_fixed,accuracy,3,0.861328125,0.01824369305885684,"{""17"": 0.8583984375, ""29"": 0.8447265625, ""43"": 0.880859375}",same-panel seed variability; no CI or independence claim
stage_a_uci_v2,sar_complete,parameters_optimizer,0,ab,uci_internal_fixed,nll,3,0.5138874008871673,0.11261867652246746,"{""17"": 0.5041926299953787, ""29"": 0.6310400616530081, ""43"": 0.4064295110131153}",same-panel seed variability; no CI or independence claim
stage_a_uci_v2,sar_complete,parameters_optimizer,0,ab,uci_internal_fixed,brier,3,0.21414441401160808,0.03233703307208179,"{""17"": 0.21668722440920746, ""29"": 0.24513497239790819, ""43"": 0.18061104522770854}",same-panel seed variability; no CI or independence claim
stage_a_uci_v2,sar_complete,parameters_optimizer,0,ab,uci_internal_fixed,ece15,3,0.07925201419837379,0.01541960925422993,"{""17"": 0.0815261299385983, ""29"": 0.0934082766921714, ""43"": 0.06282163596435164}",same-panel seed variability; no CI or independence claim
stage_a_uci_v2,sar_complete,parameters_optimizer,0,ab,uci_internal_fixed,seconds,3,0.22188090000175476,0.015739393532193353,"{""17"": 0.21212780000496415, ""29"": 0.2400385000000824, ""43"": 0.21347640000021778}",same-panel seed variability; no CI or independence claim
stage_a_uci_v2,sar_complete,parameters_optimizer,0,ab,uci_internal_fixed,updates,3,16.0,0.0,"{""17"": 16.0, ""29"": 16.0, ""43"": 16.0}",same-panel seed variability; no CI or independence claim
stage_a_uci_v2,sar_complete,parameters_optimizer,0,ab,uci_internal_fixed,skipped,3,0.0,0.0,"{""17"": 0.0, ""29"": 0.0, ""43"": 0.0}",same-panel seed variability; no CI or independence claim
stage_a_uci_v2,sar_complete,parameters_optimizer,0,ab,uci_internal_fixed,recoveries,3,12.833333333333334,1.1547005383792517,"{""17"": 11.5, ""29"": 13.5, ""43"": 13.5}",same-panel seed variability; no CI or independence claim
stage_a_uci_v2,sar_complete,parameters_optimizer,0,ba,uci_internal_fixed,accuracy,3,0.861328125,0.01824369305885684,"{""17"": 0.8583984375, ""29"": 0.8447265625, ""43"": 0.880859375}",same-panel seed variability; no CI or independence claim
stage_a_uci_v2,sar_complete,parameters_optimizer,0,ba,uci_internal_fixed,nll,3,0.5138363516579386,0.11262809026990941,"{""17"": 0.5040345386930848, ""29"": 0.6310450052676158, ""43"": 0.4064295110131153}",same-panel seed variability; no CI or independence claim
stage_a_uci_v2,sar_complete,parameters_optimizer,0,ba,uci_internal_fixed,brier,3,0.21413123763172395,0.0323359430637571,"{""17"": 0.21664665975108302, ""29"": 0.2451360079163803, ""43"": 0.18061104522770854}",same-panel seed variability; no CI or independence claim
stage_a_uci_v2,sar_complete,parameters_optimizer,0,ba,uci_internal_fixed,ece15,3,0.07925275504696892,0.01541960783520598,"{""17"": 0.08152878177321685, ""29"": 0.0934078474033383, ""43"": 0.06282163596435164}",same-panel seed variability; no CI or independence claim
stage_a_uci_v2,sar_complete,parameters_optimizer,0,ba,uci_internal_fixed,seconds,3,0.29936818333226256,0.04140211929475721,"{""17"": 0.3218889999989187, ""29"": 0.25158729999384377, ""43"": 0.3246282500040252}",same-panel seed variability; no CI or independence claim
stage_a_uci_v2,sar_complete,parameters_optimizer,0,ba,uci_internal_fixed,updates,3,16.0,0.0,"{""17"": 16.0, ""29"": 16.0, ""43"": 16.0}",same-panel seed variability; no CI or independence claim
stage_a_uci_v2,sar_complete,parameters_optimizer,0,ba,uci_internal_fixed,skipped,3,0.0,0.0,"{""17"": 0.0, ""29"": 0.0, ""43"": 0.0}",same-panel seed variability; no CI or independence claim
stage_a_uci_v2,sar_complete,parameters_optimizer,0,ba,uci_internal_fixed,recoveries,3,12.333333333333334,1.6072751268321592,"{""17"": 10.5, ""29"": 13.0, ""43"": 13.5}",same-panel seed variability; no CI or independence claim
stage_a_uci_v2,sar_complete,parameters_optimizer,4,ab,uci_internal_fixed,accuracy,3,0.861328125,0.01824369305885684,"{""17"": 0.8583984375, ""29"": 0.8447265625, ""43"": 0.880859375}",same-panel seed variability; no CI or independence claim
stage_a_uci_v2,sar_complete,parameters_optimizer,4,ab,uci_internal_fixed,nll,3,0.5141057965680674,0.11312321986760208,"{""17"": 0.5037641486303785, ""29"": 0.6320447481779414, ""43"": 0.4065084928958825}",same-panel seed variability; no CI or independence claim
stage_a_uci_v2,sar_complete,parameters_optimizer,4,ab,uci_internal_fixed,brier,3,0.21417164845120007,0.032405771572171234,"{""17"": 0.21657729182921606, ""29"": 0.24530756036666548, ""43"": 0.1806300931577187}",same-panel seed variability; no CI or independence claim
stage_a_uci_v2,sar_complete,parameters_optimizer,4,ab,uci_internal_fixed,ece15,3,0.07928688614591352,0.015457964726247463,"{""17"": 0.08153867859604605, ""29"": 0.0934954526290433, ""43"": 0.0628265272126512}",same-panel seed variability; no CI or independence claim
stage_a_uci_v2,sar_complete,parameters_optimizer,4,ab,uci_internal_fixed,seconds,3,0.22605118333255328,0.0440920623047663,"{""17"": 0.22911124999518506, ""29"": 0.18050880000373576, ""43"": 0.268533499998739}",same-panel seed variability; no CI or independence claim
stage_a_uci_v2,sar_complete,parameters_optimizer,4,ab,uci_internal_fixed,updates,3,16.0,0.0,"{""17"": 16.0, ""29"": 16.0, ""43"": 16.0}",same-panel seed variability; no CI or independence claim
stage_a_uci_v2,sar_complete,parameters_optimizer,4,ab,uci_internal_fixed,skipped,3,0.0,0.0,"{""17"": 0.0, ""29"": 0.0, ""43"": 0.0}",same-panel seed variability; no CI or independence claim
stage_a_uci_v2,sar_complete,parameters_optimizer,4,ab,uci_internal_fixed,recoveries,3,10.166666666666666,1.2583057392117918,"{""17"": 10.0, ""29"": 9.0, ""43"": 11.5}",same-panel seed variability; no CI or independence claim
stage_a_uci_v2,sar_complete,parameters_optimizer,4,ba,uci_internal_fixed,accuracy,3,0.8616536458333334,0.01817386048464565,"{""17"": 0.859375, ""29"": 0.8447265625, ""43"": 0.880859375}",same-panel seed variability; no CI or independence claim
stage_a_uci_v2,sar_complete,parameters_optimizer,4,ba,uci_internal_fixed,nll,3,0.5141350032858428,0.11311922602074764,"{""17"": 0.5038517687837049, ""29"": 0.6320447481779414, ""43"": 0.4065084928958825}",same-panel seed variability; no CI or independence claim
stage_a_uci_v2,sar_complete,parameters_optimizer,4,ba,uci_internal_fixed,brier,3,0.2141765961736135,0.03240632364207012,"{""17"": 0.21659213499645635, ""29"": 0.24530756036666548, ""43"": 0.1806300931577187}",same-panel seed variability; no CI or independence claim
stage_a_uci_v2,sar_complete,parameters_optimizer,4,ba,uci_internal_fixed,ece15,3,0.07896337537981624,0.015397311902515646,"{""17"": 0.0805681462977542, ""29"": 0.0934954526290433, ""43"": 0.0628265272126512}",same-panel seed variability; no CI or independence claim
stage_a_uci_v2,sar_complete,parameters_optimizer,4,ba,uci_internal_fixed,seconds,3,0.23181801666699656,0.06160421715743053,"{""17"": 0.21239335000427664, ""29"": 0.18226745000720251, ""43"": 0.3007932499895105}",same-panel seed variability; no CI or independence claim
stage_a_uci_v2,sar_complete,parameters_optimizer,4,ba,uci_internal_fixed,updates,3,16.0,0.0,"{""17"": 16.0, ""29"": 16.0, ""43"": 16.0}",same-panel seed variability; no CI or independence claim
stage_a_uci_v2,sar_complete,parameters_optimizer,4,ba,uci_internal_fixed,skipped,3,0.0,0.0,"{""17"": 0.0, ""29"": 0.0, ""43"": 0.0}",same-panel seed variability; no CI or independence claim
stage_a_uci_v2,sar_complete,parameters_optimizer,4,ba,uci_internal_fixed,recoveries,3,10.0,1.3228756555322954,"{""17"": 9.5, ""29"": 9.0, ""43"": 11.5}",same-panel seed variability; no CI or independence claim
stage_a_uci_v2,sar_complete,parameters_optimizer_aux,0,ab,uci_internal_fixed,accuracy,3,0.8616536458333334,0.01817386048464565,"{""17"": 0.859375, ""29"": 0.8447265625, ""43"": 0.880859375}",same-panel seed variability; no CI or independence claim
stage_a_uci_v2,sar_complete,parameters_optimizer_aux,0,ab,uci_internal_fixed,nll,3,0.5136921476014341,0.11348556001492818,"{""17"": 0.5037000013167998, ""29"": 0.6318433801107537, ""43"": 0.4055330613767488}",same-panel seed variability; no CI or independence claim
stage_a_uci_v2,sar_complete,parameters_optimizer_aux,0,ab,uci_internal_fixed,brier,3,0.21403785842504322,0.03254013011244238,"{""17"": 0.21654437269545612, ""29"": 0.2452522483772659, ""43"": 0.18031695420240773}",same-panel seed variability; no CI or independence claim
stage_a_uci_v2,sar_complete,parameters_optimizer_aux,0,ab,uci_internal_fixed,ece15,3,0.07898169428309054,0.015369733821777788,"{""17"": 0.08057571605142086, ""29"": 0.0934922971484249, ""43"": 0.06287706964942585}",same-panel seed variability; no CI or independence claim
stage_a_uci_v2,sar_complete,parameters_optimizer_aux,0,ab,uci_internal_fixed,seconds,3,0.20493660000162586,0.025223805308286863,"{""17"": 0.22926900000311434, ""29"": 0.2066336999996565, ""43"": 0.1789071000021067}",same-panel seed variability; no CI or independence claim
stage_a_uci_v2,sar_complete,parameters_optimizer_aux,0,ab,uci_internal_fixed,updates,3,16.0,0.0,"{""17"": 16.0, ""29"": 16.0, ""43"": 16.0}",same-panel seed variability; no CI or independence claim
stage_a_uci_v2,sar_complete,parameters_optimizer_aux,0,ab,uci_internal_fixed,skipped,3,0.0,0.0,"{""17"": 0.0, ""29"": 0.0, ""43"": 0.0}",same-panel seed variability; no CI or independence claim
stage_a_uci_v2,sar_complete,parameters_optimizer_aux,0,ab,uci_internal_fixed,recoveries,3,8.5,0.5,"{""17"": 9.0, ""29"": 8.5, ""43"": 8.0}",same-panel seed variability; no CI or independence claim
stage_a_uci_v2,sar_complete,parameters_optimizer_aux,0,ba,uci_internal_fixed,accuracy,3,0.8616536458333334,0.01817386048464565,"{""17"": 0.859375, ""29"": 0.8447265625, ""43"": 0.880859375}",same-panel seed variability; no CI or independence claim
stage_a_uci_v2,sar_complete,parameters_optimizer_aux,0,ba,uci_internal_fixed,nll,3,0.5136921476014341,0.11348556001492818,"{""17"": 0.5037000013167998, ""29"": 0.6318433801107537, ""43"": 0.4055330613767488}",same-panel seed variability; no CI or independence claim
stage_a_uci_v2,sar_complete,parameters_optimizer_aux,0,ba,uci_internal_fixed,brier,3,0.21403785842504322,0.03254013011244238,"{""17"": 0.21654437269545612, ""29"": 0.2452522483772659, ""43"": 0.18031695420240773}",same-panel seed variability; no CI or independence claim
stage_a_uci_v2,sar_complete,parameters_optimizer_aux,0,ba,uci_internal_fixed,ece15,3,0.07898169428309054,0.015369733821777788,"{""17"": 0.08057571605142086, ""29"": 0.0934922971484249, ""43"": 0.06287706964942585}",same-panel seed variability; no CI or independence claim
stage_a_uci_v2,sar_complete,parameters_optimizer_aux,0,ba,uci_internal_fixed,seconds,3,0.2038256999973479,0.017783574829385106,"{""17"": 0.22041619999072276, ""29"": 0.206010050002078, ""43"": 0.1850508499992429}",same-panel seed variability; no CI or independence claim
stage_a_uci_v2,sar_complete,parameters_optimizer_aux,0,ba,uci_internal_fixed,updates,3,16.0,0.0,"{""17"": 16.0, ""29"": 16.0, ""43"": 16.0}",same-panel seed variability; no CI or independence claim
stage_a_uci_v2,sar_complete,parameters_optimizer_aux,0,ba,uci_internal_fixed,skipped,3,0.0,0.0,"{""17"": 0.0, ""29"": 0.0, ""43"": 0.0}",same-panel seed variability; no CI or independence claim
stage_a_uci_v2,sar_complete,parameters_optimizer_aux,0,ba,uci_internal_fixed,recoveries,3,8.5,0.5,"{""17"": 9.0, ""29"": 8.5, ""43"": 8.0}",same-panel seed variability; no CI or independence claim
stage_a_uci_v2,sar_complete,parameters_optimizer_aux,4,ab,uci_internal_fixed,accuracy,3,0.8616536458333334,0.01817386048464565,"{""17"": 0.859375, ""29"": 0.8447265625, ""43"": 0.880859375}",same-panel seed variability; no CI or independence claim
stage_a_uci_v2,sar_complete,parameters_optimizer_aux,4,ab,uci_internal_fixed,nll,3,0.5136921476014341,0.11348556001492818,"{""17"": 0.5037000013167998, ""29"": 0.6318433801107537, ""43"": 0.4055330613767488}",same-panel seed variability; no CI or independence claim
stage_a_uci_v2,sar_complete,parameters_optimizer_aux,4,ab,uci_internal_fixed,brier,3,0.21403785842504322,0.03254013011244238,"{""17"": 0.21654437269545612, ""29"": 0.2452522483772659, ""43"": 0.18031695420240773}",same-panel seed variability; no CI or independence claim
stage_a_uci_v2,sar_complete,parameters_optimizer_aux,4,ab,uci_internal_fixed,ece15,3,0.07898169428309054,0.015369733821777788,"{""17"": 0.08057571605142086, ""29"": 0.0934922971484249, ""43"": 0.06287706964942585}",same-panel seed variability; no CI or independence claim
stage_a_uci_v2,sar_complete,parameters_optimizer_aux,4,ab,uci_internal_fixed,seconds,3,0.1960873499968632,0.030557058481653326,"{""17"": 0.2239207999882637, ""29"": 0.2009511500000371, ""43"": 0.1633901000022888}",same-panel seed variability; no CI or independence claim
stage_a_uci_v2,sar_complete,parameters_optimizer_aux,4,ab,uci_internal_fixed,updates,3,16.0,0.0,"{""17"": 16.0, ""29"": 16.0, ""43"": 16.0}",same-panel seed variability; no CI or independence claim
stage_a_uci_v2,sar_complete,parameters_optimizer_aux,4,ab,uci_internal_fixed,skipped,3,0.0,0.0,"{""17"": 0.0, ""29"": 0.0, ""43"": 0.0}",same-panel seed variability; no CI or independence claim
stage_a_uci_v2,sar_complete,parameters_optimizer_aux,4,ab,uci_internal_fixed,recoveries,3,8.5,0.5,"{""17"": 9.0, ""29"": 8.5, ""43"": 8.0}",same-panel seed variability; no CI or independence claim
stage_a_uci_v2,sar_complete,parameters_optimizer_aux,4,ba,uci_internal_fixed,accuracy,3,0.8616536458333334,0.01817386048464565,"{""17"": 0.859375, ""29"": 0.8447265625, ""43"": 0.880859375}",same-panel seed variability; no CI or independence claim
stage_a_uci_v2,sar_complete,parameters_optimizer_aux,4,ba,uci_internal_fixed,nll,3,0.5136921476014341,0.11348556001492818,"{""17"": 0.5037000013167998, ""29"": 0.6318433801107537, ""43"": 0.4055330613767488}",same-panel seed variability; no CI or independence claim
stage_a_uci_v2,sar_complete,parameters_optimizer_aux,4,ba,uci_internal_fixed,brier,3,0.21403785842504322,0.03254013011244238,"{""17"": 0.21654437269545612, ""29"": 0.2452522483772659, ""43"": 0.18031695420240773}",same-panel seed variability; no CI or independence claim
stage_a_uci_v2,sar_complete,parameters_optimizer_aux,4,ba,uci_internal_fixed,ece15,3,0.07898169428309054,0.015369733821777788,"{""17"": 0.08057571605142086, ""29"": 0.0934922971484249, ""43"": 0.06287706964942585}",same-panel seed variability; no CI or independence claim
stage_a_uci_v2,sar_complete,parameters_optimizer_aux,4,ba,uci_internal_fixed,seconds,3,0.21211941666600373,0.025783797822952204,"{""17"": 0.23274769999989076, ""29"": 0.1832133499992778, ""43"": 0.22039719999884255}",same-panel seed variability; no CI or independence claim
stage_a_uci_v2,sar_complete,parameters_optimizer_aux,4,ba,uci_internal_fixed,updates,3,16.0,0.0,"{""17"": 16.0, ""29"": 16.0, ""43"": 16.0}",same-panel seed variability; no CI or independence claim
stage_a_uci_v2,sar_complete,parameters_optimizer_aux,4,ba,uci_internal_fixed,skipped,3,0.0,0.0,"{""17"": 0.0, ""29"": 0.0, ""43"": 0.0}",same-panel seed variability; no CI or independence claim
stage_a_uci_v2,sar_complete,parameters_optimizer_aux,4,ba,uci_internal_fixed,recoveries,3,8.5,0.5,"{""17"": 9.0, ""29"": 8.5, ""43"": 8.0}",same-panel seed variability; no CI or independence claim
stage_a_uci_v2,source,all,0,ab,uci_internal_fixed,accuracy,3,0.8141276041666666,0.07347186211263586,"{""17"": 0.8681640625, ""29"": 0.84375, ""43"": 0.73046875}",same-panel seed variability; no CI or independence claim
stage_a_uci_v2,source,all,0,ab,uci_internal_fixed,nll,3,0.5518788783477077,0.18976800925636753,"{""17"": 0.39369090117525873, ""29"": 0.49965523580356414, ""43"": 0.7622904980643}",same-panel seed variability; no CI or independence claim
stage_a_uci_v2,source,all,0,ab,uci_internal_fixed,brier,3,0.2728537124476949,0.10378698314630713,"{""17"": 0.19237211218524314, ""29"": 0.2361934600178015, ""43"": 0.3899955651400401}",same-panel seed variability; no CI or independence claim
stage_a_uci_v2,source,all,0,ab,uci_internal_fixed,ece15,3,0.07707458931621847,0.06348262202492029,"{""17"": 0.04125574814589005, ""29"": 0.03959627423661675, ""43"": 0.1503717455661486}",same-panel seed variability; no CI or independence claim
stage_a_uci_v2,source,all,0,ab,uci_internal_fixed,seconds,3,0.05237303333221153,0.008579829035697725,"{""17"": 0.04916629999934225, ""29"": 0.062094350003462695, ""43"": 0.04585844999382965}",same-panel seed variability; no CI or independence claim
stage_a_uci_v2,source,all,0,ab,uci_internal_fixed,updates,3,0.0,0.0,"{""17"": 0.0, ""29"": 0.0, ""43"": 0.0}",same-panel seed variability; no CI or independence claim
stage_a_uci_v2,source,all,0,ab,uci_internal_fixed,skipped,3,0.0,0.0,"{""17"": 0.0, ""29"": 0.0, ""43"": 0.0}",same-panel seed variability; no CI or independence claim
stage_a_uci_v2,source,all,0,ab,uci_internal_fixed,recoveries,3,0.0,0.0,"{""17"": 0.0, ""29"": 0.0, ""43"": 0.0}",same-panel seed variability; no CI or independence claim
stage_a_uci_v2,source,all,0,ba,uci_internal_fixed,accuracy,3,0.8141276041666666,0.07347186211263586,"{""17"": 0.8681640625, ""29"": 0.84375, ""43"": 0.73046875}",same-panel seed variability; no CI or independence claim
stage_a_uci_v2,source,all,0,ba,uci_internal_fixed,nll,3,0.5518788783477077,0.18976800925636753,"{""17"": 0.39369090117525873, ""29"": 0.49965523580356414, ""43"": 0.7622904980643}",same-panel seed variability; no CI or independence claim
stage_a_uci_v2,source,all,0,ba,uci_internal_fixed,brier,3,0.2728537124476949,0.10378698314630713,"{""17"": 0.19237211218524314, ""29"": 0.2361934600178015, ""43"": 0.3899955651400401}",same-panel seed variability; no CI or independence claim
stage_a_uci_v2,source,all,0,ba,uci_internal_fixed,ece15,3,0.07707458931621847,0.06348262202492029,"{""17"": 0.04125574814589005, ""29"": 0.03959627423661675, ""43"": 0.1503717455661486}",same-panel seed variability; no CI or independence claim
stage_a_uci_v2,source,all,0,ba,uci_internal_fixed,seconds,3,0.05759424999754018,0.009324425707905003,"{""17"": 0.0635900499983108, ""29"": 0.062341199998627396, ""43"": 0.04685149999568235}",same-panel seed variability; no CI or independence claim
stage_a_uci_v2,source,all,0,ba,uci_internal_fixed,updates,3,0.0,0.0,"{""17"": 0.0, ""29"": 0.0, ""43"": 0.0}",same-panel seed variability; no CI or independence claim
stage_a_uci_v2,source,all,0,ba,uci_internal_fixed,skipped,3,0.0,0.0,"{""17"": 0.0, ""29"": 0.0, ""43"": 0.0}",same-panel seed variability; no CI or independence claim
stage_a_uci_v2,source,all,0,ba,uci_internal_fixed,recoveries,3,0.0,0.0,"{""17"": 0.0, ""29"": 0.0, ""43"": 0.0}",same-panel seed variability; no CI or independence claim
stage_a_uci_v2,source,all,4,ab,uci_internal_fixed,accuracy,3,0.8141276041666666,0.07347186211263586,"{""17"": 0.8681640625, ""29"": 0.84375, ""43"": 0.73046875}",same-panel seed variability; no CI or independence claim
stage_a_uci_v2,source,all,4,ab,uci_internal_fixed,nll,3,0.5518788783477077,0.18976800925636753,"{""17"": 0.39369090117525873, ""29"": 0.49965523580356414, ""43"": 0.7622904980643}",same-panel seed variability; no CI or independence claim
stage_a_uci_v2,source,all,4,ab,uci_internal_fixed,brier,3,0.2728537124476949,0.10378698314630713,"{""17"": 0.19237211218524314, ""29"": 0.2361934600178015, ""43"": 0.3899955651400401}",same-panel seed variability; no CI or independence claim
stage_a_uci_v2,source,all,4,ab,uci_internal_fixed,ece15,3,0.07707458931621847,0.06348262202492029,"{""17"": 0.04125574814589005, ""29"": 0.03959627423661675, ""43"": 0.1503717455661486}",same-panel seed variability; no CI or independence claim
stage_a_uci_v2,source,all,4,ab,uci_internal_fixed,seconds,3,0.06006191666529042,0.0197511355637479,"{""17"": 0.049646749997918904, ""29"": 0.082840799994301, ""43"": 0.04769820000365135}",same-panel seed variability; no CI or independence claim
stage_a_uci_v2,source,all,4,ab,uci_internal_fixed,updates,3,0.0,0.0,"{""17"": 0.0, ""29"": 0.0, ""43"": 0.0}",same-panel seed variability; no CI or independence claim
stage_a_uci_v2,source,all,4,ab,uci_internal_fixed,skipped,3,0.0,0.0,"{""17"": 0.0, ""29"": 0.0, ""43"": 0.0}",same-panel seed variability; no CI or independence claim
stage_a_uci_v2,source,all,4,ab,uci_internal_fixed,recoveries,3,0.0,0.0,"{""17"": 0.0, ""29"": 0.0, ""43"": 0.0}",same-panel seed variability; no CI or independence claim
stage_a_uci_v2,source,all,4,ba,uci_internal_fixed,accuracy,3,0.8141276041666666,0.07347186211263586,"{""17"": 0.8681640625, ""29"": 0.84375, ""43"": 0.73046875}",same-panel seed variability; no CI or independence claim
stage_a_uci_v2,source,all,4,ba,uci_internal_fixed,nll,3,0.5518788783477077,0.18976800925636753,"{""17"": 0.39369090117525873, ""29"": 0.49965523580356414, ""43"": 0.7622904980643}",same-panel seed variability; no CI or independence claim
stage_a_uci_v2,source,all,4,ba,uci_internal_fixed,brier,3,0.2728537124476949,0.10378698314630713,"{""17"": 0.19237211218524314, ""29"": 0.2361934600178015, ""43"": 0.3899955651400401}",same-panel seed variability; no CI or independence claim
stage_a_uci_v2,source,all,4,ba,uci_internal_fixed,ece15,3,0.07707458931621847,0.06348262202492029,"{""17"": 0.04125574814589005, ""29"": 0.03959627423661675, ""43"": 0.1503717455661486}",same-panel seed variability; no CI or independence claim
stage_a_uci_v2,source,all,4,ba,uci_internal_fixed,seconds,3,0.05547513333294768,0.014986639886397434,"{""17"": 0.047000749997096095, ""29"": 0.0727789999946253, ""43"": 0.04664565000712165}",same-panel seed variability; no CI or independence claim
stage_a_uci_v2,source,all,4,ba,uci_internal_fixed,updates,3,0.0,0.0,"{""17"": 0.0, ""29"": 0.0, ""43"": 0.0}",same-panel seed variability; no CI or independence claim
stage_a_uci_v2,source,all,4,ba,uci_internal_fixed,skipped,3,0.0,0.0,"{""17"": 0.0, ""29"": 0.0, ""43"": 0.0}",same-panel seed variability; no CI or independence claim
stage_a_uci_v2,source,all,4,ba,uci_internal_fixed,recoveries,3,0.0,0.0,"{""17"": 0.0, ""29"": 0.0, ""43"": 0.0}",same-panel seed variability; no CI or independence claim
stage_a_uci_v2,source,none,0,ab,uci_internal_fixed,accuracy,3,0.8141276041666666,0.07347186211263586,"{""17"": 0.8681640625, ""29"": 0.84375, ""43"": 0.73046875}",same-panel seed variability; no CI or independence claim
stage_a_uci_v2,source,none,0,ab,uci_internal_fixed,nll,3,0.5518788783477077,0.18976800925636753,"{""17"": 0.39369090117525873, ""29"": 0.49965523580356414, ""43"": 0.7622904980643}",same-panel seed variability; no CI or independence claim
stage_a_uci_v2,source,none,0,ab,uci_internal_fixed,brier,3,0.2728537124476949,0.10378698314630713,"{""17"": 0.19237211218524314, ""29"": 0.2361934600178015, ""43"": 0.3899955651400401}",same-panel seed variability; no CI or independence claim
stage_a_uci_v2,source,none,0,ab,uci_internal_fixed,ece15,3,0.07707458931621847,0.06348262202492029,"{""17"": 0.04125574814589005, ""29"": 0.03959627423661675, ""43"": 0.1503717455661486}",same-panel seed variability; no CI or independence claim
stage_a_uci_v2,source,none,0,ab,uci_internal_fixed,seconds,3,0.07414828333518617,0.008081190013960996,"{""17"": 0.0771564000024227, ""29"": 0.0802940000066882, ""43"": 0.0649944499964476}",same-panel seed variability; no CI or independence claim
stage_a_uci_v2,source,none,0,ab,uci_internal_fixed,updates,3,0.0,0.0,"{""17"": 0.0, ""29"": 0.0, ""43"": 0.0}",same-panel seed variability; no CI or independence claim
stage_a_uci_v2,source,none,0,ab,uci_internal_fixed,skipped,3,0.0,0.0,"{""17"": 0.0, ""29"": 0.0, ""43"": 0.0}",same-panel seed variability; no CI or independence claim
stage_a_uci_v2,source,none,0,ab,uci_internal_fixed,recoveries,3,0.0,0.0,"{""17"": 0.0, ""29"": 0.0, ""43"": 0.0}",same-panel seed variability; no CI or independence claim
stage_a_uci_v2,source,none,0,ba,uci_internal_fixed,accuracy,3,0.8141276041666666,0.07347186211263586,"{""17"": 0.8681640625, ""29"": 0.84375, ""43"": 0.73046875}",same-panel seed variability; no CI or independence claim
stage_a_uci_v2,source,none,0,ba,uci_internal_fixed,nll,3,0.5518788783477077,0.18976800925636753,"{""17"": 0.39369090117525873, ""29"": 0.49965523580356414, ""43"": 0.7622904980643}",same-panel seed variability; no CI or independence claim
stage_a_uci_v2,source,none,0,ba,uci_internal_fixed,brier,3,0.2728537124476949,0.10378698314630713,"{""17"": 0.19237211218524314, ""29"": 0.2361934600178015, ""43"": 0.3899955651400401}",same-panel seed variability; no CI or independence claim
stage_a_uci_v2,source,none,0,ba,uci_internal_fixed,ece15,3,0.07707458931621847,0.06348262202492029,"{""17"": 0.04125574814589005, ""29"": 0.03959627423661675, ""43"": 0.1503717455661486}",same-panel seed variability; no CI or independence claim
stage_a_uci_v2,source,none,0,ba,uci_internal_fixed,seconds,3,0.0497660499992586,0.003981687868325859,"{""17"": 0.049471350001112996, ""29"": 0.053886899993813096, ""43"": 0.0459399000028497}",same-panel seed variability; no CI or independence claim
stage_a_uci_v2,source,none,0,ba,uci_internal_fixed,updates,3,0.0,0.0,"{""17"": 0.0, ""29"": 0.0, ""43"": 0.0}",same-panel seed variability; no CI or independence claim
stage_a_uci_v2,source,none,0,ba,uci_internal_fixed,skipped,3,0.0,0.0,"{""17"": 0.0, ""29"": 0.0, ""43"": 0.0}",same-panel seed variability; no CI or independence claim
stage_a_uci_v2,source,none,0,ba,uci_internal_fixed,recoveries,3,0.0,0.0,"{""17"": 0.0, ""29"": 0.0, ""43"": 0.0}",same-panel seed variability; no CI or independence claim
stage_a_uci_v2,source,none,4,ab,uci_internal_fixed,accuracy,3,0.8141276041666666,0.07347186211263586,"{""17"": 0.8681640625, ""29"": 0.84375, ""43"": 0.73046875}",same-panel seed variability; no CI or independence claim
stage_a_uci_v2,source,none,4,ab,uci_internal_fixed,nll,3,0.5518788783477077,0.18976800925636753,"{""17"": 0.39369090117525873, ""29"": 0.49965523580356414, ""43"": 0.7622904980643}",same-panel seed variability; no CI or independence claim
stage_a_uci_v2,source,none,4,ab,uci_internal_fixed,brier,3,0.2728537124476949,0.10378698314630713,"{""17"": 0.19237211218524314, ""29"": 0.2361934600178015, ""43"": 0.3899955651400401}",same-panel seed variability; no CI or independence claim
stage_a_uci_v2,source,none,4,ab,uci_internal_fixed,ece15,3,0.07707458931621847,0.06348262202492029,"{""17"": 0.04125574814589005, ""29"": 0.03959627423661675, ""43"": 0.1503717455661486}",same-panel seed variability; no CI or independence claim
stage_a_uci_v2,source,none,4,ab,uci_internal_fixed,seconds,3,0.06333443333278407,0.013086352377432586,"{""17"": 0.05032984999706965, ""29"": 0.06317239999771115, ""43"": 0.07650105000357141}",same-panel seed variability; no CI or independence claim
stage_a_uci_v2,source,none,4,ab,uci_internal_fixed,updates,3,0.0,0.0,"{""17"": 0.0, ""29"": 0.0, ""43"": 0.0}",same-panel seed variability; no CI or independence claim
stage_a_uci_v2,source,none,4,ab,uci_internal_fixed,skipped,3,0.0,0.0,"{""17"": 0.0, ""29"": 0.0, ""43"": 0.0}",same-panel seed variability; no CI or independence claim
stage_a_uci_v2,source,none,4,ab,uci_internal_fixed,recoveries,3,0.0,0.0,"{""17"": 0.0, ""29"": 0.0, ""43"": 0.0}",same-panel seed variability; no CI or independence claim
stage_a_uci_v2,source,none,4,ba,uci_internal_fixed,accuracy,3,0.8141276041666666,0.07347186211263586,"{""17"": 0.8681640625, ""29"": 0.84375, ""43"": 0.73046875}",same-panel seed variability; no CI or independence claim
stage_a_uci_v2,source,none,4,ba,uci_internal_fixed,nll,3,0.5518788783477077,0.18976800925636753,"{""17"": 0.39369090117525873, ""29"": 0.49965523580356414, ""43"": 0.7622904980643}",same-panel seed variability; no CI or independence claim
stage_a_uci_v2,source,none,4,ba,uci_internal_fixed,brier,3,0.2728537124476949,0.10378698314630713,"{""17"": 0.19237211218524314, ""29"": 0.2361934600178015, ""43"": 0.3899955651400401}",same-panel seed variability; no CI or independence claim
stage_a_uci_v2,source,none,4,ba,uci_internal_fixed,ece15,3,0.07707458931621847,0.06348262202492029,"{""17"": 0.04125574814589005, ""29"": 0.03959627423661675, ""43"": 0.1503717455661486}",same-panel seed variability; no CI or independence claim
stage_a_uci_v2,source,none,4,ba,uci_internal_fixed,seconds,3,0.055132299998755685,0.013513414709733157,"{""17"": 0.04844634999608385, ""29"": 0.07068535000144036, ""43"": 0.046265199998742845}",same-panel seed variability; no CI or independence claim
stage_a_uci_v2,source,none,4,ba,uci_internal_fixed,updates,3,0.0,0.0,"{""17"": 0.0, ""29"": 0.0, ""43"": 0.0}",same-panel seed variability; no CI or independence claim
stage_a_uci_v2,source,none,4,ba,uci_internal_fixed,skipped,3,0.0,0.0,"{""17"": 0.0, ""29"": 0.0, ""43"": 0.0}",same-panel seed variability; no CI or independence claim
stage_a_uci_v2,source,none,4,ba,uci_internal_fixed,recoveries,3,0.0,0.0,"{""17"": 0.0, ""29"": 0.0, ""43"": 0.0}",same-panel seed variability; no CI or independence claim
stage_a_uci_v2,tent,all,0,ab,uci_internal_fixed,accuracy,3,0.8616536458333334,0.01817386048464565,"{""17"": 0.859375, ""29"": 0.8447265625, ""43"": 0.880859375}",same-panel seed variability; no CI or independence claim
stage_a_uci_v2,tent,all,0,ab,uci_internal_fixed,nll,3,0.5141457317600596,0.11401331650864832,"{""17"": 0.5038094188406126, ""29"": 0.6329752572847591, ""43"": 0.4056525191548072}",same-panel seed variability; no CI or independence claim
stage_a_uci_v2,tent,all,0,ab,uci_internal_fixed,brier,3,0.21414177940910126,0.03264660806145098,"{""17"": 0.21656771148689508, ""29"": 0.24550775070835953, ""43"": 0.1803498760320491}",same-panel seed variability; no CI or independence claim
stage_a_uci_v2,tent,all,0,ab,uci_internal_fixed,ece15,3,0.07899930300355357,0.015389981740626021,"{""17"": 0.08059263206845049, ""29"": 0.09353063621526654, ""43"": 0.06287464072694365}",same-panel seed variability; no CI or independence claim
stage_a_uci_v2,tent,all,0,ab,uci_internal_fixed,seconds,3,0.12656206667209816,0.031177121419912555,"{""17"": 0.11462760000722474, ""29"": 0.16194340000947705, ""43"": 0.1031151999995927}",same-panel seed variability; no CI or independence claim
stage_a_uci_v2,tent,all,0,ab,uci_internal_fixed,updates,3,16.0,0.0,"{""17"": 16.0, ""29"": 16.0, ""43"": 16.0}",same-panel seed variability; no CI or independence claim
stage_a_uci_v2,tent,all,0,ab,uci_internal_fixed,skipped,3,0.0,0.0,"{""17"": 0.0, ""29"": 0.0, ""43"": 0.0}",same-panel seed variability; no CI or independence claim
stage_a_uci_v2,tent,all,0,ab,uci_internal_fixed,recoveries,3,0.0,0.0,"{""17"": 0.0, ""29"": 0.0, ""43"": 0.0}",same-panel seed variability; no CI or independence claim
stage_a_uci_v2,tent,all,0,ba,uci_internal_fixed,accuracy,3,0.8616536458333334,0.01817386048464565,"{""17"": 0.859375, ""29"": 0.8447265625, ""43"": 0.880859375}",same-panel seed variability; no CI or independence claim
stage_a_uci_v2,tent,all,0,ba,uci_internal_fixed,nll,3,0.5141457317600596,0.11401331650864832,"{""17"": 0.5038094188406126, ""29"": 0.6329752572847591, ""43"": 0.4056525191548072}",same-panel seed variability; no CI or independence claim
stage_a_uci_v2,tent,all,0,ba,uci_internal_fixed,brier,3,0.21414177940910126,0.03264660806145098,"{""17"": 0.21656771148689508, ""29"": 0.24550775070835953, ""43"": 0.1803498760320491}",same-panel seed variability; no CI or independence claim
stage_a_uci_v2,tent,all,0,ba,uci_internal_fixed,ece15,3,0.07899930300355357,0.015389981740626021,"{""17"": 0.08059263206845049, ""29"": 0.09353063621526654, ""43"": 0.06287464072694365}",same-panel seed variability; no CI or independence claim
stage_a_uci_v2,tent,all,0,ba,uci_internal_fixed,seconds,3,0.11736998333314351,0.02386726492671609,"{""17"": 0.10802210000110785, ""29"": 0.1444962999958079, ""43"": 0.0995915500025148}",same-panel seed variability; no CI or independence claim
stage_a_uci_v2,tent,all,0,ba,uci_internal_fixed,updates,3,16.0,0.0,"{""17"": 16.0, ""29"": 16.0, ""43"": 16.0}",same-panel seed variability; no CI or independence claim
stage_a_uci_v2,tent,all,0,ba,uci_internal_fixed,skipped,3,0.0,0.0,"{""17"": 0.0, ""29"": 0.0, ""43"": 0.0}",same-panel seed variability; no CI or independence claim
stage_a_uci_v2,tent,all,0,ba,uci_internal_fixed,recoveries,3,0.0,0.0,"{""17"": 0.0, ""29"": 0.0, ""43"": 0.0}",same-panel seed variability; no CI or independence claim
stage_a_uci_v2,tent,all,4,ab,uci_internal_fixed,accuracy,3,0.8616536458333334,0.01817386048464565,"{""17"": 0.859375, ""29"": 0.8447265625, ""43"": 0.880859375}",same-panel seed variability; no CI or independence claim
stage_a_uci_v2,tent,all,4,ab,uci_internal_fixed,nll,3,0.5141457317600596,0.11401331650864832,"{""17"": 0.5038094188406126, ""29"": 0.6329752572847591, ""43"": 0.4056525191548072}",same-panel seed variability; no CI or independence claim
stage_a_uci_v2,tent,all,4,ab,uci_internal_fixed,brier,3,0.21414177940910126,0.03264660806145098,"{""17"": 0.21656771148689508, ""29"": 0.24550775070835953, ""43"": 0.1803498760320491}",same-panel seed variability; no CI or independence claim
stage_a_uci_v2,tent,all,4,ab,uci_internal_fixed,ece15,3,0.07899930300355357,0.015389981740626021,"{""17"": 0.08059263206845049, ""29"": 0.09353063621526654, ""43"": 0.06287464072694365}",same-panel seed variability; no CI or independence claim
stage_a_uci_v2,tent,all,4,ab,uci_internal_fixed,seconds,3,0.11020466666862673,0.014093043238420463,"{""17"": 0.10785905000375345, ""29"": 0.1253233500028727, ""43"": 0.09743159999925405}",same-panel seed variability; no CI or independence claim
stage_a_uci_v2,tent,all,4,ab,uci_internal_fixed,updates,3,16.0,0.0,"{""17"": 16.0, ""29"": 16.0, ""43"": 16.0}",same-panel seed variability; no CI or independence claim
stage_a_uci_v2,tent,all,4,ab,uci_internal_fixed,skipped,3,0.0,0.0,"{""17"": 0.0, ""29"": 0.0, ""43"": 0.0}",same-panel seed variability; no CI or independence claim
stage_a_uci_v2,tent,all,4,ab,uci_internal_fixed,recoveries,3,0.0,0.0,"{""17"": 0.0, ""29"": 0.0, ""43"": 0.0}",same-panel seed variability; no CI or independence claim
stage_a_uci_v2,tent,all,4,ba,uci_internal_fixed,accuracy,3,0.8616536458333334,0.01817386048464565,"{""17"": 0.859375, ""29"": 0.8447265625, ""43"": 0.880859375}",same-panel seed variability; no CI or independence claim
stage_a_uci_v2,tent,all,4,ba,uci_internal_fixed,nll,3,0.5141457317600596,0.11401331650864832,"{""17"": 0.5038094188406126, ""29"": 0.6329752572847591, ""43"": 0.4056525191548072}",same-panel seed variability; no CI or independence claim
stage_a_uci_v2,tent,all,4,ba,uci_internal_fixed,brier,3,0.21414177940910126,0.03264660806145098,"{""17"": 0.21656771148689508, ""29"": 0.24550775070835953, ""43"": 0.1803498760320491}",same-panel seed variability; no CI or independence claim
stage_a_uci_v2,tent,all,4,ba,uci_internal_fixed,ece15,3,0.07899930300355357,0.015389981740626021,"{""17"": 0.08059263206845049, ""29"": 0.09353063621526654, ""43"": 0.06287464072694365}",same-panel seed variability; no CI or independence claim
stage_a_uci_v2,tent,all,4,ba,uci_internal_fixed,seconds,3,0.10637166666613966,0.011442817133200105,"{""17"": 0.10677725000277855, ""29"": 0.1176062999948044, ""43"": 0.09473145000083605}",same-panel seed variability; no CI or independence claim
stage_a_uci_v2,tent,all,4,ba,uci_internal_fixed,updates,3,16.0,0.0,"{""17"": 16.0, ""29"": 16.0, ""43"": 16.0}",same-panel seed variability; no CI or independence claim
stage_a_uci_v2,tent,all,4,ba,uci_internal_fixed,skipped,3,0.0,0.0,"{""17"": 0.0, ""29"": 0.0, ""43"": 0.0}",same-panel seed variability; no CI or independence claim
stage_a_uci_v2,tent,all,4,ba,uci_internal_fixed,recoveries,3,0.0,0.0,"{""17"": 0.0, ""29"": 0.0, ""43"": 0.0}",same-panel seed variability; no CI or independence claim
stage_a_uci_v2,tent,aux,0,ab,uci_internal_fixed,accuracy,3,0.8619791666666666,0.018121309452756224,"{""17"": 0.8603515625, ""29"": 0.8447265625, ""43"": 0.880859375}",same-panel seed variability; no CI or independence claim
stage_a_uci_v2,tent,aux,0,ab,uci_internal_fixed,nll,3,0.513930715797977,0.11357604119185179,"{""17"": 0.5033290309695039, ""29"": 0.6324358882615164, ""43"": 0.4060272281629106}",same-panel seed variability; no CI or independence claim
stage_a_uci_v2,tent,aux,0,ab,uci_internal_fixed,brier,3,0.21406790651952337,0.0325313374117835,"{""17"": 0.2164064086256196, ""29"": 0.24536689332633063, ""43"": 0.18043041760661999}",same-panel seed variability; no CI or independence claim
stage_a_uci_v2,tent,aux,0,ab,uci_internal_fixed,ece15,3,0.07934603479537095,0.01530722889251108,"{""17"": 0.08018694152575101, ""29"": 0.0942154772202387, ""43"": 0.0636356856401231}",same-panel seed variability; no CI or independence claim
stage_a_uci_v2,tent,aux,0,ab,uci_internal_fixed,seconds,3,0.13263548333391859,0.03859197834979954,"{""17"": 0.12681834999966665, ""29"": 0.17380579999735346, ""43"": 0.09728230000473556}",same-panel seed variability; no CI or independence claim
stage_a_uci_v2,tent,aux,0,ab,uci_internal_fixed,updates,3,16.0,0.0,"{""17"": 16.0, ""29"": 16.0, ""43"": 16.0}",same-panel seed variability; no CI or independence claim
stage_a_uci_v2,tent,aux,0,ab,uci_internal_fixed,skipped,3,0.0,0.0,"{""17"": 0.0, ""29"": 0.0, ""43"": 0.0}",same-panel seed variability; no CI or independence claim
stage_a_uci_v2,tent,aux,0,ab,uci_internal_fixed,recoveries,3,0.0,0.0,"{""17"": 0.0, ""29"": 0.0, ""43"": 0.0}",same-panel seed variability; no CI or independence claim
stage_a_uci_v2,tent,aux,0,ba,uci_internal_fixed,accuracy,3,0.8616536458333334,0.01817386048464565,"{""17"": 0.859375, ""29"": 0.8447265625, ""43"": 0.880859375}",same-panel seed variability; no CI or independence claim
stage_a_uci_v2,tent,aux,0,ba,uci_internal_fixed,nll,3,0.5139045547439034,0.11360542099717896,"{""17"": 0.5033519807094681, ""29"": 0.6324180885745352, ""43"": 0.4059435949477067}",same-panel seed variability; no CI or independence claim
stage_a_uci_v2,tent,aux,0,ba,uci_internal_fixed,brier,3,0.2140656711041514,0.03254514286828469,"{""17"": 0.2164203477169167, ""29"": 0.2453695265543725, ""43"": 0.180407139041165}",same-panel seed variability; no CI or independence claim
stage_a_uci_v2,tent,aux,0,ba,uci_internal_fixed,ece15,3,0.07949729254838155,0.015330175101009574,"{""17"": 0.08066415532717605, ""29"": 0.09421069390531489, ""43"": 0.06361702841265371}",same-panel seed variability; no CI or independence claim
stage_a_uci_v2,tent,aux,0,ba,uci_internal_fixed,seconds,3,0.1266945499955909,0.04411294269680083,"{""17"": 0.11892699998861644, ""29"": 0.17417534999549383, ""43"": 0.08698130000266241}",same-panel seed variability; no CI or independence claim
stage_a_uci_v2,tent,aux,0,ba,uci_internal_fixed,updates,3,16.0,0.0,"{""17"": 16.0, ""29"": 16.0, ""43"": 16.0}",same-panel seed variability; no CI or independence claim
stage_a_uci_v2,tent,aux,0,ba,uci_internal_fixed,skipped,3,0.0,0.0,"{""17"": 0.0, ""29"": 0.0, ""43"": 0.0}",same-panel seed variability; no CI or independence claim
stage_a_uci_v2,tent,aux,0,ba,uci_internal_fixed,recoveries,3,0.0,0.0,"{""17"": 0.0, ""29"": 0.0, ""43"": 0.0}",same-panel seed variability; no CI or independence claim
stage_a_uci_v2,tent,aux,4,ab,uci_internal_fixed,accuracy,3,0.8623046875,0.0180861906029806,"{""17"": 0.861328125, ""29"": 0.8447265625, ""43"": 0.880859375}",same-panel seed variability; no CI or independence claim
stage_a_uci_v2,tent,aux,4,ab,uci_internal_fixed,nll,3,0.5144152186027519,0.11532849498531401,"{""17"": 0.5031103634542742, ""29"": 0.6349798384941314, ""43"": 0.4051554538598498}",same-panel seed variability; no CI or independence claim
stage_a_uci_v2,tent,aux,4,ab,uci_internal_fixed,brier,3,0.21412238750003545,0.03294291999406639,"{""17"": 0.21632614900073266, ""29"": 0.24590809641769834, ""43"": 0.18013291708167545}",same-panel seed variability; no CI or independence claim
stage_a_uci_v2,tent,aux,4,ab,uci_internal_fixed,ece15,3,0.0791961374745065,0.01467777151608807,"{""17"": 0.08104205295830551, ""29"": 0.09286363632924885, ""43"": 0.06368272313596515}",same-panel seed variability; no CI or independence claim
stage_a_uci_v2,tent,aux,4,ab,uci_internal_fixed,seconds,3,0.11485696666447132,0.015096203938026595,"{""17"": 0.12714155000139724, ""29"": 0.1194250499902409, ""43"": 0.09800430000177585}",same-panel seed variability; no CI or independence claim
stage_a_uci_v2,tent,aux,4,ab,uci_internal_fixed,updates,3,16.0,0.0,"{""17"": 16.0, ""29"": 16.0, ""43"": 16.0}",same-panel seed variability; no CI or independence claim
stage_a_uci_v2,tent,aux,4,ab,uci_internal_fixed,skipped,3,0.0,0.0,"{""17"": 0.0, ""29"": 0.0, ""43"": 0.0}",same-panel seed variability; no CI or independence claim
stage_a_uci_v2,tent,aux,4,ab,uci_internal_fixed,recoveries,3,0.0,0.0,"{""17"": 0.0, ""29"": 0.0, ""43"": 0.0}",same-panel seed variability; no CI or independence claim
stage_a_uci_v2,tent,aux,4,ba,uci_internal_fixed,accuracy,3,0.8623046875,0.0180861906029806,"{""17"": 0.861328125, ""29"": 0.8447265625, ""43"": 0.880859375}",same-panel seed variability; no CI or independence claim
stage_a_uci_v2,tent,aux,4,ba,uci_internal_fixed,nll,3,0.5143979326361886,0.11534579383222236,"{""17"": 0.5031273246395818, ""29"": 0.6349653131028378, ""43"": 0.4051011601661464}",same-panel seed variability; no CI or independence claim
stage_a_uci_v2,tent,aux,4,ba,uci_internal_fixed,brier,3,0.2141207995192341,0.03295128988529642,"{""17"": 0.21633570552013445, ""29"": 0.24590875879253754, ""43"": 0.1801179342450303}",same-panel seed variability; no CI or independence claim
stage_a_uci_v2,tent,aux,4,ba,uci_internal_fixed,ece15,3,0.0791877265102701,0.014680549113333363,"{""17"": 0.0810362302589976, ""29"": 0.09285647973037535, ""43"": 0.06367046954143735}",same-panel seed variability; no CI or independence claim
stage_a_uci_v2,tent,aux,4,ba,uci_internal_fixed,seconds,3,0.11163350000182005,0.01225922664923862,"{""17"": 0.12067484999715809, ""29"": 0.11654570000246164, ""43"": 0.09767995000584045}",same-panel seed variability; no CI or independence claim
stage_a_uci_v2,tent,aux,4,ba,uci_internal_fixed,updates,3,16.0,0.0,"{""17"": 16.0, ""29"": 16.0, ""43"": 16.0}",same-panel seed variability; no CI or independence claim
stage_a_uci_v2,tent,aux,4,ba,uci_internal_fixed,skipped,3,0.0,0.0,"{""17"": 0.0, ""29"": 0.0, ""43"": 0.0}",same-panel seed variability; no CI or independence claim
stage_a_uci_v2,tent,aux,4,ba,uci_internal_fixed,recoveries,3,0.0,0.0,"{""17"": 0.0, ""29"": 0.0, ""43"": 0.0}",same-panel seed variability; no CI or independence claim
stage_a_uci_v2,tent,none,0,ab,uci_internal_fixed,accuracy,3,0.8619791666666666,0.018121309452756224,"{""17"": 0.8603515625, ""29"": 0.8447265625, ""43"": 0.880859375}",same-panel seed variability; no CI or independence claim
stage_a_uci_v2,tent,none,0,ab,uci_internal_fixed,nll,3,0.513930715797977,0.11357604119185179,"{""17"": 0.5033290309695039, ""29"": 0.6324358882615164, ""43"": 0.4060272281629106}",same-panel seed variability; no CI or independence claim
stage_a_uci_v2,tent,none,0,ab,uci_internal_fixed,brier,3,0.21406790651952337,0.0325313374117835,"{""17"": 0.2164064086256196, ""29"": 0.24536689332633063, ""43"": 0.18043041760661999}",same-panel seed variability; no CI or independence claim
stage_a_uci_v2,tent,none,0,ab,uci_internal_fixed,ece15,3,0.07934603479537095,0.01530722889251108,"{""17"": 0.08018694152575101, ""29"": 0.0942154772202387, ""43"": 0.0636356856401231}",same-panel seed variability; no CI or independence claim
stage_a_uci_v2,tent,none,0,ab,uci_internal_fixed,seconds,3,0.1475052666646661,0.041799864041561975,"{""17"": 0.17896225000004046, ""29"": 0.1634796500002266, ""43"": 0.10007389999373115}",same-panel seed variability; no CI or independence claim
stage_a_uci_v2,tent,none,0,ab,uci_internal_fixed,updates,3,16.0,0.0,"{""17"": 16.0, ""29"": 16.0, ""43"": 16.0}",same-panel seed variability; no CI or independence claim
stage_a_uci_v2,tent,none,0,ab,uci_internal_fixed,skipped,3,0.0,0.0,"{""17"": 0.0, ""29"": 0.0, ""43"": 0.0}",same-panel seed variability; no CI or independence claim
stage_a_uci_v2,tent,none,0,ab,uci_internal_fixed,recoveries,3,0.0,0.0,"{""17"": 0.0, ""29"": 0.0, ""43"": 0.0}",same-panel seed variability; no CI or independence claim
stage_a_uci_v2,tent,none,0,ba,uci_internal_fixed,accuracy,3,0.8616536458333334,0.01817386048464565,"{""17"": 0.859375, ""29"": 0.8447265625, ""43"": 0.880859375}",same-panel seed variability; no CI or independence claim
stage_a_uci_v2,tent,none,0,ba,uci_internal_fixed,nll,3,0.5139045547439034,0.11360542099717896,"{""17"": 0.5033519807094681, ""29"": 0.6324180885745352, ""43"": 0.4059435949477067}",same-panel seed variability; no CI or independence claim
stage_a_uci_v2,tent,none,0,ba,uci_internal_fixed,brier,3,0.2140656711041514,0.03254514286828469,"{""17"": 0.2164203477169167, ""29"": 0.2453695265543725, ""43"": 0.180407139041165}",same-panel seed variability; no CI or independence claim
stage_a_uci_v2,tent,none,0,ba,uci_internal_fixed,ece15,3,0.07949729254838155,0.015330175101009574,"{""17"": 0.08066415532717605, ""29"": 0.09421069390531489, ""43"": 0.06361702841265371}",same-panel seed variability; no CI or independence claim
stage_a_uci_v2,tent,none,0,ba,uci_internal_fixed,seconds,3,0.12534088333389562,0.033094579114929336,"{""17"": 0.1248303000029409, ""29"": 0.15868780000164404, ""43"": 0.09250454999710195}",same-panel seed variability; no CI or independence claim
stage_a_uci_v2,tent,none,0,ba,uci_internal_fixed,updates,3,16.0,0.0,"{""17"": 16.0, ""29"": 16.0, ""43"": 16.0}",same-panel seed variability; no CI or independence claim
stage_a_uci_v2,tent,none,0,ba,uci_internal_fixed,skipped,3,0.0,0.0,"{""17"": 0.0, ""29"": 0.0, ""43"": 0.0}",same-panel seed variability; no CI or independence claim
stage_a_uci_v2,tent,none,0,ba,uci_internal_fixed,recoveries,3,0.0,0.0,"{""17"": 0.0, ""29"": 0.0, ""43"": 0.0}",same-panel seed variability; no CI or independence claim
stage_a_uci_v2,tent,none,4,ab,uci_internal_fixed,accuracy,3,0.8623046875,0.0180861906029806,"{""17"": 0.861328125, ""29"": 0.8447265625, ""43"": 0.880859375}",same-panel seed variability; no CI or independence claim
stage_a_uci_v2,tent,none,4,ab,uci_internal_fixed,nll,3,0.5144152186027519,0.11532849498531401,"{""17"": 0.5031103634542742, ""29"": 0.6349798384941314, ""43"": 0.4051554538598498}",same-panel seed variability; no CI or independence claim
stage_a_uci_v2,tent,none,4,ab,uci_internal_fixed,brier,3,0.21412238750003545,0.03294291999406639,"{""17"": 0.21632614900073266, ""29"": 0.24590809641769834, ""43"": 0.18013291708167545}",same-panel seed variability; no CI or independence claim
stage_a_uci_v2,tent,none,4,ab,uci_internal_fixed,ece15,3,0.0791961374745065,0.01467777151608807,"{""17"": 0.08104205295830551, ""29"": 0.09286363632924885, ""43"": 0.06368272313596515}",same-panel seed variability; no CI or independence claim
stage_a_uci_v2,tent,none,4,ab,uci_internal_fixed,seconds,3,0.12479485000221752,0.02136562312446903,"{""17"": 0.11124435000238006, ""29"": 0.14942444999905996, ""43"": 0.11371575000521256}",same-panel seed variability; no CI or independence claim
stage_a_uci_v2,tent,none,4,ab,uci_internal_fixed,updates,3,16.0,0.0,"{""17"": 16.0, ""29"": 16.0, ""43"": 16.0}",same-panel seed variability; no CI or independence claim
stage_a_uci_v2,tent,none,4,ab,uci_internal_fixed,skipped,3,0.0,0.0,"{""17"": 0.0, ""29"": 0.0, ""43"": 0.0}",same-panel seed variability; no CI or independence claim
stage_a_uci_v2,tent,none,4,ab,uci_internal_fixed,recoveries,3,0.0,0.0,"{""17"": 0.0, ""29"": 0.0, ""43"": 0.0}",same-panel seed variability; no CI or independence claim
stage_a_uci_v2,tent,none,4,ba,uci_internal_fixed,accuracy,3,0.8623046875,0.0180861906029806,"{""17"": 0.861328125, ""29"": 0.8447265625, ""43"": 0.880859375}",same-panel seed variability; no CI or independence claim
stage_a_uci_v2,tent,none,4,ba,uci_internal_fixed,nll,3,0.5143979326361886,0.11534579383222236,"{""17"": 0.5031273246395818, ""29"": 0.6349653131028378, ""43"": 0.4051011601661464}",same-panel seed variability; no CI or independence claim
stage_a_uci_v2,tent,none,4,ba,uci_internal_fixed,brier,3,0.2141207995192341,0.03295128988529642,"{""17"": 0.21633570552013445, ""29"": 0.24590875879253754, ""43"": 0.1801179342450303}",same-panel seed variability; no CI or independence claim
stage_a_uci_v2,tent,none,4,ba,uci_internal_fixed,ece15,3,0.0791877265102701,0.014680549113333363,"{""17"": 0.0810362302589976, ""29"": 0.09285647973037535, ""43"": 0.06367046954143735}",same-panel seed variability; no CI or independence claim
stage_a_uci_v2,tent,none,4,ba,uci_internal_fixed,seconds,3,0.14750643333294033,0.04169581078808043,"{""17"": 0.1098671500003547, ""29"": 0.14032600000064116, ""43"": 0.19232614999782519}",same-panel seed variability; no CI or independence claim
stage_a_uci_v2,tent,none,4,ba,uci_internal_fixed,updates,3,16.0,0.0,"{""17"": 16.0, ""29"": 16.0, ""43"": 16.0}",same-panel seed variability; no CI or independence claim
stage_a_uci_v2,tent,none,4,ba,uci_internal_fixed,skipped,3,0.0,0.0,"{""17"": 0.0, ""29"": 0.0, ""43"": 0.0}",same-panel seed variability; no CI or independence claim
stage_a_uci_v2,tent,none,4,ba,uci_internal_fixed,recoveries,3,0.0,0.0,"{""17"": 0.0, ""29"": 0.0, ""43"": 0.0}",same-panel seed variability; no CI or independence claim
stage_a_uci_v2,tent,optimizer,0,ab,uci_internal_fixed,accuracy,3,0.8619791666666666,0.018121309452756224,"{""17"": 0.8603515625, ""29"": 0.8447265625, ""43"": 0.880859375}",same-panel seed variability; no CI or independence claim
stage_a_uci_v2,tent,optimizer,0,ab,uci_internal_fixed,nll,3,0.5140207636254324,0.11374829596413429,"{""17"": 0.5034037528019594, ""29"": 0.6327053429929421, ""43"": 0.4059531950813955}",same-panel seed variability; no CI or independence claim
stage_a_uci_v2,tent,optimizer,0,ab,uci_internal_fixed,brier,3,0.21408797244272207,0.03256768705891141,"{""17"": 0.2164270884034694, ""29"": 0.2454230394064824, ""43"": 0.1804137895182144}",same-panel seed variability; no CI or independence claim
stage_a_uci_v2,tent,optimizer,0,ab,uci_internal_fixed,ece15,3,0.07911659185227622,0.015650045717284726,"{""17"": 0.08017419272469095, ""29"": 0.09421101263479015, ""43"": 0.0629645701973476}",same-panel seed variability; no CI or independence claim
stage_a_uci_v2,tent,optimizer,0,ab,uci_internal_fixed,seconds,3,0.12787220000366986,0.04203937217701791,"{""17"": 0.10725935000664316, ""29"": 0.17623965000530006, ""43"": 0.1001175999990664}",same-panel seed variability; no CI or independence claim
stage_a_uci_v2,tent,optimizer,0,ab,uci_internal_fixed,updates,3,16.0,0.0,"{""17"": 16.0, ""29"": 16.0, ""43"": 16.0}",same-panel seed variability; no CI or independence claim
stage_a_uci_v2,tent,optimizer,0,ab,uci_internal_fixed,skipped,3,0.0,0.0,"{""17"": 0.0, ""29"": 0.0, ""43"": 0.0}",same-panel seed variability; no CI or independence claim
stage_a_uci_v2,tent,optimizer,0,ab,uci_internal_fixed,recoveries,3,0.0,0.0,"{""17"": 0.0, ""29"": 0.0, ""43"": 0.0}",same-panel seed variability; no CI or independence claim
stage_a_uci_v2,tent,optimizer,0,ba,uci_internal_fixed,accuracy,3,0.8616536458333334,0.01817386048464565,"{""17"": 0.859375, ""29"": 0.8447265625, ""43"": 0.880859375}",same-panel seed variability; no CI or independence claim
stage_a_uci_v2,tent,optimizer,0,ba,uci_internal_fixed,nll,3,0.5139579097725794,0.11381922102912052,"{""17"": 0.5034433210868962, ""29"": 0.6326695898581236, ""43"": 0.4057608183727183}",same-panel seed variability; no CI or independence claim
stage_a_uci_v2,tent,optimizer,0,ba,uci_internal_fixed,brier,3,0.21408338031305515,0.0325938131828866,"{""17"": 0.2164548316463341, ""29"": 0.24542670046290604, ""43"": 0.1803686088299253}",same-panel seed variability; no CI or independence claim
stage_a_uci_v2,tent,optimizer,0,ba,uci_internal_fixed,ece15,3,0.07925634676265982,0.015034406945409513,"{""17"": 0.0806380824998738, ""29"": 0.0935521895726693, ""43"": 0.06357876821543634}",same-panel seed variability; no CI or independence claim
stage_a_uci_v2,tent,optimizer,0,ba,uci_internal_fixed,seconds,3,0.12068738333133895,0.029430998640312636,"{""17"": 0.1122306500037666, ""29"": 0.153420949995052, ""43"": 0.0964105499951983}",same-panel seed variability; no CI or independence claim
stage_a_uci_v2,tent,optimizer,0,ba,uci_internal_fixed,updates,3,16.0,0.0,"{""17"": 16.0, ""29"": 16.0, ""43"": 16.0}",same-panel seed variability; no CI or independence claim
stage_a_uci_v2,tent,optimizer,0,ba,uci_internal_fixed,skipped,3,0.0,0.0,"{""17"": 0.0, ""29"": 0.0, ""43"": 0.0}",same-panel seed variability; no CI or independence claim
stage_a_uci_v2,tent,optimizer,0,ba,uci_internal_fixed,recoveries,3,0.0,0.0,"{""17"": 0.0, ""29"": 0.0, ""43"": 0.0}",same-panel seed variability; no CI or independence claim
stage_a_uci_v2,tent,optimizer,4,ab,uci_internal_fixed,accuracy,3,0.8623046875,0.0180861906029806,"{""17"": 0.861328125, ""29"": 0.8447265625, ""43"": 0.880859375}",same-panel seed variability; no CI or independence claim
stage_a_uci_v2,tent,optimizer,4,ab,uci_internal_fixed,nll,3,0.5140561009357577,0.11419984321429806,"{""17"": 0.5032504527299361, ""29"": 0.6332747089410309, ""43"": 0.4056431411363059}",same-panel seed variability; no CI or independence claim
stage_a_uci_v2,tent,optimizer,4,ab,uci_internal_fixed,brier,3,0.21407586250579394,0.03268001188230959,"{""17"": 0.21637771653046245, ""29"": 0.24554409056628054, ""43"": 0.18030578042063886}",same-panel seed variability; no CI or independence claim
stage_a_uci_v2,tent,optimizer,4,ab,uci_internal_fixed,ece15,3,0.07898562420616105,0.015078971908571326,"{""17"": 0.0810193130455, ""29"": 0.09294454274194876, ""43"": 0.06299301683103435}",same-panel seed variability; no CI or independence claim
stage_a_uci_v2,tent,optimizer,4,ab,uci_internal_fixed,seconds,3,0.13404435000120427,0.03137238268030326,"{""17"": 0.1645694999970146, ""29"": 0.13567520000651712, ""43"": 0.10188835000008105}",same-panel seed variability; no CI or independence claim
stage_a_uci_v2,tent,optimizer,4,ab,uci_internal_fixed,updates,3,16.0,0.0,"{""17"": 16.0, ""29"": 16.0, ""43"": 16.0}",same-panel seed variability; no CI or independence claim
stage_a_uci_v2,tent,optimizer,4,ab,uci_internal_fixed,skipped,3,0.0,0.0,"{""17"": 0.0, ""29"": 0.0, ""43"": 0.0}",same-panel seed variability; no CI or independence claim
stage_a_uci_v2,tent,optimizer,4,ab,uci_internal_fixed,recoveries,3,0.0,0.0,"{""17"": 0.0, ""29"": 0.0, ""43"": 0.0}",same-panel seed variability; no CI or independence claim
stage_a_uci_v2,tent,optimizer,4,ba,uci_internal_fixed,accuracy,3,0.8623046875,0.0180861906029806,"{""17"": 0.861328125, ""29"": 0.8447265625, ""43"": 0.880859375}",same-panel seed variability; no CI or independence claim
stage_a_uci_v2,tent,optimizer,4,ba,uci_internal_fixed,nll,3,0.5140143540019452,0.11424643034480801,"{""17"": 0.5032762370676905, ""29"": 0.6332507321005663, ""43"": 0.40551609283757867}",same-panel seed variability; no CI or independence claim
stage_a_uci_v2,tent,optimizer,4,ba,uci_internal_fixed,brier,3,0.21407256170017286,0.03269707079515452,"{""17"": 0.2163957223377167, ""29"": 0.24554609486477147, ""43"": 0.18027586789803043}",same-panel seed variability; no CI or independence claim
stage_a_uci_v2,tent,optimizer,4,ba,uci_internal_fixed,ece15,3,0.07918942193259021,0.014744210394316663,"{""17"": 0.08100778344309605, ""29"": 0.0929401153655665, ""43"": 0.0636203669891081}",same-panel seed variability; no CI or independence claim
stage_a_uci_v2,tent,optimizer,4,ba,uci_internal_fixed,seconds,3,0.12317511666333299,0.02482819260046755,"{""17"": 0.1432622499996796, ""29"": 0.1308464999965508, ""43"": 0.0954165999937686}",same-panel seed variability; no CI or independence claim
stage_a_uci_v2,tent,optimizer,4,ba,uci_internal_fixed,updates,3,16.0,0.0,"{""17"": 16.0, ""29"": 16.0, ""43"": 16.0}",same-panel seed variability; no CI or independence claim
stage_a_uci_v2,tent,optimizer,4,ba,uci_internal_fixed,skipped,3,0.0,0.0,"{""17"": 0.0, ""29"": 0.0, ""43"": 0.0}",same-panel seed variability; no CI or independence claim
stage_a_uci_v2,tent,optimizer,4,ba,uci_internal_fixed,recoveries,3,0.0,0.0,"{""17"": 0.0, ""29"": 0.0, ""43"": 0.0}",same-panel seed variability; no CI or independence claim
stage_a_uci_v2,tent,optimizer_aux,0,ab,uci_internal_fixed,accuracy,3,0.8619791666666666,0.018121309452756224,"{""17"": 0.8603515625, ""29"": 0.8447265625, ""43"": 0.880859375}",same-panel seed variability; no CI or independence claim
stage_a_uci_v2,tent,optimizer_aux,0,ab,uci_internal_fixed,nll,3,0.5140207636254324,0.11374829596413429,"{""17"": 0.5034037528019594, ""29"": 0.6327053429929421, ""43"": 0.4059531950813955}",same-panel seed variability; no CI or independence claim
stage_a_uci_v2,tent,optimizer_aux,0,ab,uci_internal_fixed,brier,3,0.21408797244272207,0.03256768705891141,"{""17"": 0.2164270884034694, ""29"": 0.2454230394064824, ""43"": 0.1804137895182144}",same-panel seed variability; no CI or independence claim
stage_a_uci_v2,tent,optimizer_aux,0,ab,uci_internal_fixed,ece15,3,0.07911659185227622,0.015650045717284726,"{""17"": 0.08017419272469095, ""29"": 0.09421101263479015, ""43"": 0.0629645701973476}",same-panel seed variability; no CI or independence claim
stage_a_uci_v2,tent,optimizer_aux,0,ab,uci_internal_fixed,seconds,3,0.14724173333282423,0.03981464948843637,"{""17"": 0.14443249999749241, ""29"": 0.1883865999989211, ""43"": 0.10890610000205919}",same-panel seed variability; no CI or independence claim
stage_a_uci_v2,tent,optimizer_aux,0,ab,uci_internal_fixed,updates,3,16.0,0.0,"{""17"": 16.0, ""29"": 16.0, ""43"": 16.0}",same-panel seed variability; no CI or independence claim
stage_a_uci_v2,tent,optimizer_aux,0,ab,uci_internal_fixed,skipped,3,0.0,0.0,"{""17"": 0.0, ""29"": 0.0, ""43"": 0.0}",same-panel seed variability; no CI or independence claim
stage_a_uci_v2,tent,optimizer_aux,0,ab,uci_internal_fixed,recoveries,3,0.0,0.0,"{""17"": 0.0, ""29"": 0.0, ""43"": 0.0}",same-panel seed variability; no CI or independence claim
stage_a_uci_v2,tent,optimizer_aux,0,ba,uci_internal_fixed,accuracy,3,0.8616536458333334,0.01817386048464565,"{""17"": 0.859375, ""29"": 0.8447265625, ""43"": 0.880859375}",same-panel seed variability; no CI or independence claim
stage_a_uci_v2,tent,optimizer_aux,0,ba,uci_internal_fixed,nll,3,0.5139579097725794,0.11381922102912052,"{""17"": 0.5034433210868962, ""29"": 0.6326695898581236, ""43"": 0.4057608183727183}",same-panel seed variability; no CI or independence claim
stage_a_uci_v2,tent,optimizer_aux,0,ba,uci_internal_fixed,brier,3,0.21408338031305515,0.0325938131828866,"{""17"": 0.2164548316463341, ""29"": 0.24542670046290604, ""43"": 0.1803686088299253}",same-panel seed variability; no CI or independence claim
stage_a_uci_v2,tent,optimizer_aux,0,ba,uci_internal_fixed,ece15,3,0.07925634676265982,0.015034406945409513,"{""17"": 0.0806380824998738, ""29"": 0.0935521895726693, ""43"": 0.06357876821543634}",same-panel seed variability; no CI or independence claim
stage_a_uci_v2,tent,optimizer_aux,0,ba,uci_internal_fixed,seconds,3,0.11676235000292456,0.025736115162156268,"{""17"": 0.10916369999904416, ""29"": 0.1454422500028158, ""43"": 0.09568110000691374}",same-panel seed variability; no CI or independence claim
stage_a_uci_v2,tent,optimizer_aux,0,ba,uci_internal_fixed,updates,3,16.0,0.0,"{""17"": 16.0, ""29"": 16.0, ""43"": 16.0}",same-panel seed variability; no CI or independence claim
stage_a_uci_v2,tent,optimizer_aux,0,ba,uci_internal_fixed,skipped,3,0.0,0.0,"{""17"": 0.0, ""29"": 0.0, ""43"": 0.0}",same-panel seed variability; no CI or independence claim
stage_a_uci_v2,tent,optimizer_aux,0,ba,uci_internal_fixed,recoveries,3,0.0,0.0,"{""17"": 0.0, ""29"": 0.0, ""43"": 0.0}",same-panel seed variability; no CI or independence claim
stage_a_uci_v2,tent,optimizer_aux,4,ab,uci_internal_fixed,accuracy,3,0.8623046875,0.0180861906029806,"{""17"": 0.861328125, ""29"": 0.8447265625, ""43"": 0.880859375}",same-panel seed variability; no CI or independence claim
stage_a_uci_v2,tent,optimizer_aux,4,ab,uci_internal_fixed,nll,3,0.5140561009357577,0.11419984321429806,"{""17"": 0.5032504527299361, ""29"": 0.6332747089410309, ""43"": 0.4056431411363059}",same-panel seed variability; no CI or independence claim
stage_a_uci_v2,tent,optimizer_aux,4,ab,uci_internal_fixed,brier,3,0.21407586250579394,0.03268001188230959,"{""17"": 0.21637771653046245, ""29"": 0.24554409056628054, ""43"": 0.18030578042063886}",same-panel seed variability; no CI or independence claim
stage_a_uci_v2,tent,optimizer_aux,4,ab,uci_internal_fixed,ece15,3,0.07898562420616105,0.015078971908571326,"{""17"": 0.0810193130455, ""29"": 0.09294454274194876, ""43"": 0.06299301683103435}",same-panel seed variability; no CI or independence claim
stage_a_uci_v2,tent,optimizer_aux,4,ab,uci_internal_fixed,seconds,3,0.1095247500003703,0.003752952476119536,"{""17"": 0.10730494999734215, ""29"": 0.11385785000311435, ""43"": 0.1074114500006544}",same-panel seed variability; no CI or independence claim
stage_a_uci_v2,tent,optimizer_aux,4,ab,uci_internal_fixed,updates,3,16.0,0.0,"{""17"": 16.0, ""29"": 16.0, ""43"": 16.0}",same-panel seed variability; no CI or independence claim
stage_a_uci_v2,tent,optimizer_aux,4,ab,uci_internal_fixed,skipped,3,0.0,0.0,"{""17"": 0.0, ""29"": 0.0, ""43"": 0.0}",same-panel seed variability; no CI or independence claim
stage_a_uci_v2,tent,optimizer_aux,4,ab,uci_internal_fixed,recoveries,3,0.0,0.0,"{""17"": 0.0, ""29"": 0.0, ""43"": 0.0}",same-panel seed variability; no CI or independence claim
stage_a_uci_v2,tent,optimizer_aux,4,ba,uci_internal_fixed,accuracy,3,0.8623046875,0.0180861906029806,"{""17"": 0.861328125, ""29"": 0.8447265625, ""43"": 0.880859375}",same-panel seed variability; no CI or independence claim
stage_a_uci_v2,tent,optimizer_aux,4,ba,uci_internal_fixed,nll,3,0.5140143540019452,0.11424643034480801,"{""17"": 0.5032762370676905, ""29"": 0.6332507321005663, ""43"": 0.40551609283757867}",same-panel seed variability; no CI or independence claim
stage_a_uci_v2,tent,optimizer_aux,4,ba,uci_internal_fixed,brier,3,0.21407256170017286,0.03269707079515452,"{""17"": 0.2163957223377167, ""29"": 0.24554609486477147, ""43"": 0.18027586789803043}",same-panel seed variability; no CI or independence claim
stage_a_uci_v2,tent,optimizer_aux,4,ba,uci_internal_fixed,ece15,3,0.07918942193259021,0.014744210394316663,"{""17"": 0.08100778344309605, ""29"": 0.0929401153655665, ""43"": 0.0636203669891081}",same-panel seed variability; no CI or independence claim
stage_a_uci_v2,tent,optimizer_aux,4,ba,uci_internal_fixed,seconds,3,0.10636508333360928,0.01072829438352276,"{""17"": 0.1129652999952668, ""29"": 0.11214374999690335, ""43"": 0.0939862000086577}",same-panel seed variability; no CI or independence claim
stage_a_uci_v2,tent,optimizer_aux,4,ba,uci_internal_fixed,updates,3,16.0,0.0,"{""17"": 16.0, ""29"": 16.0, ""43"": 16.0}",same-panel seed variability; no CI or independence claim
stage_a_uci_v2,tent,optimizer_aux,4,ba,uci_internal_fixed,skipped,3,0.0,0.0,"{""17"": 0.0, ""29"": 0.0, ""43"": 0.0}",same-panel seed variability; no CI or independence claim
stage_a_uci_v2,tent,optimizer_aux,4,ba,uci_internal_fixed,recoveries,3,0.0,0.0,"{""17"": 0.0, ""29"": 0.0, ""43"": 0.0}",same-panel seed variability; no CI or independence claim
stage_a_uci_v2,tent,parameters,0,ab,uci_internal_fixed,accuracy,3,0.8616536458333334,0.01817386048464565,"{""17"": 0.859375, ""29"": 0.8447265625, ""43"": 0.880859375}",same-panel seed variability; no CI or independence claim
stage_a_uci_v2,tent,parameters,0,ab,uci_internal_fixed,nll,3,0.51405495626297,0.11384032658621915,"{""17"": 0.5037357180248052, ""29"": 0.6327035834352337, ""43"": 0.4057255673288713}",same-panel seed variability; no CI or independence claim
stage_a_uci_v2,tent,parameters,0,ab,uci_internal_fixed,brier,3,0.21412125965748938,0.032610016882616714,"{""17"": 0.21654701220291023, ""29"": 0.24545066349121644, ""43"": 0.18036610327834152}",same-panel seed variability; no CI or independence claim
stage_a_uci_v2,tent,parameters,0,ab,uci_internal_fixed,ece15,3,0.07901208171909709,0.015382717278510002,"{""17"": 0.0806069918029438, ""29"": 0.0935352071896381, ""43"": 0.06289404616470935}",same-panel seed variability; no CI or independence claim
stage_a_uci_v2,tent,parameters,0,ab,uci_internal_fixed,seconds,3,0.12854586666799148,0.03573089688780417,"{""17"": 0.1087472500003059, ""29"": 0.16979335000360152, ""43"": 0.107097000000067}",same-panel seed variability; no CI or independence claim
stage_a_uci_v2,tent,parameters,0,ab,uci_internal_fixed,updates,3,16.0,0.0,"{""17"": 16.0, ""29"": 16.0, ""43"": 16.0}",same-panel seed variability; no CI or independence claim
stage_a_uci_v2,tent,parameters,0,ab,uci_internal_fixed,skipped,3,0.0,0.0,"{""17"": 0.0, ""29"": 0.0, ""43"": 0.0}",same-panel seed variability; no CI or independence claim
stage_a_uci_v2,tent,parameters,0,ab,uci_internal_fixed,recoveries,3,0.0,0.0,"{""17"": 0.0, ""29"": 0.0, ""43"": 0.0}",same-panel seed variability; no CI or independence claim
stage_a_uci_v2,tent,parameters,0,ba,uci_internal_fixed,accuracy,3,0.8616536458333334,0.01817386048464565,"{""17"": 0.859375, ""29"": 0.8447265625, ""43"": 0.880859375}",same-panel seed variability; no CI or independence claim
stage_a_uci_v2,tent,parameters,0,ba,uci_internal_fixed,nll,3,0.5140915711297555,0.11379816245998248,"{""17"": 0.5037222330867153, ""29"": 0.6327195273069306, ""43"": 0.4058329529956203}",same-panel seed variability; no CI or independence claim
stage_a_uci_v2,tent,parameters,0,ba,uci_internal_fixed,brier,3,0.21412360523940868,0.032597793981853695,"{""17"": 0.21653407000510672, ""29"": 0.2454492569083861, ""43"": 0.1803874888047333}",same-panel seed variability; no CI or independence claim
stage_a_uci_v2,tent,parameters,0,ba,uci_internal_fixed,ece15,3,0.07902311552166603,0.01537536356443656,"{""17"": 0.08061911659979434, ""29"": 0.09353822668981421, ""43"": 0.06291200327538955}",same-panel seed variability; no CI or independence claim
stage_a_uci_v2,tent,parameters,0,ba,uci_internal_fixed,seconds,3,0.1441115500007678,0.06611916244979946,"{""17"": 0.11347540000133445, ""29"": 0.2199920999992173, ""43"": 0.0988671500017517}",same-panel seed variability; no CI or independence claim
stage_a_uci_v2,tent,parameters,0,ba,uci_internal_fixed,updates,3,16.0,0.0,"{""17"": 16.0, ""29"": 16.0, ""43"": 16.0}",same-panel seed variability; no CI or independence claim
stage_a_uci_v2,tent,parameters,0,ba,uci_internal_fixed,skipped,3,0.0,0.0,"{""17"": 0.0, ""29"": 0.0, ""43"": 0.0}",same-panel seed variability; no CI or independence claim
stage_a_uci_v2,tent,parameters,0,ba,uci_internal_fixed,recoveries,3,0.0,0.0,"{""17"": 0.0, ""29"": 0.0, ""43"": 0.0}",same-panel seed variability; no CI or independence claim
stage_a_uci_v2,tent,parameters,4,ab,uci_internal_fixed,accuracy,3,0.8616536458333334,0.01817386048464565,"{""17"": 0.859375, ""29"": 0.8447265625, ""43"": 0.880859375}",same-panel seed variability; no CI or independence claim
stage_a_uci_v2,tent,parameters,4,ab,uci_internal_fixed,nll,3,0.5145020303060358,0.11514023582858333,"{""17"": 0.5036687420458444, ""29"": 0.634676043723535, ""43"": 0.40516130514872817}",same-panel seed variability; no CI or independence claim
stage_a_uci_v2,tent,parameters,4,ab,uci_internal_fixed,brier,3,0.21418720471350258,0.032909177070045155,"{""17"": 0.2165156663145436, ""29"": 0.245870312242852, ""43"": 0.1801756355831121}",same-panel seed variability; no CI or independence claim
stage_a_uci_v2,tent,parameters,4,ab,uci_internal_fixed,ece15,3,0.07905311101615511,0.01541256550191186,"{""17"": 0.0806275751283608, ""29"": 0.09361801146404845, ""43"": 0.0629137464560561}",same-panel seed variability; no CI or independence claim
stage_a_uci_v2,tent,parameters,4,ab,uci_internal_fixed,seconds,3,0.1261260833368093,0.013994744541051355,"{""17"": 0.11570700000447684, ""29"": 0.14203305000410177, ""43"": 0.1206382000018493}",same-panel seed variability; no CI or independence claim
stage_a_uci_v2,tent,parameters,4,ab,uci_internal_fixed,updates,3,16.0,0.0,"{""17"": 16.0, ""29"": 16.0, ""43"": 16.0}",same-panel seed variability; no CI or independence claim
stage_a_uci_v2,tent,parameters,4,ab,uci_internal_fixed,skipped,3,0.0,0.0,"{""17"": 0.0, ""29"": 0.0, ""43"": 0.0}",same-panel seed variability; no CI or independence claim
stage_a_uci_v2,tent,parameters,4,ab,uci_internal_fixed,recoveries,3,0.0,0.0,"{""17"": 0.0, ""29"": 0.0, ""43"": 0.0}",same-panel seed variability; no CI or independence claim
stage_a_uci_v2,tent,parameters,4,ba,uci_internal_fixed,accuracy,3,0.8616536458333334,0.01817386048464565,"{""17"": 0.859375, ""29"": 0.8447265625, ""43"": 0.880859375}",same-panel seed variability; no CI or independence claim
stage_a_uci_v2,tent,parameters,4,ba,uci_internal_fixed,nll,3,0.5145257348698197,0.11511043829412511,"{""17"": 0.5036606918559201, ""29"": 0.6346834765094637, ""43"": 0.40523303624407503}",same-panel seed variability; no CI or independence claim
stage_a_uci_v2,tent,parameters,4,ba,uci_internal_fixed,brier,3,0.2141885849925409,0.032900432472962135,"{""17"": 0.2165073141444036, ""29"": 0.2458683141654962, ""43"": 0.18019012666772286}",same-panel seed variability; no CI or independence claim
stage_a_uci_v2,tent,parameters,4,ba,uci_internal_fixed,ece15,3,0.07888675211553235,0.015162594666060738,"{""17"": 0.08063557464399465, ""29"": 0.0930991063041811, ""43"": 0.0629255753984213}",same-panel seed variability; no CI or independence claim
stage_a_uci_v2,tent,parameters,4,ba,uci_internal_fixed,seconds,3,0.1254844833310926,0.024802109352571714,"{""17"": 0.11933699999644884, ""29"": 0.15278219999891005, ""43"": 0.10433424999791896}",same-panel seed variability; no CI or independence claim
stage_a_uci_v2,tent,parameters,4,ba,uci_internal_fixed,updates,3,16.0,0.0,"{""17"": 16.0, ""29"": 16.0, ""43"": 16.0}",same-panel seed variability; no CI or independence claim
stage_a_uci_v2,tent,parameters,4,ba,uci_internal_fixed,skipped,3,0.0,0.0,"{""17"": 0.0, ""29"": 0.0, ""43"": 0.0}",same-panel seed variability; no CI or independence claim
stage_a_uci_v2,tent,parameters,4,ba,uci_internal_fixed,recoveries,3,0.0,0.0,"{""17"": 0.0, ""29"": 0.0, ""43"": 0.0}",same-panel seed variability; no CI or independence claim
stage_a_uci_v2,tent,parameters_aux,0,ab,uci_internal_fixed,accuracy,3,0.8616536458333334,0.01817386048464565,"{""17"": 0.859375, ""29"": 0.8447265625, ""43"": 0.880859375}",same-panel seed variability; no CI or independence claim
stage_a_uci_v2,tent,parameters_aux,0,ab,uci_internal_fixed,nll,3,0.51405495626297,0.11384032658621915,"{""17"": 0.5037357180248052, ""29"": 0.6327035834352337, ""43"": 0.4057255673288713}",same-panel seed variability; no CI or independence claim
stage_a_uci_v2,tent,parameters_aux,0,ab,uci_internal_fixed,brier,3,0.21412125965748938,0.032610016882616714,"{""17"": 0.21654701220291023, ""29"": 0.24545066349121644, ""43"": 0.18036610327834152}",same-panel seed variability; no CI or independence claim
stage_a_uci_v2,tent,parameters_aux,0,ab,uci_internal_fixed,ece15,3,0.07901208171909709,0.015382717278510002,"{""17"": 0.0806069918029438, ""29"": 0.0935352071896381, ""43"": 0.06289404616470935}",same-panel seed variability; no CI or independence claim
stage_a_uci_v2,tent,parameters_aux,0,ab,uci_internal_fixed,seconds,3,0.11817981666293535,0.033824602516118,"{""17"": 0.10889734999364005, ""29"": 0.15567649999866262, ""43"": 0.0899655999965034}",same-panel seed variability; no CI or independence claim
stage_a_uci_v2,tent,parameters_aux,0,ab,uci_internal_fixed,updates,3,16.0,0.0,"{""17"": 16.0, ""29"": 16.0, ""43"": 16.0}",same-panel seed variability; no CI or independence claim
stage_a_uci_v2,tent,parameters_aux,0,ab,uci_internal_fixed,skipped,3,0.0,0.0,"{""17"": 0.0, ""29"": 0.0, ""43"": 0.0}",same-panel seed variability; no CI or independence claim
stage_a_uci_v2,tent,parameters_aux,0,ab,uci_internal_fixed,recoveries,3,0.0,0.0,"{""17"": 0.0, ""29"": 0.0, ""43"": 0.0}",same-panel seed variability; no CI or independence claim
stage_a_uci_v2,tent,parameters_aux,0,ba,uci_internal_fixed,accuracy,3,0.8616536458333334,0.01817386048464565,"{""17"": 0.859375, ""29"": 0.8447265625, ""43"": 0.880859375}",same-panel seed variability; no CI or independence claim
stage_a_uci_v2,tent,parameters_aux,0,ba,uci_internal_fixed,nll,3,0.5140915711297555,0.11379816245998248,"{""17"": 0.5037222330867153, ""29"": 0.6327195273069306, ""43"": 0.4058329529956203}",same-panel seed variability; no CI or independence claim
stage_a_uci_v2,tent,parameters_aux,0,ba,uci_internal_fixed,brier,3,0.21412360523940868,0.032597793981853695,"{""17"": 0.21653407000510672, ""29"": 0.2454492569083861, ""43"": 0.1803874888047333}",same-panel seed variability; no CI or independence claim
stage_a_uci_v2,tent,parameters_aux,0,ba,uci_internal_fixed,ece15,3,0.07902311552166603,0.01537536356443656,"{""17"": 0.08061911659979434, ""29"": 0.09353822668981421, ""43"": 0.06291200327538955}",same-panel seed variability; no CI or independence claim
stage_a_uci_v2,tent,parameters_aux,0,ba,uci_internal_fixed,seconds,3,0.11397948333372669,0.018688896381202188,"{""17"": 0.11083554999640904, ""29"": 0.1340409500044188, ""43"": 0.0970619500003522}",same-panel seed variability; no CI or independence claim
stage_a_uci_v2,tent,parameters_aux,0,ba,uci_internal_fixed,updates,3,16.0,0.0,"{""17"": 16.0, ""29"": 16.0, ""43"": 16.0}",same-panel seed variability; no CI or independence claim
stage_a_uci_v2,tent,parameters_aux,0,ba,uci_internal_fixed,skipped,3,0.0,0.0,"{""17"": 0.0, ""29"": 0.0, ""43"": 0.0}",same-panel seed variability; no CI or independence claim
stage_a_uci_v2,tent,parameters_aux,0,ba,uci_internal_fixed,recoveries,3,0.0,0.0,"{""17"": 0.0, ""29"": 0.0, ""43"": 0.0}",same-panel seed variability; no CI or independence claim
stage_a_uci_v2,tent,parameters_aux,4,ab,uci_internal_fixed,accuracy,3,0.8616536458333334,0.01817386048464565,"{""17"": 0.859375, ""29"": 0.8447265625, ""43"": 0.880859375}",same-panel seed variability; no CI or independence claim
stage_a_uci_v2,tent,parameters_aux,4,ab,uci_internal_fixed,nll,3,0.5145020303060358,0.11514023582858333,"{""17"": 0.5036687420458444, ""29"": 0.634676043723535, ""43"": 0.40516130514872817}",same-panel seed variability; no CI or independence claim
stage_a_uci_v2,tent,parameters_aux,4,ab,uci_internal_fixed,brier,3,0.21418720471350258,0.032909177070045155,"{""17"": 0.2165156663145436, ""29"": 0.245870312242852, ""43"": 0.1801756355831121}",same-panel seed variability; no CI or independence claim
stage_a_uci_v2,tent,parameters_aux,4,ab,uci_internal_fixed,ece15,3,0.07905311101615511,0.01541256550191186,"{""17"": 0.0806275751283608, ""29"": 0.09361801146404845, ""43"": 0.0629137464560561}",same-panel seed variability; no CI or independence claim
stage_a_uci_v2,tent,parameters_aux,4,ab,uci_internal_fixed,seconds,3,0.111116883335247,0.011944137066955417,"{""17"": 0.11331169999903065, ""29"": 0.121811400000297, ""43"": 0.09822755000641334}",same-panel seed variability; no CI or independence claim
stage_a_uci_v2,tent,parameters_aux,4,ab,uci_internal_fixed,updates,3,16.0,0.0,"{""17"": 16.0, ""29"": 16.0, ""43"": 16.0}",same-panel seed variability; no CI or independence claim
stage_a_uci_v2,tent,parameters_aux,4,ab,uci_internal_fixed,skipped,3,0.0,0.0,"{""17"": 0.0, ""29"": 0.0, ""43"": 0.0}",same-panel seed variability; no CI or independence claim
stage_a_uci_v2,tent,parameters_aux,4,ab,uci_internal_fixed,recoveries,3,0.0,0.0,"{""17"": 0.0, ""29"": 0.0, ""43"": 0.0}",same-panel seed variability; no CI or independence claim
stage_a_uci_v2,tent,parameters_aux,4,ba,uci_internal_fixed,accuracy,3,0.8616536458333334,0.01817386048464565,"{""17"": 0.859375, ""29"": 0.8447265625, ""43"": 0.880859375}",same-panel seed variability; no CI or independence claim
stage_a_uci_v2,tent,parameters_aux,4,ba,uci_internal_fixed,nll,3,0.5145257348698197,0.11511043829412511,"{""17"": 0.5036606918559201, ""29"": 0.6346834765094637, ""43"": 0.40523303624407503}",same-panel seed variability; no CI or independence claim
stage_a_uci_v2,tent,parameters_aux,4,ba,uci_internal_fixed,brier,3,0.2141885849925409,0.032900432472962135,"{""17"": 0.2165073141444036, ""29"": 0.2458683141654962, ""43"": 0.18019012666772286}",same-panel seed variability; no CI or independence claim
stage_a_uci_v2,tent,parameters_aux,4,ba,uci_internal_fixed,ece15,3,0.07888675211553235,0.015162594666060738,"{""17"": 0.08063557464399465, ""29"": 0.0930991063041811, ""43"": 0.0629255753984213}",same-panel seed variability; no CI or independence claim
stage_a_uci_v2,tent,parameters_aux,4,ba,uci_internal_fixed,seconds,3,0.1118477333366172,0.009340864442312784,"{""17"": 0.11297070000728125, ""29"": 0.12057634999655414, ""43"": 0.1019961500060162}",same-panel seed variability; no CI or independence claim
stage_a_uci_v2,tent,parameters_aux,4,ba,uci_internal_fixed,updates,3,16.0,0.0,"{""17"": 16.0, ""29"": 16.0, ""43"": 16.0}",same-panel seed variability; no CI or independence claim
stage_a_uci_v2,tent,parameters_aux,4,ba,uci_internal_fixed,skipped,3,0.0,0.0,"{""17"": 0.0, ""29"": 0.0, ""43"": 0.0}",same-panel seed variability; no CI or independence claim
stage_a_uci_v2,tent,parameters_aux,4,ba,uci_internal_fixed,recoveries,3,0.0,0.0,"{""17"": 0.0, ""29"": 0.0, ""43"": 0.0}",same-panel seed variability; no CI or independence claim
stage_a_uci_v2,tent,parameters_optimizer,0,ab,uci_internal_fixed,accuracy,3,0.8616536458333334,0.01817386048464565,"{""17"": 0.859375, ""29"": 0.8447265625, ""43"": 0.880859375}",same-panel seed variability; no CI or independence claim
stage_a_uci_v2,tent,parameters_optimizer,0,ab,uci_internal_fixed,nll,3,0.5141457317600596,0.11401331650864832,"{""17"": 0.5038094188406126, ""29"": 0.6329752572847591, ""43"": 0.4056525191548072}",same-panel seed variability; no CI or independence claim
stage_a_uci_v2,tent,parameters_optimizer,0,ab,uci_internal_fixed,brier,3,0.21414177940910126,0.03264660806145098,"{""17"": 0.21656771148689508, ""29"": 0.24550775070835953, ""43"": 0.1803498760320491}",same-panel seed variability; no CI or independence claim
stage_a_uci_v2,tent,parameters_optimizer,0,ab,uci_internal_fixed,ece15,3,0.07899930300355357,0.015389981740626021,"{""17"": 0.08059263206845049, ""29"": 0.09353063621526654, ""43"": 0.06287464072694365}",same-panel seed variability; no CI or independence claim
stage_a_uci_v2,tent,parameters_optimizer,0,ab,uci_internal_fixed,seconds,3,0.12199816666786013,0.030403051224265766,"{""17"": 0.10981870000250635, ""29"": 0.1566026500004227, ""43"": 0.09957315000065135}",same-panel seed variability; no CI or independence claim
stage_a_uci_v2,tent,parameters_optimizer,0,ab,uci_internal_fixed,updates,3,16.0,0.0,"{""17"": 16.0, ""29"": 16.0, ""43"": 16.0}",same-panel seed variability; no CI or independence claim
stage_a_uci_v2,tent,parameters_optimizer,0,ab,uci_internal_fixed,skipped,3,0.0,0.0,"{""17"": 0.0, ""29"": 0.0, ""43"": 0.0}",same-panel seed variability; no CI or independence claim
stage_a_uci_v2,tent,parameters_optimizer,0,ab,uci_internal_fixed,recoveries,3,0.0,0.0,"{""17"": 0.0, ""29"": 0.0, ""43"": 0.0}",same-panel seed variability; no CI or independence claim
stage_a_uci_v2,tent,parameters_optimizer,0,ba,uci_internal_fixed,accuracy,3,0.8616536458333334,0.01817386048464565,"{""17"": 0.859375, ""29"": 0.8447265625, ""43"": 0.880859375}",same-panel seed variability; no CI or independence claim
stage_a_uci_v2,tent,parameters_optimizer,0,ba,uci_internal_fixed,nll,3,0.5141457317600596,0.11401331650864832,"{""17"": 0.5038094188406126, ""29"": 0.6329752572847591, ""43"": 0.4056525191548072}",same-panel seed variability; no CI or independence claim
stage_a_uci_v2,tent,parameters_optimizer,0,ba,uci_internal_fixed,brier,3,0.21414177940910126,0.03264660806145098,"{""17"": 0.21656771148689508, ""29"": 0.24550775070835953, ""43"": 0.1803498760320491}",same-panel seed variability; no CI or independence claim
stage_a_uci_v2,tent,parameters_optimizer,0,ba,uci_internal_fixed,ece15,3,0.07899930300355357,0.015389981740626021,"{""17"": 0.08059263206845049, ""29"": 0.09353063621526654, ""43"": 0.06287464072694365}",same-panel seed variability; no CI or independence claim
stage_a_uci_v2,tent,parameters_optimizer,0,ba,uci_internal_fixed,seconds,3,0.12674271666764977,0.034842769050914685,"{""17"": 0.1228798500014818, ""29"": 0.16335594999691236, ""43"": 0.09399235000455515}",same-panel seed variability; no CI or independence claim
stage_a_uci_v2,tent,parameters_optimizer,0,ba,uci_internal_fixed,updates,3,16.0,0.0,"{""17"": 16.0, ""29"": 16.0, ""43"": 16.0}",same-panel seed variability; no CI or independence claim
stage_a_uci_v2,tent,parameters_optimizer,0,ba,uci_internal_fixed,skipped,3,0.0,0.0,"{""17"": 0.0, ""29"": 0.0, ""43"": 0.0}",same-panel seed variability; no CI or independence claim
stage_a_uci_v2,tent,parameters_optimizer,0,ba,uci_internal_fixed,recoveries,3,0.0,0.0,"{""17"": 0.0, ""29"": 0.0, ""43"": 0.0}",same-panel seed variability; no CI or independence claim
stage_a_uci_v2,tent,parameters_optimizer,4,ab,uci_internal_fixed,accuracy,3,0.8616536458333334,0.01817386048464565,"{""17"": 0.859375, ""29"": 0.8447265625, ""43"": 0.880859375}",same-panel seed variability; no CI or independence claim
stage_a_uci_v2,tent,parameters_optimizer,4,ab,uci_internal_fixed,nll,3,0.5141457317600596,0.11401331650864832,"{""17"": 0.5038094188406126, ""29"": 0.6329752572847591, ""43"": 0.4056525191548072}",same-panel seed variability; no CI or independence claim
stage_a_uci_v2,tent,parameters_optimizer,4,ab,uci_internal_fixed,brier,3,0.21414177940910126,0.03264660806145098,"{""17"": 0.21656771148689508, ""29"": 0.24550775070835953, ""43"": 0.1803498760320491}",same-panel seed variability; no CI or independence claim
stage_a_uci_v2,tent,parameters_optimizer,4,ab,uci_internal_fixed,ece15,3,0.07899930300355357,0.015389981740626021,"{""17"": 0.08059263206845049, ""29"": 0.09353063621526654, ""43"": 0.06287464072694365}",same-panel seed variability; no CI or independence claim
stage_a_uci_v2,tent,parameters_optimizer,4,ab,uci_internal_fixed,seconds,3,0.12758623333259797,0.019274934673022555,"{""17"": 0.13200009999854956, ""29"": 0.14427140000043434, ""43"": 0.10648719999880996}",same-panel seed variability; no CI or independence claim
stage_a_uci_v2,tent,parameters_optimizer,4,ab,uci_internal_fixed,updates,3,16.0,0.0,"{""17"": 16.0, ""29"": 16.0, ""43"": 16.0}",same-panel seed variability; no CI or independence claim
stage_a_uci_v2,tent,parameters_optimizer,4,ab,uci_internal_fixed,skipped,3,0.0,0.0,"{""17"": 0.0, ""29"": 0.0, ""43"": 0.0}",same-panel seed variability; no CI or independence claim
stage_a_uci_v2,tent,parameters_optimizer,4,ab,uci_internal_fixed,recoveries,3,0.0,0.0,"{""17"": 0.0, ""29"": 0.0, ""43"": 0.0}",same-panel seed variability; no CI or independence claim
stage_a_uci_v2,tent,parameters_optimizer,4,ba,uci_internal_fixed,accuracy,3,0.8616536458333334,0.01817386048464565,"{""17"": 0.859375, ""29"": 0.8447265625, ""43"": 0.880859375}",same-panel seed variability; no CI or independence claim
stage_a_uci_v2,tent,parameters_optimizer,4,ba,uci_internal_fixed,nll,3,0.5141457317600596,0.11401331650864832,"{""17"": 0.5038094188406126, ""29"": 0.6329752572847591, ""43"": 0.4056525191548072}",same-panel seed variability; no CI or independence claim
stage_a_uci_v2,tent,parameters_optimizer,4,ba,uci_internal_fixed,brier,3,0.21414177940910126,0.03264660806145098,"{""17"": 0.21656771148689508, ""29"": 0.24550775070835953, ""43"": 0.1803498760320491}",same-panel seed variability; no CI or independence claim
stage_a_uci_v2,tent,parameters_optimizer,4,ba,uci_internal_fixed,ece15,3,0.07899930300355357,0.015389981740626021,"{""17"": 0.08059263206845049, ""29"": 0.09353063621526654, ""43"": 0.06287464072694365}",same-panel seed variability; no CI or independence claim
stage_a_uci_v2,tent,parameters_optimizer,4,ba,uci_internal_fixed,seconds,3,0.12173470000076726,0.016041324259801596,"{""17"": 0.1261373999950592, ""29"": 0.13511495000420837, ""43"": 0.1039517500030342}",same-panel seed variability; no CI or independence claim
stage_a_uci_v2,tent,parameters_optimizer,4,ba,uci_internal_fixed,updates,3,16.0,0.0,"{""17"": 16.0, ""29"": 16.0, ""43"": 16.0}",same-panel seed variability; no CI or independence claim
stage_a_uci_v2,tent,parameters_optimizer,4,ba,uci_internal_fixed,skipped,3,0.0,0.0,"{""17"": 0.0, ""29"": 0.0, ""43"": 0.0}",same-panel seed variability; no CI or independence claim
stage_a_uci_v2,tent,parameters_optimizer,4,ba,uci_internal_fixed,recoveries,3,0.0,0.0,"{""17"": 0.0, ""29"": 0.0, ""43"": 0.0}",same-panel seed variability; no CI or independence claim
stage_a_uci_v2,tent,parameters_optimizer_aux,0,ab,uci_internal_fixed,accuracy,3,0.8616536458333334,0.01817386048464565,"{""17"": 0.859375, ""29"": 0.8447265625, ""43"": 0.880859375}",same-panel seed variability; no CI or independence claim
stage_a_uci_v2,tent,parameters_optimizer_aux,0,ab,uci_internal_fixed,nll,3,0.5141457317600596,0.11401331650864832,"{""17"": 0.5038094188406126, ""29"": 0.6329752572847591, ""43"": 0.4056525191548072}",same-panel seed variability; no CI or independence claim
stage_a_uci_v2,tent,parameters_optimizer_aux,0,ab,uci_internal_fixed,brier,3,0.21414177940910126,0.03264660806145098,"{""17"": 0.21656771148689508, ""29"": 0.24550775070835953, ""43"": 0.1803498760320491}",same-panel seed variability; no CI or independence claim
stage_a_uci_v2,tent,parameters_optimizer_aux,0,ab,uci_internal_fixed,ece15,3,0.07899930300355357,0.015389981740626021,"{""17"": 0.08059263206845049, ""29"": 0.09353063621526654, ""43"": 0.06287464072694365}",same-panel seed variability; no CI or independence claim
stage_a_uci_v2,tent,parameters_optimizer_aux,0,ab,uci_internal_fixed,seconds,3,0.12352408333633012,0.01975298094601069,"{""17"": 0.1240865000072517, ""29"": 0.14298985000641545, ""43"": 0.1034958999953232}",same-panel seed variability; no CI or independence claim
stage_a_uci_v2,tent,parameters_optimizer_aux,0,ab,uci_internal_fixed,updates,3,16.0,0.0,"{""17"": 16.0, ""29"": 16.0, ""43"": 16.0}",same-panel seed variability; no CI or independence claim
stage_a_uci_v2,tent,parameters_optimizer_aux,0,ab,uci_internal_fixed,skipped,3,0.0,0.0,"{""17"": 0.0, ""29"": 0.0, ""43"": 0.0}",same-panel seed variability; no CI or independence claim
stage_a_uci_v2,tent,parameters_optimizer_aux,0,ab,uci_internal_fixed,recoveries,3,0.0,0.0,"{""17"": 0.0, ""29"": 0.0, ""43"": 0.0}",same-panel seed variability; no CI or independence claim
stage_a_uci_v2,tent,parameters_optimizer_aux,0,ba,uci_internal_fixed,accuracy,3,0.8616536458333334,0.01817386048464565,"{""17"": 0.859375, ""29"": 0.8447265625, ""43"": 0.880859375}",same-panel seed variability; no CI or independence claim
stage_a_uci_v2,tent,parameters_optimizer_aux,0,ba,uci_internal_fixed,nll,3,0.5141457317600596,0.11401331650864832,"{""17"": 0.5038094188406126, ""29"": 0.6329752572847591, ""43"": 0.4056525191548072}",same-panel seed variability; no CI or independence claim
stage_a_uci_v2,tent,parameters_optimizer_aux,0,ba,uci_internal_fixed,brier,3,0.21414177940910126,0.03264660806145098,"{""17"": 0.21656771148689508, ""29"": 0.24550775070835953, ""43"": 0.1803498760320491}",same-panel seed variability; no CI or independence claim
stage_a_uci_v2,tent,parameters_optimizer_aux,0,ba,uci_internal_fixed,ece15,3,0.07899930300355357,0.015389981740626021,"{""17"": 0.08059263206845049, ""29"": 0.09353063621526654, ""43"": 0.06287464072694365}",same-panel seed variability; no CI or independence claim
stage_a_uci_v2,tent,parameters_optimizer_aux,0,ba,uci_internal_fixed,seconds,3,0.13955404999918145,0.04721469013049575,"{""17"": 0.11135479999938974, ""29"": 0.19406195000192378, ""43"": 0.1132453999962308}",same-panel seed variability; no CI or independence claim
stage_a_uci_v2,tent,parameters_optimizer_aux,0,ba,uci_internal_fixed,updates,3,16.0,0.0,"{""17"": 16.0, ""29"": 16.0, ""43"": 16.0}",same-panel seed variability; no CI or independence claim
stage_a_uci_v2,tent,parameters_optimizer_aux,0,ba,uci_internal_fixed,skipped,3,0.0,0.0,"{""17"": 0.0, ""29"": 0.0, ""43"": 0.0}",same-panel seed variability; no CI or independence claim
stage_a_uci_v2,tent,parameters_optimizer_aux,0,ba,uci_internal_fixed,recoveries,3,0.0,0.0,"{""17"": 0.0, ""29"": 0.0, ""43"": 0.0}",same-panel seed variability; no CI or independence claim
stage_a_uci_v2,tent,parameters_optimizer_aux,4,ab,uci_internal_fixed,accuracy,3,0.8616536458333334,0.01817386048464565,"{""17"": 0.859375, ""29"": 0.8447265625, ""43"": 0.880859375}",same-panel seed variability; no CI or independence claim
stage_a_uci_v2,tent,parameters_optimizer_aux,4,ab,uci_internal_fixed,nll,3,0.5141457317600596,0.11401331650864832,"{""17"": 0.5038094188406126, ""29"": 0.6329752572847591, ""43"": 0.4056525191548072}",same-panel seed variability; no CI or independence claim
stage_a_uci_v2,tent,parameters_optimizer_aux,4,ab,uci_internal_fixed,brier,3,0.21414177940910126,0.03264660806145098,"{""17"": 0.21656771148689508, ""29"": 0.24550775070835953, ""43"": 0.1803498760320491}",same-panel seed variability; no CI or independence claim
stage_a_uci_v2,tent,parameters_optimizer_aux,4,ab,uci_internal_fixed,ece15,3,0.07899930300355357,0.015389981740626021,"{""17"": 0.08059263206845049, ""29"": 0.09353063621526654, ""43"": 0.06287464072694365}",same-panel seed variability; no CI or independence claim
stage_a_uci_v2,tent,parameters_optimizer_aux,4,ab,uci_internal_fixed,seconds,3,0.10375738332610729,0.014123982438086399,"{""17"": 0.11535884999466355, ""29"": 0.10788344999309624, ""43"": 0.08802984999056204}",same-panel seed variability; no CI or independence claim
stage_a_uci_v2,tent,parameters_optimizer_aux,4,ab,uci_internal_fixed,updates,3,16.0,0.0,"{""17"": 16.0, ""29"": 16.0, ""43"": 16.0}",same-panel seed variability; no CI or independence claim
stage_a_uci_v2,tent,parameters_optimizer_aux,4,ab,uci_internal_fixed,skipped,3,0.0,0.0,"{""17"": 0.0, ""29"": 0.0, ""43"": 0.0}",same-panel seed variability; no CI or independence claim
stage_a_uci_v2,tent,parameters_optimizer_aux,4,ab,uci_internal_fixed,recoveries,3,0.0,0.0,"{""17"": 0.0, ""29"": 0.0, ""43"": 0.0}",same-panel seed variability; no CI or independence claim
stage_a_uci_v2,tent,parameters_optimizer_aux,4,ba,uci_internal_fixed,accuracy,3,0.8616536458333334,0.01817386048464565,"{""17"": 0.859375, ""29"": 0.8447265625, ""43"": 0.880859375}",same-panel seed variability; no CI or independence claim
stage_a_uci_v2,tent,parameters_optimizer_aux,4,ba,uci_internal_fixed,nll,3,0.5141457317600596,0.11401331650864832,"{""17"": 0.5038094188406126, ""29"": 0.6329752572847591, ""43"": 0.4056525191548072}",same-panel seed variability; no CI or independence claim
stage_a_uci_v2,tent,parameters_optimizer_aux,4,ba,uci_internal_fixed,brier,3,0.21414177940910126,0.03264660806145098,"{""17"": 0.21656771148689508, ""29"": 0.24550775070835953, ""43"": 0.1803498760320491}",same-panel seed variability; no CI or independence claim
stage_a_uci_v2,tent,parameters_optimizer_aux,4,ba,uci_internal_fixed,ece15,3,0.07899930300355357,0.015389981740626021,"{""17"": 0.08059263206845049, ""29"": 0.09353063621526654, ""43"": 0.06287464072694365}",same-panel seed variability; no CI or independence claim
stage_a_uci_v2,tent,parameters_optimizer_aux,4,ba,uci_internal_fixed,seconds,3,0.12107786666456373,0.030772897748563174,"{""17"": 0.1514337999979034, ""29"": 0.12189550000039155, ""43"": 0.08990429999539626}",same-panel seed variability; no CI or independence claim
stage_a_uci_v2,tent,parameters_optimizer_aux,4,ba,uci_internal_fixed,updates,3,16.0,0.0,"{""17"": 16.0, ""29"": 16.0, ""43"": 16.0}",same-panel seed variability; no CI or independence claim
stage_a_uci_v2,tent,parameters_optimizer_aux,4,ba,uci_internal_fixed,skipped,3,0.0,0.0,"{""17"": 0.0, ""29"": 0.0, ""43"": 0.0}",same-panel seed variability; no CI or independence claim
stage_a_uci_v2,tent,parameters_optimizer_aux,4,ba,uci_internal_fixed,recoveries,3,0.0,0.0,"{""17"": 0.0, ""29"": 0.0, ""43"": 0.0}",same-panel seed variability; no CI or independence claim
