experiment_id,method,intervention,washout_batches,direction,metric,n_panels,mean,sd,ci95_low,ci95_high,n_seeds_min,n_seeds_max,individual_panels,interval_type
stage_a_uci_v2,norm,all,0,ab,accuracy,1,0.861328125,,,,3,3,"{""uci_internal_fixed"": 0.861328125}",descriptive panel t interval; design-conditional
stage_a_uci_v2,norm,all,0,ab,nll,1,0.51379354555466,,,,3,3,"{""uci_internal_fixed"": 0.51379354555466}",descriptive panel t interval; design-conditional
stage_a_uci_v2,norm,all,0,ab,brier,1,0.21413016188688805,,,,3,3,"{""uci_internal_fixed"": 0.21413016188688805}",descriptive panel t interval; design-conditional
stage_a_uci_v2,norm,all,0,ab,ece15,1,0.07924768291116553,,,,3,3,"{""uci_internal_fixed"": 0.07924768291116553}",descriptive panel t interval; design-conditional
stage_a_uci_v2,norm,all,0,ab,seconds,1,0.059480566664812266,,,,3,3,"{""uci_internal_fixed"": 0.059480566664812266}",descriptive panel t interval; design-conditional
stage_a_uci_v2,norm,all,0,ab,updates,1,0.0,,,,3,3,"{""uci_internal_fixed"": 0.0}",descriptive panel t interval; design-conditional
stage_a_uci_v2,norm,all,0,ab,skipped,1,0.0,,,,3,3,"{""uci_internal_fixed"": 0.0}",descriptive panel t interval; design-conditional
stage_a_uci_v2,norm,all,0,ab,recoveries,1,0.0,,,,3,3,"{""uci_internal_fixed"": 0.0}",descriptive panel t interval; design-conditional
stage_a_uci_v2,norm,all,0,ba,accuracy,1,0.861328125,,,,3,3,"{""uci_internal_fixed"": 0.861328125}",descriptive panel t interval; design-conditional
stage_a_uci_v2,norm,all,0,ba,nll,1,0.51379354555466,,,,3,3,"{""uci_internal_fixed"": 0.51379354555466}",descriptive panel t interval; design-conditional
stage_a_uci_v2,norm,all,0,ba,brier,1,0.21413016188688805,,,,3,3,"{""uci_internal_fixed"": 0.21413016188688805}",descriptive panel t interval; design-conditional
stage_a_uci_v2,norm,all,0,ba,ece15,1,0.07924768291116553,,,,3,3,"{""uci_internal_fixed"": 0.07924768291116553}",descriptive panel t interval; design-conditional
stage_a_uci_v2,norm,all,0,ba,seconds,1,0.05860381666813428,,,,3,3,"{""uci_internal_fixed"": 0.05860381666813428}",descriptive panel t interval; design-conditional
stage_a_uci_v2,norm,all,0,ba,updates,1,0.0,,,,3,3,"{""uci_internal_fixed"": 0.0}",descriptive panel t interval; design-conditional
stage_a_uci_v2,norm,all,0,ba,skipped,1,0.0,,,,3,3,"{""uci_internal_fixed"": 0.0}",descriptive panel t interval; design-conditional
stage_a_uci_v2,norm,all,0,ba,recoveries,1,0.0,,,,3,3,"{""uci_internal_fixed"": 0.0}",descriptive panel t interval; design-conditional
stage_a_uci_v2,norm,all,4,ab,accuracy,1,0.861328125,,,,3,3,"{""uci_internal_fixed"": 0.861328125}",descriptive panel t interval; design-conditional
stage_a_uci_v2,norm,all,4,ab,nll,1,0.51379354555466,,,,3,3,"{""uci_internal_fixed"": 0.51379354555466}",descriptive panel t interval; design-conditional
stage_a_uci_v2,norm,all,4,ab,brier,1,0.21413016188688805,,,,3,3,"{""uci_internal_fixed"": 0.21413016188688805}",descriptive panel t interval; design-conditional
stage_a_uci_v2,norm,all,4,ab,ece15,1,0.07924768291116553,,,,3,3,"{""uci_internal_fixed"": 0.07924768291116553}",descriptive panel t interval; design-conditional
stage_a_uci_v2,norm,all,4,ab,seconds,1,0.06366720000126706,,,,3,3,"{""uci_internal_fixed"": 0.06366720000126706}",descriptive panel t interval; design-conditional
stage_a_uci_v2,norm,all,4,ab,updates,1,0.0,,,,3,3,"{""uci_internal_fixed"": 0.0}",descriptive panel t interval; design-conditional
stage_a_uci_v2,norm,all,4,ab,skipped,1,0.0,,,,3,3,"{""uci_internal_fixed"": 0.0}",descriptive panel t interval; design-conditional
stage_a_uci_v2,norm,all,4,ab,recoveries,1,0.0,,,,3,3,"{""uci_internal_fixed"": 0.0}",descriptive panel t interval; design-conditional
stage_a_uci_v2,norm,all,4,ba,accuracy,1,0.861328125,,,,3,3,"{""uci_internal_fixed"": 0.861328125}",descriptive panel t interval; design-conditional
stage_a_uci_v2,norm,all,4,ba,nll,1,0.51379354555466,,,,3,3,"{""uci_internal_fixed"": 0.51379354555466}",descriptive panel t interval; design-conditional
stage_a_uci_v2,norm,all,4,ba,brier,1,0.21413016188688805,,,,3,3,"{""uci_internal_fixed"": 0.21413016188688805}",descriptive panel t interval; design-conditional
stage_a_uci_v2,norm,all,4,ba,ece15,1,0.07924768291116553,,,,3,3,"{""uci_internal_fixed"": 0.07924768291116553}",descriptive panel t interval; design-conditional
stage_a_uci_v2,norm,all,4,ba,seconds,1,0.06602003333440125,,,,3,3,"{""uci_internal_fixed"": 0.06602003333440125}",descriptive panel t interval; design-conditional
stage_a_uci_v2,norm,all,4,ba,updates,1,0.0,,,,3,3,"{""uci_internal_fixed"": 0.0}",descriptive panel t interval; design-conditional
stage_a_uci_v2,norm,all,4,ba,skipped,1,0.0,,,,3,3,"{""uci_internal_fixed"": 0.0}",descriptive panel t interval; design-conditional
stage_a_uci_v2,norm,all,4,ba,recoveries,1,0.0,,,,3,3,"{""uci_internal_fixed"": 0.0}",descriptive panel t interval; design-conditional
stage_a_uci_v2,norm,none,0,ab,accuracy,1,0.861328125,,,,3,3,"{""uci_internal_fixed"": 0.861328125}",descriptive panel t interval; design-conditional
stage_a_uci_v2,norm,none,0,ab,nll,1,0.51379354555466,,,,3,3,"{""uci_internal_fixed"": 0.51379354555466}",descriptive panel t interval; design-conditional
stage_a_uci_v2,norm,none,0,ab,brier,1,0.21413016188688805,,,,3,3,"{""uci_internal_fixed"": 0.21413016188688805}",descriptive panel t interval; design-conditional
stage_a_uci_v2,norm,none,0,ab,ece15,1,0.07924768291116553,,,,3,3,"{""uci_internal_fixed"": 0.07924768291116553}",descriptive panel t interval; design-conditional
stage_a_uci_v2,norm,none,0,ab,seconds,1,0.06094839999665657,,,,3,3,"{""uci_internal_fixed"": 0.06094839999665657}",descriptive panel t interval; design-conditional
stage_a_uci_v2,norm,none,0,ab,updates,1,0.0,,,,3,3,"{""uci_internal_fixed"": 0.0}",descriptive panel t interval; design-conditional
stage_a_uci_v2,norm,none,0,ab,skipped,1,0.0,,,,3,3,"{""uci_internal_fixed"": 0.0}",descriptive panel t interval; design-conditional
stage_a_uci_v2,norm,none,0,ab,recoveries,1,0.0,,,,3,3,"{""uci_internal_fixed"": 0.0}",descriptive panel t interval; design-conditional
stage_a_uci_v2,norm,none,0,ba,accuracy,1,0.861328125,,,,3,3,"{""uci_internal_fixed"": 0.861328125}",descriptive panel t interval; design-conditional
stage_a_uci_v2,norm,none,0,ba,nll,1,0.51379354555466,,,,3,3,"{""uci_internal_fixed"": 0.51379354555466}",descriptive panel t interval; design-conditional
stage_a_uci_v2,norm,none,0,ba,brier,1,0.21413016188688805,,,,3,3,"{""uci_internal_fixed"": 0.21413016188688805}",descriptive panel t interval; design-conditional
stage_a_uci_v2,norm,none,0,ba,ece15,1,0.07924768291116553,,,,3,3,"{""uci_internal_fixed"": 0.07924768291116553}",descriptive panel t interval; design-conditional
stage_a_uci_v2,norm,none,0,ba,seconds,1,0.06078448333573757,,,,3,3,"{""uci_internal_fixed"": 0.06078448333573757}",descriptive panel t interval; design-conditional
stage_a_uci_v2,norm,none,0,ba,updates,1,0.0,,,,3,3,"{""uci_internal_fixed"": 0.0}",descriptive panel t interval; design-conditional
stage_a_uci_v2,norm,none,0,ba,skipped,1,0.0,,,,3,3,"{""uci_internal_fixed"": 0.0}",descriptive panel t interval; design-conditional
stage_a_uci_v2,norm,none,0,ba,recoveries,1,0.0,,,,3,3,"{""uci_internal_fixed"": 0.0}",descriptive panel t interval; design-conditional
stage_a_uci_v2,norm,none,4,ab,accuracy,1,0.861328125,,,,3,3,"{""uci_internal_fixed"": 0.861328125}",descriptive panel t interval; design-conditional
stage_a_uci_v2,norm,none,4,ab,nll,1,0.51379354555466,,,,3,3,"{""uci_internal_fixed"": 0.51379354555466}",descriptive panel t interval; design-conditional
stage_a_uci_v2,norm,none,4,ab,brier,1,0.21413016188688805,,,,3,3,"{""uci_internal_fixed"": 0.21413016188688805}",descriptive panel t interval; design-conditional
stage_a_uci_v2,norm,none,4,ab,ece15,1,0.07924768291116553,,,,3,3,"{""uci_internal_fixed"": 0.07924768291116553}",descriptive panel t interval; design-conditional
stage_a_uci_v2,norm,none,4,ab,seconds,1,0.060616650000156314,,,,3,3,"{""uci_internal_fixed"": 0.060616650000156314}",descriptive panel t interval; design-conditional
stage_a_uci_v2,norm,none,4,ab,updates,1,0.0,,,,3,3,"{""uci_internal_fixed"": 0.0}",descriptive panel t interval; design-conditional
stage_a_uci_v2,norm,none,4,ab,skipped,1,0.0,,,,3,3,"{""uci_internal_fixed"": 0.0}",descriptive panel t interval; design-conditional
stage_a_uci_v2,norm,none,4,ab,recoveries,1,0.0,,,,3,3,"{""uci_internal_fixed"": 0.0}",descriptive panel t interval; design-conditional
stage_a_uci_v2,norm,none,4,ba,accuracy,1,0.861328125,,,,3,3,"{""uci_internal_fixed"": 0.861328125}",descriptive panel t interval; design-conditional
stage_a_uci_v2,norm,none,4,ba,nll,1,0.51379354555466,,,,3,3,"{""uci_internal_fixed"": 0.51379354555466}",descriptive panel t interval; design-conditional
stage_a_uci_v2,norm,none,4,ba,brier,1,0.21413016188688805,,,,3,3,"{""uci_internal_fixed"": 0.21413016188688805}",descriptive panel t interval; design-conditional
stage_a_uci_v2,norm,none,4,ba,ece15,1,0.07924768291116553,,,,3,3,"{""uci_internal_fixed"": 0.07924768291116553}",descriptive panel t interval; design-conditional
stage_a_uci_v2,norm,none,4,ba,seconds,1,0.060980983328287615,,,,3,3,"{""uci_internal_fixed"": 0.060980983328287615}",descriptive panel t interval; design-conditional
stage_a_uci_v2,norm,none,4,ba,updates,1,0.0,,,,3,3,"{""uci_internal_fixed"": 0.0}",descriptive panel t interval; design-conditional
stage_a_uci_v2,norm,none,4,ba,skipped,1,0.0,,,,3,3,"{""uci_internal_fixed"": 0.0}",descriptive panel t interval; design-conditional
stage_a_uci_v2,norm,none,4,ba,recoveries,1,0.0,,,,3,3,"{""uci_internal_fixed"": 0.0}",descriptive panel t interval; design-conditional
stage_a_uci_v2,sar_complete,all,0,ab,accuracy,1,0.8616536458333334,,,,3,3,"{""uci_internal_fixed"": 0.8616536458333334}",descriptive panel t interval; design-conditional
stage_a_uci_v2,sar_complete,all,0,ab,nll,1,0.5136921476014341,,,,3,3,"{""uci_internal_fixed"": 0.5136921476014341}",descriptive panel t interval; design-conditional
stage_a_uci_v2,sar_complete,all,0,ab,brier,1,0.21403785842504322,,,,3,3,"{""uci_internal_fixed"": 0.21403785842504322}",descriptive panel t interval; design-conditional
stage_a_uci_v2,sar_complete,all,0,ab,ece15,1,0.07898169428309054,,,,3,3,"{""uci_internal_fixed"": 0.07898169428309054}",descriptive panel t interval; design-conditional
stage_a_uci_v2,sar_complete,all,0,ab,seconds,1,0.2218297833339117,,,,3,3,"{""uci_internal_fixed"": 0.2218297833339117}",descriptive panel t interval; design-conditional
stage_a_uci_v2,sar_complete,all,0,ab,updates,1,16.0,,,,3,3,"{""uci_internal_fixed"": 16.0}",descriptive panel t interval; design-conditional
stage_a_uci_v2,sar_complete,all,0,ab,skipped,1,0.0,,,,3,3,"{""uci_internal_fixed"": 0.0}",descriptive panel t interval; design-conditional
stage_a_uci_v2,sar_complete,all,0,ab,recoveries,1,8.5,,,,3,3,"{""uci_internal_fixed"": 8.5}",descriptive panel t interval; design-conditional
stage_a_uci_v2,sar_complete,all,0,ba,accuracy,1,0.8616536458333334,,,,3,3,"{""uci_internal_fixed"": 0.8616536458333334}",descriptive panel t interval; design-conditional
stage_a_uci_v2,sar_complete,all,0,ba,nll,1,0.5136921476014341,,,,3,3,"{""uci_internal_fixed"": 0.5136921476014341}",descriptive panel t interval; design-conditional
stage_a_uci_v2,sar_complete,all,0,ba,brier,1,0.21403785842504322,,,,3,3,"{""uci_internal_fixed"": 0.21403785842504322}",descriptive panel t interval; design-conditional
stage_a_uci_v2,sar_complete,all,0,ba,ece15,1,0.07898169428309054,,,,3,3,"{""uci_internal_fixed"": 0.07898169428309054}",descriptive panel t interval; design-conditional
stage_a_uci_v2,sar_complete,all,0,ba,seconds,1,0.21988063333265015,,,,3,3,"{""uci_internal_fixed"": 0.21988063333265015}",descriptive panel t interval; design-conditional
stage_a_uci_v2,sar_complete,all,0,ba,updates,1,16.0,,,,3,3,"{""uci_internal_fixed"": 16.0}",descriptive panel t interval; design-conditional
stage_a_uci_v2,sar_complete,all,0,ba,skipped,1,0.0,,,,3,3,"{""uci_internal_fixed"": 0.0}",descriptive panel t interval; design-conditional
stage_a_uci_v2,sar_complete,all,0,ba,recoveries,1,8.5,,,,3,3,"{""uci_internal_fixed"": 8.5}",descriptive panel t interval; design-conditional
stage_a_uci_v2,sar_complete,all,4,ab,accuracy,1,0.8616536458333334,,,,3,3,"{""uci_internal_fixed"": 0.8616536458333334}",descriptive panel t interval; design-conditional
stage_a_uci_v2,sar_complete,all,4,ab,nll,1,0.5136921476014341,,,,3,3,"{""uci_internal_fixed"": 0.5136921476014341}",descriptive panel t interval; design-conditional
stage_a_uci_v2,sar_complete,all,4,ab,brier,1,0.21403785842504322,,,,3,3,"{""uci_internal_fixed"": 0.21403785842504322}",descriptive panel t interval; design-conditional
stage_a_uci_v2,sar_complete,all,4,ab,ece15,1,0.07898169428309054,,,,3,3,"{""uci_internal_fixed"": 0.07898169428309054}",descriptive panel t interval; design-conditional
stage_a_uci_v2,sar_complete,all,4,ab,seconds,1,0.207379633335222,,,,3,3,"{""uci_internal_fixed"": 0.207379633335222}",descriptive panel t interval; design-conditional
stage_a_uci_v2,sar_complete,all,4,ab,updates,1,16.0,,,,3,3,"{""uci_internal_fixed"": 16.0}",descriptive panel t interval; design-conditional
stage_a_uci_v2,sar_complete,all,4,ab,skipped,1,0.0,,,,3,3,"{""uci_internal_fixed"": 0.0}",descriptive panel t interval; design-conditional
stage_a_uci_v2,sar_complete,all,4,ab,recoveries,1,8.5,,,,3,3,"{""uci_internal_fixed"": 8.5}",descriptive panel t interval; design-conditional
stage_a_uci_v2,sar_complete,all,4,ba,accuracy,1,0.8616536458333334,,,,3,3,"{""uci_internal_fixed"": 0.8616536458333334}",descriptive panel t interval; design-conditional
stage_a_uci_v2,sar_complete,all,4,ba,nll,1,0.5136921476014341,,,,3,3,"{""uci_internal_fixed"": 0.5136921476014341}",descriptive panel t interval; design-conditional
stage_a_uci_v2,sar_complete,all,4,ba,brier,1,0.21403785842504322,,,,3,3,"{""uci_internal_fixed"": 0.21403785842504322}",descriptive panel t interval; design-conditional
stage_a_uci_v2,sar_complete,all,4,ba,ece15,1,0.07898169428309054,,,,3,3,"{""uci_internal_fixed"": 0.07898169428309054}",descriptive panel t interval; design-conditional
stage_a_uci_v2,sar_complete,all,4,ba,seconds,1,0.19969678333533614,,,,3,3,"{""uci_internal_fixed"": 0.19969678333533614}",descriptive panel t interval; design-conditional
stage_a_uci_v2,sar_complete,all,4,ba,updates,1,16.0,,,,3,3,"{""uci_internal_fixed"": 16.0}",descriptive panel t interval; design-conditional
stage_a_uci_v2,sar_complete,all,4,ba,skipped,1,0.0,,,,3,3,"{""uci_internal_fixed"": 0.0}",descriptive panel t interval; design-conditional
stage_a_uci_v2,sar_complete,all,4,ba,recoveries,1,8.5,,,,3,3,"{""uci_internal_fixed"": 8.5}",descriptive panel t interval; design-conditional
stage_a_uci_v2,sar_complete,aux,0,ab,accuracy,1,0.8616536458333334,,,,3,3,"{""uci_internal_fixed"": 0.8616536458333334}",descriptive panel t interval; design-conditional
stage_a_uci_v2,sar_complete,aux,0,ab,nll,1,0.5136911208914686,,,,3,3,"{""uci_internal_fixed"": 0.5136911208914686}",descriptive panel t interval; design-conditional
stage_a_uci_v2,sar_complete,aux,0,ab,brier,1,0.21403761550077616,,,,3,3,"{""uci_internal_fixed"": 0.21403761550077616}",descriptive panel t interval; design-conditional
stage_a_uci_v2,sar_complete,aux,0,ab,ece15,1,0.07898263321143657,,,,3,3,"{""uci_internal_fixed"": 0.07898263321143657}",descriptive panel t interval; design-conditional
stage_a_uci_v2,sar_complete,aux,0,ab,seconds,1,0.2865196000008533,,,,3,3,"{""uci_internal_fixed"": 0.2865196000008533}",descriptive panel t interval; design-conditional
stage_a_uci_v2,sar_complete,aux,0,ab,updates,1,16.0,,,,3,3,"{""uci_internal_fixed"": 16.0}",descriptive panel t interval; design-conditional
stage_a_uci_v2,sar_complete,aux,0,ab,skipped,1,0.0,,,,3,3,"{""uci_internal_fixed"": 0.0}",descriptive panel t interval; design-conditional
stage_a_uci_v2,sar_complete,aux,0,ab,recoveries,1,8.5,,,,3,3,"{""uci_internal_fixed"": 8.5}",descriptive panel t interval; design-conditional
stage_a_uci_v2,sar_complete,aux,0,ba,accuracy,1,0.8616536458333334,,,,3,3,"{""uci_internal_fixed"": 0.8616536458333334}",descriptive panel t interval; design-conditional
stage_a_uci_v2,sar_complete,aux,0,ba,nll,1,0.5136918991569656,,,,3,3,"{""uci_internal_fixed"": 0.5136918991569656}",descriptive panel t interval; design-conditional
stage_a_uci_v2,sar_complete,aux,0,ba,brier,1,0.21403775275629702,,,,3,3,"{""uci_internal_fixed"": 0.21403775275629702}",descriptive panel t interval; design-conditional
stage_a_uci_v2,sar_complete,aux,0,ba,ece15,1,0.07898188026443755,,,,3,3,"{""uci_internal_fixed"": 0.07898188026443755}",descriptive panel t interval; design-conditional
stage_a_uci_v2,sar_complete,aux,0,ba,seconds,1,0.21630903333182983,,,,3,3,"{""uci_internal_fixed"": 0.21630903333182983}",descriptive panel t interval; design-conditional
stage_a_uci_v2,sar_complete,aux,0,ba,updates,1,16.0,,,,3,3,"{""uci_internal_fixed"": 16.0}",descriptive panel t interval; design-conditional
stage_a_uci_v2,sar_complete,aux,0,ba,skipped,1,0.0,,,,3,3,"{""uci_internal_fixed"": 0.0}",descriptive panel t interval; design-conditional
stage_a_uci_v2,sar_complete,aux,0,ba,recoveries,1,8.5,,,,3,3,"{""uci_internal_fixed"": 8.5}",descriptive panel t interval; design-conditional
stage_a_uci_v2,sar_complete,aux,4,ab,accuracy,1,0.8616536458333334,,,,3,3,"{""uci_internal_fixed"": 0.8616536458333334}",descriptive panel t interval; design-conditional
stage_a_uci_v2,sar_complete,aux,4,ab,nll,1,0.5136921476014341,,,,3,3,"{""uci_internal_fixed"": 0.5136921476014341}",descriptive panel t interval; design-conditional
stage_a_uci_v2,sar_complete,aux,4,ab,brier,1,0.21403785842504322,,,,3,3,"{""uci_internal_fixed"": 0.21403785842504322}",descriptive panel t interval; design-conditional
stage_a_uci_v2,sar_complete,aux,4,ab,ece15,1,0.07898169428309054,,,,3,3,"{""uci_internal_fixed"": 0.07898169428309054}",descriptive panel t interval; design-conditional
stage_a_uci_v2,sar_complete,aux,4,ab,seconds,1,0.2087808000020838,,,,3,3,"{""uci_internal_fixed"": 0.2087808000020838}",descriptive panel t interval; design-conditional
stage_a_uci_v2,sar_complete,aux,4,ab,updates,1,16.0,,,,3,3,"{""uci_internal_fixed"": 16.0}",descriptive panel t interval; design-conditional
stage_a_uci_v2,sar_complete,aux,4,ab,skipped,1,0.0,,,,3,3,"{""uci_internal_fixed"": 0.0}",descriptive panel t interval; design-conditional
stage_a_uci_v2,sar_complete,aux,4,ab,recoveries,1,8.5,,,,3,3,"{""uci_internal_fixed"": 8.5}",descriptive panel t interval; design-conditional
stage_a_uci_v2,sar_complete,aux,4,ba,accuracy,1,0.8616536458333334,,,,3,3,"{""uci_internal_fixed"": 0.8616536458333334}",descriptive panel t interval; design-conditional
stage_a_uci_v2,sar_complete,aux,4,ba,nll,1,0.5136921476014341,,,,3,3,"{""uci_internal_fixed"": 0.5136921476014341}",descriptive panel t interval; design-conditional
stage_a_uci_v2,sar_complete,aux,4,ba,brier,1,0.21403785842504322,,,,3,3,"{""uci_internal_fixed"": 0.21403785842504322}",descriptive panel t interval; design-conditional
stage_a_uci_v2,sar_complete,aux,4,ba,ece15,1,0.07898169428309054,,,,3,3,"{""uci_internal_fixed"": 0.07898169428309054}",descriptive panel t interval; design-conditional
stage_a_uci_v2,sar_complete,aux,4,ba,seconds,1,0.23172958333210167,,,,3,3,"{""uci_internal_fixed"": 0.23172958333210167}",descriptive panel t interval; design-conditional
stage_a_uci_v2,sar_complete,aux,4,ba,updates,1,16.0,,,,3,3,"{""uci_internal_fixed"": 16.0}",descriptive panel t interval; design-conditional
stage_a_uci_v2,sar_complete,aux,4,ba,skipped,1,0.0,,,,3,3,"{""uci_internal_fixed"": 0.0}",descriptive panel t interval; design-conditional
stage_a_uci_v2,sar_complete,aux,4,ba,recoveries,1,8.5,,,,3,3,"{""uci_internal_fixed"": 8.5}",descriptive panel t interval; design-conditional
stage_a_uci_v2,sar_complete,none,0,ab,accuracy,1,0.861328125,,,,3,3,"{""uci_internal_fixed"": 0.861328125}",descriptive panel t interval; design-conditional
stage_a_uci_v2,sar_complete,none,0,ab,nll,1,0.5138863357021054,,,,3,3,"{""uci_internal_fixed"": 0.5138863357021054}",descriptive panel t interval; design-conditional
stage_a_uci_v2,sar_complete,none,0,ab,brier,1,0.21414417125556526,,,,3,3,"{""uci_internal_fixed"": 0.21414417125556526}",descriptive panel t interval; design-conditional
stage_a_uci_v2,sar_complete,none,0,ab,ece15,1,0.07925299168666443,,,,3,3,"{""uci_internal_fixed"": 0.07925299168666443}",descriptive panel t interval; design-conditional
stage_a_uci_v2,sar_complete,none,0,ab,seconds,1,0.2002287333331575,,,,3,3,"{""uci_internal_fixed"": 0.2002287333331575}",descriptive panel t interval; design-conditional
stage_a_uci_v2,sar_complete,none,0,ab,updates,1,16.0,,,,3,3,"{""uci_internal_fixed"": 16.0}",descriptive panel t interval; design-conditional
stage_a_uci_v2,sar_complete,none,0,ab,skipped,1,0.0,,,,3,3,"{""uci_internal_fixed"": 0.0}",descriptive panel t interval; design-conditional
stage_a_uci_v2,sar_complete,none,0,ab,recoveries,1,12.833333333333334,,,,3,3,"{""uci_internal_fixed"": 12.833333333333334}",descriptive panel t interval; design-conditional
stage_a_uci_v2,sar_complete,none,0,ba,accuracy,1,0.861328125,,,,3,3,"{""uci_internal_fixed"": 0.861328125}",descriptive panel t interval; design-conditional
stage_a_uci_v2,sar_complete,none,0,ba,nll,1,0.5138358542693372,,,,3,3,"{""uci_internal_fixed"": 0.5138358542693372}",descriptive panel t interval; design-conditional
stage_a_uci_v2,sar_complete,none,0,ba,brier,1,0.21413102141123852,,,,3,3,"{""uci_internal_fixed"": 0.21413102141123852}",descriptive panel t interval; design-conditional
stage_a_uci_v2,sar_complete,none,0,ba,ece15,1,0.0792531270536798,,,,3,3,"{""uci_internal_fixed"": 0.0792531270536798}",descriptive panel t interval; design-conditional
stage_a_uci_v2,sar_complete,none,0,ba,seconds,1,0.20867161666925915,,,,3,3,"{""uci_internal_fixed"": 0.20867161666925915}",descriptive panel t interval; design-conditional
stage_a_uci_v2,sar_complete,none,0,ba,updates,1,16.0,,,,3,3,"{""uci_internal_fixed"": 16.0}",descriptive panel t interval; design-conditional
stage_a_uci_v2,sar_complete,none,0,ba,skipped,1,0.0,,,,3,3,"{""uci_internal_fixed"": 0.0}",descriptive panel t interval; design-conditional
stage_a_uci_v2,sar_complete,none,0,ba,recoveries,1,12.333333333333334,,,,3,3,"{""uci_internal_fixed"": 12.333333333333334}",descriptive panel t interval; design-conditional
stage_a_uci_v2,sar_complete,none,4,ab,accuracy,1,0.861328125,,,,3,3,"{""uci_internal_fixed"": 0.861328125}",descriptive panel t interval; design-conditional
stage_a_uci_v2,sar_complete,none,4,ab,nll,1,0.5141057965680674,,,,3,3,"{""uci_internal_fixed"": 0.5141057965680674}",descriptive panel t interval; design-conditional
stage_a_uci_v2,sar_complete,none,4,ab,brier,1,0.21417164845120007,,,,3,3,"{""uci_internal_fixed"": 0.21417164845120007}",descriptive panel t interval; design-conditional
stage_a_uci_v2,sar_complete,none,4,ab,ece15,1,0.07928688614591352,,,,3,3,"{""uci_internal_fixed"": 0.07928688614591352}",descriptive panel t interval; design-conditional
stage_a_uci_v2,sar_complete,none,4,ab,seconds,1,0.20549475000249606,,,,3,3,"{""uci_internal_fixed"": 0.20549475000249606}",descriptive panel t interval; design-conditional
stage_a_uci_v2,sar_complete,none,4,ab,updates,1,16.0,,,,3,3,"{""uci_internal_fixed"": 16.0}",descriptive panel t interval; design-conditional
stage_a_uci_v2,sar_complete,none,4,ab,skipped,1,0.0,,,,3,3,"{""uci_internal_fixed"": 0.0}",descriptive panel t interval; design-conditional
stage_a_uci_v2,sar_complete,none,4,ab,recoveries,1,10.166666666666666,,,,3,3,"{""uci_internal_fixed"": 10.166666666666666}",descriptive panel t interval; design-conditional
stage_a_uci_v2,sar_complete,none,4,ba,accuracy,1,0.8616536458333334,,,,3,3,"{""uci_internal_fixed"": 0.8616536458333334}",descriptive panel t interval; design-conditional
stage_a_uci_v2,sar_complete,none,4,ba,nll,1,0.5141350032858429,,,,3,3,"{""uci_internal_fixed"": 0.5141350032858429}",descriptive panel t interval; design-conditional
stage_a_uci_v2,sar_complete,none,4,ba,brier,1,0.2141765961736135,,,,3,3,"{""uci_internal_fixed"": 0.2141765961736135}",descriptive panel t interval; design-conditional
stage_a_uci_v2,sar_complete,none,4,ba,ece15,1,0.07896337537981624,,,,3,3,"{""uci_internal_fixed"": 0.07896337537981624}",descriptive panel t interval; design-conditional
stage_a_uci_v2,sar_complete,none,4,ba,seconds,1,0.20517908333325366,,,,3,3,"{""uci_internal_fixed"": 0.20517908333325366}",descriptive panel t interval; design-conditional
stage_a_uci_v2,sar_complete,none,4,ba,updates,1,16.0,,,,3,3,"{""uci_internal_fixed"": 16.0}",descriptive panel t interval; design-conditional
stage_a_uci_v2,sar_complete,none,4,ba,skipped,1,0.0,,,,3,3,"{""uci_internal_fixed"": 0.0}",descriptive panel t interval; design-conditional
stage_a_uci_v2,sar_complete,none,4,ba,recoveries,1,10.0,,,,3,3,"{""uci_internal_fixed"": 10.0}",descriptive panel t interval; design-conditional
stage_a_uci_v2,sar_complete,optimizer,0,ab,accuracy,1,0.861328125,,,,3,3,"{""uci_internal_fixed"": 0.861328125}",descriptive panel t interval; design-conditional
stage_a_uci_v2,sar_complete,optimizer,0,ab,nll,1,0.5138863386224921,,,,3,3,"{""uci_internal_fixed"": 0.5138863386224921}",descriptive panel t interval; design-conditional
stage_a_uci_v2,sar_complete,optimizer,0,ab,brier,1,0.21414417126145927,,,,3,3,"{""uci_internal_fixed"": 0.21414417126145927}",descriptive panel t interval; design-conditional
stage_a_uci_v2,sar_complete,optimizer,0,ab,ece15,1,0.07925298877045095,,,,3,3,"{""uci_internal_fixed"": 0.07925298877045095}",descriptive panel t interval; design-conditional
stage_a_uci_v2,sar_complete,optimizer,0,ab,seconds,1,0.2259194000022641,,,,3,3,"{""uci_internal_fixed"": 0.2259194000022641}",descriptive panel t interval; design-conditional
stage_a_uci_v2,sar_complete,optimizer,0,ab,updates,1,16.0,,,,3,3,"{""uci_internal_fixed"": 16.0}",descriptive panel t interval; design-conditional
stage_a_uci_v2,sar_complete,optimizer,0,ab,skipped,1,0.0,,,,3,3,"{""uci_internal_fixed"": 0.0}",descriptive panel t interval; design-conditional
stage_a_uci_v2,sar_complete,optimizer,0,ab,recoveries,1,12.833333333333334,,,,3,3,"{""uci_internal_fixed"": 12.833333333333334}",descriptive panel t interval; design-conditional
stage_a_uci_v2,sar_complete,optimizer,0,ba,accuracy,1,0.861328125,,,,3,3,"{""uci_internal_fixed"": 0.861328125}",descriptive panel t interval; design-conditional
stage_a_uci_v2,sar_complete,optimizer,0,ba,nll,1,0.5138358755361777,,,,3,3,"{""uci_internal_fixed"": 0.5138358755361777}",descriptive panel t interval; design-conditional
stage_a_uci_v2,sar_complete,optimizer,0,ba,brier,1,0.214131032451684,,,,3,3,"{""uci_internal_fixed"": 0.214131032451684}",descriptive panel t interval; design-conditional
stage_a_uci_v2,sar_complete,optimizer,0,ba,ece15,1,0.07925311549218288,,,,3,3,"{""uci_internal_fixed"": 0.07925311549218288}",descriptive panel t interval; design-conditional
stage_a_uci_v2,sar_complete,optimizer,0,ba,seconds,1,0.22979956666677026,,,,3,3,"{""uci_internal_fixed"": 0.22979956666677026}",descriptive panel t interval; design-conditional
stage_a_uci_v2,sar_complete,optimizer,0,ba,updates,1,16.0,,,,3,3,"{""uci_internal_fixed"": 16.0}",descriptive panel t interval; design-conditional
stage_a_uci_v2,sar_complete,optimizer,0,ba,skipped,1,0.0,,,,3,3,"{""uci_internal_fixed"": 0.0}",descriptive panel t interval; design-conditional
stage_a_uci_v2,sar_complete,optimizer,0,ba,recoveries,1,12.333333333333334,,,,3,3,"{""uci_internal_fixed"": 12.333333333333334}",descriptive panel t interval; design-conditional
stage_a_uci_v2,sar_complete,optimizer,4,ab,accuracy,1,0.861328125,,,,3,3,"{""uci_internal_fixed"": 0.861328125}",descriptive panel t interval; design-conditional
stage_a_uci_v2,sar_complete,optimizer,4,ab,nll,1,0.5141057965680674,,,,3,3,"{""uci_internal_fixed"": 0.5141057965680674}",descriptive panel t interval; design-conditional
stage_a_uci_v2,sar_complete,optimizer,4,ab,brier,1,0.21417164845120007,,,,3,3,"{""uci_internal_fixed"": 0.21417164845120007}",descriptive panel t interval; design-conditional
stage_a_uci_v2,sar_complete,optimizer,4,ab,ece15,1,0.07928688614591352,,,,3,3,"{""uci_internal_fixed"": 0.07928688614591352}",descriptive panel t interval; design-conditional
stage_a_uci_v2,sar_complete,optimizer,4,ab,seconds,1,0.22874101666820926,,,,3,3,"{""uci_internal_fixed"": 0.22874101666820926}",descriptive panel t interval; design-conditional
stage_a_uci_v2,sar_complete,optimizer,4,ab,updates,1,16.0,,,,3,3,"{""uci_internal_fixed"": 16.0}",descriptive panel t interval; design-conditional
stage_a_uci_v2,sar_complete,optimizer,4,ab,skipped,1,0.0,,,,3,3,"{""uci_internal_fixed"": 0.0}",descriptive panel t interval; design-conditional
stage_a_uci_v2,sar_complete,optimizer,4,ab,recoveries,1,10.166666666666666,,,,3,3,"{""uci_internal_fixed"": 10.166666666666666}",descriptive panel t interval; design-conditional
stage_a_uci_v2,sar_complete,optimizer,4,ba,accuracy,1,0.8616536458333334,,,,3,3,"{""uci_internal_fixed"": 0.8616536458333334}",descriptive panel t interval; design-conditional
stage_a_uci_v2,sar_complete,optimizer,4,ba,nll,1,0.5141350032858429,,,,3,3,"{""uci_internal_fixed"": 0.5141350032858429}",descriptive panel t interval; design-conditional
stage_a_uci_v2,sar_complete,optimizer,4,ba,brier,1,0.2141765961736135,,,,3,3,"{""uci_internal_fixed"": 0.2141765961736135}",descriptive panel t interval; design-conditional
stage_a_uci_v2,sar_complete,optimizer,4,ba,ece15,1,0.07896337537981624,,,,3,3,"{""uci_internal_fixed"": 0.07896337537981624}",descriptive panel t interval; design-conditional
stage_a_uci_v2,sar_complete,optimizer,4,ba,seconds,1,0.2175190999987535,,,,3,3,"{""uci_internal_fixed"": 0.2175190999987535}",descriptive panel t interval; design-conditional
stage_a_uci_v2,sar_complete,optimizer,4,ba,updates,1,16.0,,,,3,3,"{""uci_internal_fixed"": 16.0}",descriptive panel t interval; design-conditional
stage_a_uci_v2,sar_complete,optimizer,4,ba,skipped,1,0.0,,,,3,3,"{""uci_internal_fixed"": 0.0}",descriptive panel t interval; design-conditional
stage_a_uci_v2,sar_complete,optimizer,4,ba,recoveries,1,10.0,,,,3,3,"{""uci_internal_fixed"": 10.0}",descriptive panel t interval; design-conditional
stage_a_uci_v2,sar_complete,optimizer_aux,0,ab,accuracy,1,0.8616536458333334,,,,3,3,"{""uci_internal_fixed"": 0.8616536458333334}",descriptive panel t interval; design-conditional
stage_a_uci_v2,sar_complete,optimizer_aux,0,ab,nll,1,0.5136911208914686,,,,3,3,"{""uci_internal_fixed"": 0.5136911208914686}",descriptive panel t interval; design-conditional
stage_a_uci_v2,sar_complete,optimizer_aux,0,ab,brier,1,0.21403761550077616,,,,3,3,"{""uci_internal_fixed"": 0.21403761550077616}",descriptive panel t interval; design-conditional
stage_a_uci_v2,sar_complete,optimizer_aux,0,ab,ece15,1,0.07898263321143657,,,,3,3,"{""uci_internal_fixed"": 0.07898263321143657}",descriptive panel t interval; design-conditional
stage_a_uci_v2,sar_complete,optimizer_aux,0,ab,seconds,1,0.21236051666589142,,,,3,3,"{""uci_internal_fixed"": 0.21236051666589142}",descriptive panel t interval; design-conditional
stage_a_uci_v2,sar_complete,optimizer_aux,0,ab,updates,1,16.0,,,,3,3,"{""uci_internal_fixed"": 16.0}",descriptive panel t interval; design-conditional
stage_a_uci_v2,sar_complete,optimizer_aux,0,ab,skipped,1,0.0,,,,3,3,"{""uci_internal_fixed"": 0.0}",descriptive panel t interval; design-conditional
stage_a_uci_v2,sar_complete,optimizer_aux,0,ab,recoveries,1,8.5,,,,3,3,"{""uci_internal_fixed"": 8.5}",descriptive panel t interval; design-conditional
stage_a_uci_v2,sar_complete,optimizer_aux,0,ba,accuracy,1,0.8616536458333334,,,,3,3,"{""uci_internal_fixed"": 0.8616536458333334}",descriptive panel t interval; design-conditional
stage_a_uci_v2,sar_complete,optimizer_aux,0,ba,nll,1,0.5136918991569656,,,,3,3,"{""uci_internal_fixed"": 0.5136918991569656}",descriptive panel t interval; design-conditional
stage_a_uci_v2,sar_complete,optimizer_aux,0,ba,brier,1,0.21403775275629702,,,,3,3,"{""uci_internal_fixed"": 0.21403775275629702}",descriptive panel t interval; design-conditional
stage_a_uci_v2,sar_complete,optimizer_aux,0,ba,ece15,1,0.07898188026443755,,,,3,3,"{""uci_internal_fixed"": 0.07898188026443755}",descriptive panel t interval; design-conditional
stage_a_uci_v2,sar_complete,optimizer_aux,0,ba,seconds,1,0.22298455000175935,,,,3,3,"{""uci_internal_fixed"": 0.22298455000175935}",descriptive panel t interval; design-conditional
stage_a_uci_v2,sar_complete,optimizer_aux,0,ba,updates,1,16.0,,,,3,3,"{""uci_internal_fixed"": 16.0}",descriptive panel t interval; design-conditional
stage_a_uci_v2,sar_complete,optimizer_aux,0,ba,skipped,1,0.0,,,,3,3,"{""uci_internal_fixed"": 0.0}",descriptive panel t interval; design-conditional
stage_a_uci_v2,sar_complete,optimizer_aux,0,ba,recoveries,1,8.5,,,,3,3,"{""uci_internal_fixed"": 8.5}",descriptive panel t interval; design-conditional
stage_a_uci_v2,sar_complete,optimizer_aux,4,ab,accuracy,1,0.8616536458333334,,,,3,3,"{""uci_internal_fixed"": 0.8616536458333334}",descriptive panel t interval; design-conditional
stage_a_uci_v2,sar_complete,optimizer_aux,4,ab,nll,1,0.5136921476014341,,,,3,3,"{""uci_internal_fixed"": 0.5136921476014341}",descriptive panel t interval; design-conditional
stage_a_uci_v2,sar_complete,optimizer_aux,4,ab,brier,1,0.21403785842504322,,,,3,3,"{""uci_internal_fixed"": 0.21403785842504322}",descriptive panel t interval; design-conditional
stage_a_uci_v2,sar_complete,optimizer_aux,4,ab,ece15,1,0.07898169428309054,,,,3,3,"{""uci_internal_fixed"": 0.07898169428309054}",descriptive panel t interval; design-conditional
stage_a_uci_v2,sar_complete,optimizer_aux,4,ab,seconds,1,0.24063780000142287,,,,3,3,"{""uci_internal_fixed"": 0.24063780000142287}",descriptive panel t interval; design-conditional
stage_a_uci_v2,sar_complete,optimizer_aux,4,ab,updates,1,16.0,,,,3,3,"{""uci_internal_fixed"": 16.0}",descriptive panel t interval; design-conditional
stage_a_uci_v2,sar_complete,optimizer_aux,4,ab,skipped,1,0.0,,,,3,3,"{""uci_internal_fixed"": 0.0}",descriptive panel t interval; design-conditional
stage_a_uci_v2,sar_complete,optimizer_aux,4,ab,recoveries,1,8.5,,,,3,3,"{""uci_internal_fixed"": 8.5}",descriptive panel t interval; design-conditional
stage_a_uci_v2,sar_complete,optimizer_aux,4,ba,accuracy,1,0.8616536458333334,,,,3,3,"{""uci_internal_fixed"": 0.8616536458333334}",descriptive panel t interval; design-conditional
stage_a_uci_v2,sar_complete,optimizer_aux,4,ba,nll,1,0.5136921476014341,,,,3,3,"{""uci_internal_fixed"": 0.5136921476014341}",descriptive panel t interval; design-conditional
stage_a_uci_v2,sar_complete,optimizer_aux,4,ba,brier,1,0.21403785842504322,,,,3,3,"{""uci_internal_fixed"": 0.21403785842504322}",descriptive panel t interval; design-conditional
stage_a_uci_v2,sar_complete,optimizer_aux,4,ba,ece15,1,0.07898169428309054,,,,3,3,"{""uci_internal_fixed"": 0.07898169428309054}",descriptive panel t interval; design-conditional
stage_a_uci_v2,sar_complete,optimizer_aux,4,ba,seconds,1,0.1935158000002654,,,,3,3,"{""uci_internal_fixed"": 0.1935158000002654}",descriptive panel t interval; design-conditional
stage_a_uci_v2,sar_complete,optimizer_aux,4,ba,updates,1,16.0,,,,3,3,"{""uci_internal_fixed"": 16.0}",descriptive panel t interval; design-conditional
stage_a_uci_v2,sar_complete,optimizer_aux,4,ba,skipped,1,0.0,,,,3,3,"{""uci_internal_fixed"": 0.0}",descriptive panel t interval; design-conditional
stage_a_uci_v2,sar_complete,optimizer_aux,4,ba,recoveries,1,8.5,,,,3,3,"{""uci_internal_fixed"": 8.5}",descriptive panel t interval; design-conditional
stage_a_uci_v2,sar_complete,parameters,0,ab,accuracy,1,0.861328125,,,,3,3,"{""uci_internal_fixed"": 0.861328125}",descriptive panel t interval; design-conditional
stage_a_uci_v2,sar_complete,parameters,0,ab,nll,1,0.5138873977194044,,,,3,3,"{""uci_internal_fixed"": 0.5138873977194044}",descriptive panel t interval; design-conditional
stage_a_uci_v2,sar_complete,parameters,0,ab,brier,1,0.21414441399914164,,,,3,3,"{""uci_internal_fixed"": 0.21414441399914164}",descriptive panel t interval; design-conditional
stage_a_uci_v2,sar_complete,parameters,0,ab,ece15,1,0.07925201735986052,,,,3,3,"{""uci_internal_fixed"": 0.07925201735986052}",descriptive panel t interval; design-conditional
stage_a_uci_v2,sar_complete,parameters,0,ab,seconds,1,0.21786438332977318,,,,3,3,"{""uci_internal_fixed"": 0.21786438332977318}",descriptive panel t interval; design-conditional
stage_a_uci_v2,sar_complete,parameters,0,ab,updates,1,16.0,,,,3,3,"{""uci_internal_fixed"": 16.0}",descriptive panel t interval; design-conditional
stage_a_uci_v2,sar_complete,parameters,0,ab,skipped,1,0.0,,,,3,3,"{""uci_internal_fixed"": 0.0}",descriptive panel t interval; design-conditional
stage_a_uci_v2,sar_complete,parameters,0,ab,recoveries,1,12.833333333333334,,,,3,3,"{""uci_internal_fixed"": 12.833333333333334}",descriptive panel t interval; design-conditional
stage_a_uci_v2,sar_complete,parameters,0,ba,accuracy,1,0.861328125,,,,3,3,"{""uci_internal_fixed"": 0.861328125}",descriptive panel t interval; design-conditional
stage_a_uci_v2,sar_complete,parameters,0,ba,nll,1,0.5138363287174706,,,,3,3,"{""uci_internal_fixed"": 0.5138363287174706}",descriptive panel t interval; design-conditional
stage_a_uci_v2,sar_complete,parameters,0,ba,brier,1,0.2141312257386754,,,,3,3,"{""uci_internal_fixed"": 0.2141312257386754}",descriptive panel t interval; design-conditional
stage_a_uci_v2,sar_complete,parameters,0,ba,ece15,1,0.07925276788446722,,,,3,3,"{""uci_internal_fixed"": 0.07925276788446722}",descriptive panel t interval; design-conditional
stage_a_uci_v2,sar_complete,parameters,0,ba,seconds,1,0.21494396666579027,,,,3,3,"{""uci_internal_fixed"": 0.21494396666579027}",descriptive panel t interval; design-conditional
stage_a_uci_v2,sar_complete,parameters,0,ba,updates,1,16.0,,,,3,3,"{""uci_internal_fixed"": 16.0}",descriptive panel t interval; design-conditional
stage_a_uci_v2,sar_complete,parameters,0,ba,skipped,1,0.0,,,,3,3,"{""uci_internal_fixed"": 0.0}",descriptive panel t interval; design-conditional
stage_a_uci_v2,sar_complete,parameters,0,ba,recoveries,1,12.333333333333334,,,,3,3,"{""uci_internal_fixed"": 12.333333333333334}",descriptive panel t interval; design-conditional
stage_a_uci_v2,sar_complete,parameters,4,ab,accuracy,1,0.861328125,,,,3,3,"{""uci_internal_fixed"": 0.861328125}",descriptive panel t interval; design-conditional
stage_a_uci_v2,sar_complete,parameters,4,ab,nll,1,0.5141057965680674,,,,3,3,"{""uci_internal_fixed"": 0.5141057965680674}",descriptive panel t interval; design-conditional
stage_a_uci_v2,sar_complete,parameters,4,ab,brier,1,0.21417164845120007,,,,3,3,"{""uci_internal_fixed"": 0.21417164845120007}",descriptive panel t interval; design-conditional
stage_a_uci_v2,sar_complete,parameters,4,ab,ece15,1,0.07928688614591352,,,,3,3,"{""uci_internal_fixed"": 0.07928688614591352}",descriptive panel t interval; design-conditional
stage_a_uci_v2,sar_complete,parameters,4,ab,seconds,1,0.22599078333102318,,,,3,3,"{""uci_internal_fixed"": 0.22599078333102318}",descriptive panel t interval; design-conditional
stage_a_uci_v2,sar_complete,parameters,4,ab,updates,1,16.0,,,,3,3,"{""uci_internal_fixed"": 16.0}",descriptive panel t interval; design-conditional
stage_a_uci_v2,sar_complete,parameters,4,ab,skipped,1,0.0,,,,3,3,"{""uci_internal_fixed"": 0.0}",descriptive panel t interval; design-conditional
stage_a_uci_v2,sar_complete,parameters,4,ab,recoveries,1,10.166666666666666,,,,3,3,"{""uci_internal_fixed"": 10.166666666666666}",descriptive panel t interval; design-conditional
stage_a_uci_v2,sar_complete,parameters,4,ba,accuracy,1,0.8616536458333334,,,,3,3,"{""uci_internal_fixed"": 0.8616536458333334}",descriptive panel t interval; design-conditional
stage_a_uci_v2,sar_complete,parameters,4,ba,nll,1,0.5141350032858429,,,,3,3,"{""uci_internal_fixed"": 0.5141350032858429}",descriptive panel t interval; design-conditional
stage_a_uci_v2,sar_complete,parameters,4,ba,brier,1,0.2141765961736135,,,,3,3,"{""uci_internal_fixed"": 0.2141765961736135}",descriptive panel t interval; design-conditional
stage_a_uci_v2,sar_complete,parameters,4,ba,ece15,1,0.07896337537981624,,,,3,3,"{""uci_internal_fixed"": 0.07896337537981624}",descriptive panel t interval; design-conditional
stage_a_uci_v2,sar_complete,parameters,4,ba,seconds,1,0.254651350005588,,,,3,3,"{""uci_internal_fixed"": 0.254651350005588}",descriptive panel t interval; design-conditional
stage_a_uci_v2,sar_complete,parameters,4,ba,updates,1,16.0,,,,3,3,"{""uci_internal_fixed"": 16.0}",descriptive panel t interval; design-conditional
stage_a_uci_v2,sar_complete,parameters,4,ba,skipped,1,0.0,,,,3,3,"{""uci_internal_fixed"": 0.0}",descriptive panel t interval; design-conditional
stage_a_uci_v2,sar_complete,parameters,4,ba,recoveries,1,10.0,,,,3,3,"{""uci_internal_fixed"": 10.0}",descriptive panel t interval; design-conditional
stage_a_uci_v2,sar_complete,parameters_aux,0,ab,accuracy,1,0.8616536458333334,,,,3,3,"{""uci_internal_fixed"": 0.8616536458333334}",descriptive panel t interval; design-conditional
stage_a_uci_v2,sar_complete,parameters_aux,0,ab,nll,1,0.5136921476014341,,,,3,3,"{""uci_internal_fixed"": 0.5136921476014341}",descriptive panel t interval; design-conditional
stage_a_uci_v2,sar_complete,parameters_aux,0,ab,brier,1,0.21403785842504322,,,,3,3,"{""uci_internal_fixed"": 0.21403785842504322}",descriptive panel t interval; design-conditional
stage_a_uci_v2,sar_complete,parameters_aux,0,ab,ece15,1,0.07898169428309054,,,,3,3,"{""uci_internal_fixed"": 0.07898169428309054}",descriptive panel t interval; design-conditional
stage_a_uci_v2,sar_complete,parameters_aux,0,ab,seconds,1,0.21289105000081077,,,,3,3,"{""uci_internal_fixed"": 0.21289105000081077}",descriptive panel t interval; design-conditional
stage_a_uci_v2,sar_complete,parameters_aux,0,ab,updates,1,16.0,,,,3,3,"{""uci_internal_fixed"": 16.0}",descriptive panel t interval; design-conditional
stage_a_uci_v2,sar_complete,parameters_aux,0,ab,skipped,1,0.0,,,,3,3,"{""uci_internal_fixed"": 0.0}",descriptive panel t interval; design-conditional
stage_a_uci_v2,sar_complete,parameters_aux,0,ab,recoveries,1,8.5,,,,3,3,"{""uci_internal_fixed"": 8.5}",descriptive panel t interval; design-conditional
stage_a_uci_v2,sar_complete,parameters_aux,0,ba,accuracy,1,0.8616536458333334,,,,3,3,"{""uci_internal_fixed"": 0.8616536458333334}",descriptive panel t interval; design-conditional
stage_a_uci_v2,sar_complete,parameters_aux,0,ba,nll,1,0.5136921476014341,,,,3,3,"{""uci_internal_fixed"": 0.5136921476014341}",descriptive panel t interval; design-conditional
stage_a_uci_v2,sar_complete,parameters_aux,0,ba,brier,1,0.21403785842504322,,,,3,3,"{""uci_internal_fixed"": 0.21403785842504322}",descriptive panel t interval; design-conditional
stage_a_uci_v2,sar_complete,parameters_aux,0,ba,ece15,1,0.07898169428309054,,,,3,3,"{""uci_internal_fixed"": 0.07898169428309054}",descriptive panel t interval; design-conditional
stage_a_uci_v2,sar_complete,parameters_aux,0,ba,seconds,1,0.2211948666639121,,,,3,3,"{""uci_internal_fixed"": 0.2211948666639121}",descriptive panel t interval; design-conditional
stage_a_uci_v2,sar_complete,parameters_aux,0,ba,updates,1,16.0,,,,3,3,"{""uci_internal_fixed"": 16.0}",descriptive panel t interval; design-conditional
stage_a_uci_v2,sar_complete,parameters_aux,0,ba,skipped,1,0.0,,,,3,3,"{""uci_internal_fixed"": 0.0}",descriptive panel t interval; design-conditional
stage_a_uci_v2,sar_complete,parameters_aux,0,ba,recoveries,1,8.5,,,,3,3,"{""uci_internal_fixed"": 8.5}",descriptive panel t interval; design-conditional
stage_a_uci_v2,sar_complete,parameters_aux,4,ab,accuracy,1,0.8616536458333334,,,,3,3,"{""uci_internal_fixed"": 0.8616536458333334}",descriptive panel t interval; design-conditional
stage_a_uci_v2,sar_complete,parameters_aux,4,ab,nll,1,0.5136921476014341,,,,3,3,"{""uci_internal_fixed"": 0.5136921476014341}",descriptive panel t interval; design-conditional
stage_a_uci_v2,sar_complete,parameters_aux,4,ab,brier,1,0.21403785842504322,,,,3,3,"{""uci_internal_fixed"": 0.21403785842504322}",descriptive panel t interval; design-conditional
stage_a_uci_v2,sar_complete,parameters_aux,4,ab,ece15,1,0.07898169428309054,,,,3,3,"{""uci_internal_fixed"": 0.07898169428309054}",descriptive panel t interval; design-conditional
stage_a_uci_v2,sar_complete,parameters_aux,4,ab,seconds,1,0.22952589999961978,,,,3,3,"{""uci_internal_fixed"": 0.22952589999961978}",descriptive panel t interval; design-conditional
stage_a_uci_v2,sar_complete,parameters_aux,4,ab,updates,1,16.0,,,,3,3,"{""uci_internal_fixed"": 16.0}",descriptive panel t interval; design-conditional
stage_a_uci_v2,sar_complete,parameters_aux,4,ab,skipped,1,0.0,,,,3,3,"{""uci_internal_fixed"": 0.0}",descriptive panel t interval; design-conditional
stage_a_uci_v2,sar_complete,parameters_aux,4,ab,recoveries,1,8.5,,,,3,3,"{""uci_internal_fixed"": 8.5}",descriptive panel t interval; design-conditional
stage_a_uci_v2,sar_complete,parameters_aux,4,ba,accuracy,1,0.8616536458333334,,,,3,3,"{""uci_internal_fixed"": 0.8616536458333334}",descriptive panel t interval; design-conditional
stage_a_uci_v2,sar_complete,parameters_aux,4,ba,nll,1,0.5136921476014341,,,,3,3,"{""uci_internal_fixed"": 0.5136921476014341}",descriptive panel t interval; design-conditional
stage_a_uci_v2,sar_complete,parameters_aux,4,ba,brier,1,0.21403785842504322,,,,3,3,"{""uci_internal_fixed"": 0.21403785842504322}",descriptive panel t interval; design-conditional
stage_a_uci_v2,sar_complete,parameters_aux,4,ba,ece15,1,0.07898169428309054,,,,3,3,"{""uci_internal_fixed"": 0.07898169428309054}",descriptive panel t interval; design-conditional
stage_a_uci_v2,sar_complete,parameters_aux,4,ba,seconds,1,0.2343990000008489,,,,3,3,"{""uci_internal_fixed"": 0.2343990000008489}",descriptive panel t interval; design-conditional
stage_a_uci_v2,sar_complete,parameters_aux,4,ba,updates,1,16.0,,,,3,3,"{""uci_internal_fixed"": 16.0}",descriptive panel t interval; design-conditional
stage_a_uci_v2,sar_complete,parameters_aux,4,ba,skipped,1,0.0,,,,3,3,"{""uci_internal_fixed"": 0.0}",descriptive panel t interval; design-conditional
stage_a_uci_v2,sar_complete,parameters_aux,4,ba,recoveries,1,8.5,,,,3,3,"{""uci_internal_fixed"": 8.5}",descriptive panel t interval; design-conditional
stage_a_uci_v2,sar_complete,parameters_optimizer,0,ab,accuracy,1,0.861328125,,,,3,3,"{""uci_internal_fixed"": 0.861328125}",descriptive panel t interval; design-conditional
stage_a_uci_v2,sar_complete,parameters_optimizer,0,ab,nll,1,0.5138874008871673,,,,3,3,"{""uci_internal_fixed"": 0.5138874008871673}",descriptive panel t interval; design-conditional
stage_a_uci_v2,sar_complete,parameters_optimizer,0,ab,brier,1,0.21414441401160808,,,,3,3,"{""uci_internal_fixed"": 0.21414441401160808}",descriptive panel t interval; design-conditional
stage_a_uci_v2,sar_complete,parameters_optimizer,0,ab,ece15,1,0.07925201419837379,,,,3,3,"{""uci_internal_fixed"": 0.07925201419837379}",descriptive panel t interval; design-conditional
stage_a_uci_v2,sar_complete,parameters_optimizer,0,ab,seconds,1,0.22188090000175476,,,,3,3,"{""uci_internal_fixed"": 0.22188090000175476}",descriptive panel t interval; design-conditional
stage_a_uci_v2,sar_complete,parameters_optimizer,0,ab,updates,1,16.0,,,,3,3,"{""uci_internal_fixed"": 16.0}",descriptive panel t interval; design-conditional
stage_a_uci_v2,sar_complete,parameters_optimizer,0,ab,skipped,1,0.0,,,,3,3,"{""uci_internal_fixed"": 0.0}",descriptive panel t interval; design-conditional
stage_a_uci_v2,sar_complete,parameters_optimizer,0,ab,recoveries,1,12.833333333333334,,,,3,3,"{""uci_internal_fixed"": 12.833333333333334}",descriptive panel t interval; design-conditional
stage_a_uci_v2,sar_complete,parameters_optimizer,0,ba,accuracy,1,0.861328125,,,,3,3,"{""uci_internal_fixed"": 0.861328125}",descriptive panel t interval; design-conditional
stage_a_uci_v2,sar_complete,parameters_optimizer,0,ba,nll,1,0.5138363516579386,,,,3,3,"{""uci_internal_fixed"": 0.5138363516579386}",descriptive panel t interval; design-conditional
stage_a_uci_v2,sar_complete,parameters_optimizer,0,ba,brier,1,0.21413123763172395,,,,3,3,"{""uci_internal_fixed"": 0.21413123763172395}",descriptive panel t interval; design-conditional
stage_a_uci_v2,sar_complete,parameters_optimizer,0,ba,ece15,1,0.07925275504696892,,,,3,3,"{""uci_internal_fixed"": 0.07925275504696892}",descriptive panel t interval; design-conditional
stage_a_uci_v2,sar_complete,parameters_optimizer,0,ba,seconds,1,0.29936818333226256,,,,3,3,"{""uci_internal_fixed"": 0.29936818333226256}",descriptive panel t interval; design-conditional
stage_a_uci_v2,sar_complete,parameters_optimizer,0,ba,updates,1,16.0,,,,3,3,"{""uci_internal_fixed"": 16.0}",descriptive panel t interval; design-conditional
stage_a_uci_v2,sar_complete,parameters_optimizer,0,ba,skipped,1,0.0,,,,3,3,"{""uci_internal_fixed"": 0.0}",descriptive panel t interval; design-conditional
stage_a_uci_v2,sar_complete,parameters_optimizer,0,ba,recoveries,1,12.333333333333334,,,,3,3,"{""uci_internal_fixed"": 12.333333333333334}",descriptive panel t interval; design-conditional
stage_a_uci_v2,sar_complete,parameters_optimizer,4,ab,accuracy,1,0.861328125,,,,3,3,"{""uci_internal_fixed"": 0.861328125}",descriptive panel t interval; design-conditional
stage_a_uci_v2,sar_complete,parameters_optimizer,4,ab,nll,1,0.5141057965680674,,,,3,3,"{""uci_internal_fixed"": 0.5141057965680674}",descriptive panel t interval; design-conditional
stage_a_uci_v2,sar_complete,parameters_optimizer,4,ab,brier,1,0.21417164845120007,,,,3,3,"{""uci_internal_fixed"": 0.21417164845120007}",descriptive panel t interval; design-conditional
stage_a_uci_v2,sar_complete,parameters_optimizer,4,ab,ece15,1,0.07928688614591352,,,,3,3,"{""uci_internal_fixed"": 0.07928688614591352}",descriptive panel t interval; design-conditional
stage_a_uci_v2,sar_complete,parameters_optimizer,4,ab,seconds,1,0.22605118333255328,,,,3,3,"{""uci_internal_fixed"": 0.22605118333255328}",descriptive panel t interval; design-conditional
stage_a_uci_v2,sar_complete,parameters_optimizer,4,ab,updates,1,16.0,,,,3,3,"{""uci_internal_fixed"": 16.0}",descriptive panel t interval; design-conditional
stage_a_uci_v2,sar_complete,parameters_optimizer,4,ab,skipped,1,0.0,,,,3,3,"{""uci_internal_fixed"": 0.0}",descriptive panel t interval; design-conditional
stage_a_uci_v2,sar_complete,parameters_optimizer,4,ab,recoveries,1,10.166666666666666,,,,3,3,"{""uci_internal_fixed"": 10.166666666666666}",descriptive panel t interval; design-conditional
stage_a_uci_v2,sar_complete,parameters_optimizer,4,ba,accuracy,1,0.8616536458333334,,,,3,3,"{""uci_internal_fixed"": 0.8616536458333334}",descriptive panel t interval; design-conditional
stage_a_uci_v2,sar_complete,parameters_optimizer,4,ba,nll,1,0.5141350032858429,,,,3,3,"{""uci_internal_fixed"": 0.5141350032858429}",descriptive panel t interval; design-conditional
stage_a_uci_v2,sar_complete,parameters_optimizer,4,ba,brier,1,0.2141765961736135,,,,3,3,"{""uci_internal_fixed"": 0.2141765961736135}",descriptive panel t interval; design-conditional
stage_a_uci_v2,sar_complete,parameters_optimizer,4,ba,ece15,1,0.07896337537981624,,,,3,3,"{""uci_internal_fixed"": 0.07896337537981624}",descriptive panel t interval; design-conditional
stage_a_uci_v2,sar_complete,parameters_optimizer,4,ba,seconds,1,0.23181801666699656,,,,3,3,"{""uci_internal_fixed"": 0.23181801666699656}",descriptive panel t interval; design-conditional
stage_a_uci_v2,sar_complete,parameters_optimizer,4,ba,updates,1,16.0,,,,3,3,"{""uci_internal_fixed"": 16.0}",descriptive panel t interval; design-conditional
stage_a_uci_v2,sar_complete,parameters_optimizer,4,ba,skipped,1,0.0,,,,3,3,"{""uci_internal_fixed"": 0.0}",descriptive panel t interval; design-conditional
stage_a_uci_v2,sar_complete,parameters_optimizer,4,ba,recoveries,1,10.0,,,,3,3,"{""uci_internal_fixed"": 10.0}",descriptive panel t interval; design-conditional
stage_a_uci_v2,sar_complete,parameters_optimizer_aux,0,ab,accuracy,1,0.8616536458333334,,,,3,3,"{""uci_internal_fixed"": 0.8616536458333334}",descriptive panel t interval; design-conditional
stage_a_uci_v2,sar_complete,parameters_optimizer_aux,0,ab,nll,1,0.5136921476014341,,,,3,3,"{""uci_internal_fixed"": 0.5136921476014341}",descriptive panel t interval; design-conditional
stage_a_uci_v2,sar_complete,parameters_optimizer_aux,0,ab,brier,1,0.21403785842504322,,,,3,3,"{""uci_internal_fixed"": 0.21403785842504322}",descriptive panel t interval; design-conditional
stage_a_uci_v2,sar_complete,parameters_optimizer_aux,0,ab,ece15,1,0.07898169428309054,,,,3,3,"{""uci_internal_fixed"": 0.07898169428309054}",descriptive panel t interval; design-conditional
stage_a_uci_v2,sar_complete,parameters_optimizer_aux,0,ab,seconds,1,0.20493660000162583,,,,3,3,"{""uci_internal_fixed"": 0.20493660000162583}",descriptive panel t interval; design-conditional
stage_a_uci_v2,sar_complete,parameters_optimizer_aux,0,ab,updates,1,16.0,,,,3,3,"{""uci_internal_fixed"": 16.0}",descriptive panel t interval; design-conditional
stage_a_uci_v2,sar_complete,parameters_optimizer_aux,0,ab,skipped,1,0.0,,,,3,3,"{""uci_internal_fixed"": 0.0}",descriptive panel t interval; design-conditional
stage_a_uci_v2,sar_complete,parameters_optimizer_aux,0,ab,recoveries,1,8.5,,,,3,3,"{""uci_internal_fixed"": 8.5}",descriptive panel t interval; design-conditional
stage_a_uci_v2,sar_complete,parameters_optimizer_aux,0,ba,accuracy,1,0.8616536458333334,,,,3,3,"{""uci_internal_fixed"": 0.8616536458333334}",descriptive panel t interval; design-conditional
stage_a_uci_v2,sar_complete,parameters_optimizer_aux,0,ba,nll,1,0.5136921476014341,,,,3,3,"{""uci_internal_fixed"": 0.5136921476014341}",descriptive panel t interval; design-conditional
stage_a_uci_v2,sar_complete,parameters_optimizer_aux,0,ba,brier,1,0.21403785842504322,,,,3,3,"{""uci_internal_fixed"": 0.21403785842504322}",descriptive panel t interval; design-conditional
stage_a_uci_v2,sar_complete,parameters_optimizer_aux,0,ba,ece15,1,0.07898169428309054,,,,3,3,"{""uci_internal_fixed"": 0.07898169428309054}",descriptive panel t interval; design-conditional
stage_a_uci_v2,sar_complete,parameters_optimizer_aux,0,ba,seconds,1,0.2038256999973479,,,,3,3,"{""uci_internal_fixed"": 0.2038256999973479}",descriptive panel t interval; design-conditional
stage_a_uci_v2,sar_complete,parameters_optimizer_aux,0,ba,updates,1,16.0,,,,3,3,"{""uci_internal_fixed"": 16.0}",descriptive panel t interval; design-conditional
stage_a_uci_v2,sar_complete,parameters_optimizer_aux,0,ba,skipped,1,0.0,,,,3,3,"{""uci_internal_fixed"": 0.0}",descriptive panel t interval; design-conditional
stage_a_uci_v2,sar_complete,parameters_optimizer_aux,0,ba,recoveries,1,8.5,,,,3,3,"{""uci_internal_fixed"": 8.5}",descriptive panel t interval; design-conditional
stage_a_uci_v2,sar_complete,parameters_optimizer_aux,4,ab,accuracy,1,0.8616536458333334,,,,3,3,"{""uci_internal_fixed"": 0.8616536458333334}",descriptive panel t interval; design-conditional
stage_a_uci_v2,sar_complete,parameters_optimizer_aux,4,ab,nll,1,0.5136921476014341,,,,3,3,"{""uci_internal_fixed"": 0.5136921476014341}",descriptive panel t interval; design-conditional
stage_a_uci_v2,sar_complete,parameters_optimizer_aux,4,ab,brier,1,0.21403785842504322,,,,3,3,"{""uci_internal_fixed"": 0.21403785842504322}",descriptive panel t interval; design-conditional
stage_a_uci_v2,sar_complete,parameters_optimizer_aux,4,ab,ece15,1,0.07898169428309054,,,,3,3,"{""uci_internal_fixed"": 0.07898169428309054}",descriptive panel t interval; design-conditional
stage_a_uci_v2,sar_complete,parameters_optimizer_aux,4,ab,seconds,1,0.1960873499968632,,,,3,3,"{""uci_internal_fixed"": 0.1960873499968632}",descriptive panel t interval; design-conditional
stage_a_uci_v2,sar_complete,parameters_optimizer_aux,4,ab,updates,1,16.0,,,,3,3,"{""uci_internal_fixed"": 16.0}",descriptive panel t interval; design-conditional
stage_a_uci_v2,sar_complete,parameters_optimizer_aux,4,ab,skipped,1,0.0,,,,3,3,"{""uci_internal_fixed"": 0.0}",descriptive panel t interval; design-conditional
stage_a_uci_v2,sar_complete,parameters_optimizer_aux,4,ab,recoveries,1,8.5,,,,3,3,"{""uci_internal_fixed"": 8.5}",descriptive panel t interval; design-conditional
stage_a_uci_v2,sar_complete,parameters_optimizer_aux,4,ba,accuracy,1,0.8616536458333334,,,,3,3,"{""uci_internal_fixed"": 0.8616536458333334}",descriptive panel t interval; design-conditional
stage_a_uci_v2,sar_complete,parameters_optimizer_aux,4,ba,nll,1,0.5136921476014341,,,,3,3,"{""uci_internal_fixed"": 0.5136921476014341}",descriptive panel t interval; design-conditional
stage_a_uci_v2,sar_complete,parameters_optimizer_aux,4,ba,brier,1,0.21403785842504322,,,,3,3,"{""uci_internal_fixed"": 0.21403785842504322}",descriptive panel t interval; design-conditional
stage_a_uci_v2,sar_complete,parameters_optimizer_aux,4,ba,ece15,1,0.07898169428309054,,,,3,3,"{""uci_internal_fixed"": 0.07898169428309054}",descriptive panel t interval; design-conditional
stage_a_uci_v2,sar_complete,parameters_optimizer_aux,4,ba,seconds,1,0.21211941666600373,,,,3,3,"{""uci_internal_fixed"": 0.21211941666600373}",descriptive panel t interval; design-conditional
stage_a_uci_v2,sar_complete,parameters_optimizer_aux,4,ba,updates,1,16.0,,,,3,3,"{""uci_internal_fixed"": 16.0}",descriptive panel t interval; design-conditional
stage_a_uci_v2,sar_complete,parameters_optimizer_aux,4,ba,skipped,1,0.0,,,,3,3,"{""uci_internal_fixed"": 0.0}",descriptive panel t interval; design-conditional
stage_a_uci_v2,sar_complete,parameters_optimizer_aux,4,ba,recoveries,1,8.5,,,,3,3,"{""uci_internal_fixed"": 8.5}",descriptive panel t interval; design-conditional
stage_a_uci_v2,source,all,0,ab,accuracy,1,0.8141276041666666,,,,3,3,"{""uci_internal_fixed"": 0.8141276041666666}",descriptive panel t interval; design-conditional
stage_a_uci_v2,source,all,0,ab,nll,1,0.5518788783477077,,,,3,3,"{""uci_internal_fixed"": 0.5518788783477077}",descriptive panel t interval; design-conditional
stage_a_uci_v2,source,all,0,ab,brier,1,0.2728537124476949,,,,3,3,"{""uci_internal_fixed"": 0.2728537124476949}",descriptive panel t interval; design-conditional
stage_a_uci_v2,source,all,0,ab,ece15,1,0.07707458931621847,,,,3,3,"{""uci_internal_fixed"": 0.07707458931621847}",descriptive panel t interval; design-conditional
stage_a_uci_v2,source,all,0,ab,seconds,1,0.05237303333221153,,,,3,3,"{""uci_internal_fixed"": 0.05237303333221153}",descriptive panel t interval; design-conditional
stage_a_uci_v2,source,all,0,ab,updates,1,0.0,,,,3,3,"{""uci_internal_fixed"": 0.0}",descriptive panel t interval; design-conditional
stage_a_uci_v2,source,all,0,ab,skipped,1,0.0,,,,3,3,"{""uci_internal_fixed"": 0.0}",descriptive panel t interval; design-conditional
stage_a_uci_v2,source,all,0,ab,recoveries,1,0.0,,,,3,3,"{""uci_internal_fixed"": 0.0}",descriptive panel t interval; design-conditional
stage_a_uci_v2,source,all,0,ba,accuracy,1,0.8141276041666666,,,,3,3,"{""uci_internal_fixed"": 0.8141276041666666}",descriptive panel t interval; design-conditional
stage_a_uci_v2,source,all,0,ba,nll,1,0.5518788783477077,,,,3,3,"{""uci_internal_fixed"": 0.5518788783477077}",descriptive panel t interval; design-conditional
stage_a_uci_v2,source,all,0,ba,brier,1,0.2728537124476949,,,,3,3,"{""uci_internal_fixed"": 0.2728537124476949}",descriptive panel t interval; design-conditional
stage_a_uci_v2,source,all,0,ba,ece15,1,0.07707458931621847,,,,3,3,"{""uci_internal_fixed"": 0.07707458931621847}",descriptive panel t interval; design-conditional
stage_a_uci_v2,source,all,0,ba,seconds,1,0.05759424999754018,,,,3,3,"{""uci_internal_fixed"": 0.05759424999754018}",descriptive panel t interval; design-conditional
stage_a_uci_v2,source,all,0,ba,updates,1,0.0,,,,3,3,"{""uci_internal_fixed"": 0.0}",descriptive panel t interval; design-conditional
stage_a_uci_v2,source,all,0,ba,skipped,1,0.0,,,,3,3,"{""uci_internal_fixed"": 0.0}",descriptive panel t interval; design-conditional
stage_a_uci_v2,source,all,0,ba,recoveries,1,0.0,,,,3,3,"{""uci_internal_fixed"": 0.0}",descriptive panel t interval; design-conditional
stage_a_uci_v2,source,all,4,ab,accuracy,1,0.8141276041666666,,,,3,3,"{""uci_internal_fixed"": 0.8141276041666666}",descriptive panel t interval; design-conditional
stage_a_uci_v2,source,all,4,ab,nll,1,0.5518788783477077,,,,3,3,"{""uci_internal_fixed"": 0.5518788783477077}",descriptive panel t interval; design-conditional
stage_a_uci_v2,source,all,4,ab,brier,1,0.2728537124476949,,,,3,3,"{""uci_internal_fixed"": 0.2728537124476949}",descriptive panel t interval; design-conditional
stage_a_uci_v2,source,all,4,ab,ece15,1,0.07707458931621847,,,,3,3,"{""uci_internal_fixed"": 0.07707458931621847}",descriptive panel t interval; design-conditional
stage_a_uci_v2,source,all,4,ab,seconds,1,0.06006191666529042,,,,3,3,"{""uci_internal_fixed"": 0.06006191666529042}",descriptive panel t interval; design-conditional
stage_a_uci_v2,source,all,4,ab,updates,1,0.0,,,,3,3,"{""uci_internal_fixed"": 0.0}",descriptive panel t interval; design-conditional
stage_a_uci_v2,source,all,4,ab,skipped,1,0.0,,,,3,3,"{""uci_internal_fixed"": 0.0}",descriptive panel t interval; design-conditional
stage_a_uci_v2,source,all,4,ab,recoveries,1,0.0,,,,3,3,"{""uci_internal_fixed"": 0.0}",descriptive panel t interval; design-conditional
stage_a_uci_v2,source,all,4,ba,accuracy,1,0.8141276041666666,,,,3,3,"{""uci_internal_fixed"": 0.8141276041666666}",descriptive panel t interval; design-conditional
stage_a_uci_v2,source,all,4,ba,nll,1,0.5518788783477077,,,,3,3,"{""uci_internal_fixed"": 0.5518788783477077}",descriptive panel t interval; design-conditional
stage_a_uci_v2,source,all,4,ba,brier,1,0.2728537124476949,,,,3,3,"{""uci_internal_fixed"": 0.2728537124476949}",descriptive panel t interval; design-conditional
stage_a_uci_v2,source,all,4,ba,ece15,1,0.07707458931621847,,,,3,3,"{""uci_internal_fixed"": 0.07707458931621847}",descriptive panel t interval; design-conditional
stage_a_uci_v2,source,all,4,ba,seconds,1,0.05547513333294768,,,,3,3,"{""uci_internal_fixed"": 0.05547513333294768}",descriptive panel t interval; design-conditional
stage_a_uci_v2,source,all,4,ba,updates,1,0.0,,,,3,3,"{""uci_internal_fixed"": 0.0}",descriptive panel t interval; design-conditional
stage_a_uci_v2,source,all,4,ba,skipped,1,0.0,,,,3,3,"{""uci_internal_fixed"": 0.0}",descriptive panel t interval; design-conditional
stage_a_uci_v2,source,all,4,ba,recoveries,1,0.0,,,,3,3,"{""uci_internal_fixed"": 0.0}",descriptive panel t interval; design-conditional
stage_a_uci_v2,source,none,0,ab,accuracy,1,0.8141276041666666,,,,3,3,"{""uci_internal_fixed"": 0.8141276041666666}",descriptive panel t interval; design-conditional
stage_a_uci_v2,source,none,0,ab,nll,1,0.5518788783477077,,,,3,3,"{""uci_internal_fixed"": 0.5518788783477077}",descriptive panel t interval; design-conditional
stage_a_uci_v2,source,none,0,ab,brier,1,0.2728537124476949,,,,3,3,"{""uci_internal_fixed"": 0.2728537124476949}",descriptive panel t interval; design-conditional
stage_a_uci_v2,source,none,0,ab,ece15,1,0.07707458931621847,,,,3,3,"{""uci_internal_fixed"": 0.07707458931621847}",descriptive panel t interval; design-conditional
stage_a_uci_v2,source,none,0,ab,seconds,1,0.07414828333518617,,,,3,3,"{""uci_internal_fixed"": 0.07414828333518617}",descriptive panel t interval; design-conditional
stage_a_uci_v2,source,none,0,ab,updates,1,0.0,,,,3,3,"{""uci_internal_fixed"": 0.0}",descriptive panel t interval; design-conditional
stage_a_uci_v2,source,none,0,ab,skipped,1,0.0,,,,3,3,"{""uci_internal_fixed"": 0.0}",descriptive panel t interval; design-conditional
stage_a_uci_v2,source,none,0,ab,recoveries,1,0.0,,,,3,3,"{""uci_internal_fixed"": 0.0}",descriptive panel t interval; design-conditional
stage_a_uci_v2,source,none,0,ba,accuracy,1,0.8141276041666666,,,,3,3,"{""uci_internal_fixed"": 0.8141276041666666}",descriptive panel t interval; design-conditional
stage_a_uci_v2,source,none,0,ba,nll,1,0.5518788783477077,,,,3,3,"{""uci_internal_fixed"": 0.5518788783477077}",descriptive panel t interval; design-conditional
stage_a_uci_v2,source,none,0,ba,brier,1,0.2728537124476949,,,,3,3,"{""uci_internal_fixed"": 0.2728537124476949}",descriptive panel t interval; design-conditional
stage_a_uci_v2,source,none,0,ba,ece15,1,0.07707458931621847,,,,3,3,"{""uci_internal_fixed"": 0.07707458931621847}",descriptive panel t interval; design-conditional
stage_a_uci_v2,source,none,0,ba,seconds,1,0.0497660499992586,,,,3,3,"{""uci_internal_fixed"": 0.0497660499992586}",descriptive panel t interval; design-conditional
stage_a_uci_v2,source,none,0,ba,updates,1,0.0,,,,3,3,"{""uci_internal_fixed"": 0.0}",descriptive panel t interval; design-conditional
stage_a_uci_v2,source,none,0,ba,skipped,1,0.0,,,,3,3,"{""uci_internal_fixed"": 0.0}",descriptive panel t interval; design-conditional
stage_a_uci_v2,source,none,0,ba,recoveries,1,0.0,,,,3,3,"{""uci_internal_fixed"": 0.0}",descriptive panel t interval; design-conditional
stage_a_uci_v2,source,none,4,ab,accuracy,1,0.8141276041666666,,,,3,3,"{""uci_internal_fixed"": 0.8141276041666666}",descriptive panel t interval; design-conditional
stage_a_uci_v2,source,none,4,ab,nll,1,0.5518788783477077,,,,3,3,"{""uci_internal_fixed"": 0.5518788783477077}",descriptive panel t interval; design-conditional
stage_a_uci_v2,source,none,4,ab,brier,1,0.2728537124476949,,,,3,3,"{""uci_internal_fixed"": 0.2728537124476949}",descriptive panel t interval; design-conditional
stage_a_uci_v2,source,none,4,ab,ece15,1,0.07707458931621847,,,,3,3,"{""uci_internal_fixed"": 0.07707458931621847}",descriptive panel t interval; design-conditional
stage_a_uci_v2,source,none,4,ab,seconds,1,0.06333443333278407,,,,3,3,"{""uci_internal_fixed"": 0.06333443333278407}",descriptive panel t interval; design-conditional
stage_a_uci_v2,source,none,4,ab,updates,1,0.0,,,,3,3,"{""uci_internal_fixed"": 0.0}",descriptive panel t interval; design-conditional
stage_a_uci_v2,source,none,4,ab,skipped,1,0.0,,,,3,3,"{""uci_internal_fixed"": 0.0}",descriptive panel t interval; design-conditional
stage_a_uci_v2,source,none,4,ab,recoveries,1,0.0,,,,3,3,"{""uci_internal_fixed"": 0.0}",descriptive panel t interval; design-conditional
stage_a_uci_v2,source,none,4,ba,accuracy,1,0.8141276041666666,,,,3,3,"{""uci_internal_fixed"": 0.8141276041666666}",descriptive panel t interval; design-conditional
stage_a_uci_v2,source,none,4,ba,nll,1,0.5518788783477077,,,,3,3,"{""uci_internal_fixed"": 0.5518788783477077}",descriptive panel t interval; design-conditional
stage_a_uci_v2,source,none,4,ba,brier,1,0.2728537124476949,,,,3,3,"{""uci_internal_fixed"": 0.2728537124476949}",descriptive panel t interval; design-conditional
stage_a_uci_v2,source,none,4,ba,ece15,1,0.07707458931621847,,,,3,3,"{""uci_internal_fixed"": 0.07707458931621847}",descriptive panel t interval; design-conditional
stage_a_uci_v2,source,none,4,ba,seconds,1,0.055132299998755685,,,,3,3,"{""uci_internal_fixed"": 0.055132299998755685}",descriptive panel t interval; design-conditional
stage_a_uci_v2,source,none,4,ba,updates,1,0.0,,,,3,3,"{""uci_internal_fixed"": 0.0}",descriptive panel t interval; design-conditional
stage_a_uci_v2,source,none,4,ba,skipped,1,0.0,,,,3,3,"{""uci_internal_fixed"": 0.0}",descriptive panel t interval; design-conditional
stage_a_uci_v2,source,none,4,ba,recoveries,1,0.0,,,,3,3,"{""uci_internal_fixed"": 0.0}",descriptive panel t interval; design-conditional
stage_a_uci_v2,tent,all,0,ab,accuracy,1,0.8616536458333334,,,,3,3,"{""uci_internal_fixed"": 0.8616536458333334}",descriptive panel t interval; design-conditional
stage_a_uci_v2,tent,all,0,ab,nll,1,0.5141457317600596,,,,3,3,"{""uci_internal_fixed"": 0.5141457317600596}",descriptive panel t interval; design-conditional
stage_a_uci_v2,tent,all,0,ab,brier,1,0.21414177940910126,,,,3,3,"{""uci_internal_fixed"": 0.21414177940910126}",descriptive panel t interval; design-conditional
stage_a_uci_v2,tent,all,0,ab,ece15,1,0.07899930300355357,,,,3,3,"{""uci_internal_fixed"": 0.07899930300355357}",descriptive panel t interval; design-conditional
stage_a_uci_v2,tent,all,0,ab,seconds,1,0.12656206667209816,,,,3,3,"{""uci_internal_fixed"": 0.12656206667209816}",descriptive panel t interval; design-conditional
stage_a_uci_v2,tent,all,0,ab,updates,1,16.0,,,,3,3,"{""uci_internal_fixed"": 16.0}",descriptive panel t interval; design-conditional
stage_a_uci_v2,tent,all,0,ab,skipped,1,0.0,,,,3,3,"{""uci_internal_fixed"": 0.0}",descriptive panel t interval; design-conditional
stage_a_uci_v2,tent,all,0,ab,recoveries,1,0.0,,,,3,3,"{""uci_internal_fixed"": 0.0}",descriptive panel t interval; design-conditional
stage_a_uci_v2,tent,all,0,ba,accuracy,1,0.8616536458333334,,,,3,3,"{""uci_internal_fixed"": 0.8616536458333334}",descriptive panel t interval; design-conditional
stage_a_uci_v2,tent,all,0,ba,nll,1,0.5141457317600596,,,,3,3,"{""uci_internal_fixed"": 0.5141457317600596}",descriptive panel t interval; design-conditional
stage_a_uci_v2,tent,all,0,ba,brier,1,0.21414177940910126,,,,3,3,"{""uci_internal_fixed"": 0.21414177940910126}",descriptive panel t interval; design-conditional
stage_a_uci_v2,tent,all,0,ba,ece15,1,0.07899930300355357,,,,3,3,"{""uci_internal_fixed"": 0.07899930300355357}",descriptive panel t interval; design-conditional
stage_a_uci_v2,tent,all,0,ba,seconds,1,0.11736998333314352,,,,3,3,"{""uci_internal_fixed"": 0.11736998333314352}",descriptive panel t interval; design-conditional
stage_a_uci_v2,tent,all,0,ba,updates,1,16.0,,,,3,3,"{""uci_internal_fixed"": 16.0}",descriptive panel t interval; design-conditional
stage_a_uci_v2,tent,all,0,ba,skipped,1,0.0,,,,3,3,"{""uci_internal_fixed"": 0.0}",descriptive panel t interval; design-conditional
stage_a_uci_v2,tent,all,0,ba,recoveries,1,0.0,,,,3,3,"{""uci_internal_fixed"": 0.0}",descriptive panel t interval; design-conditional
stage_a_uci_v2,tent,all,4,ab,accuracy,1,0.8616536458333334,,,,3,3,"{""uci_internal_fixed"": 0.8616536458333334}",descriptive panel t interval; design-conditional
stage_a_uci_v2,tent,all,4,ab,nll,1,0.5141457317600596,,,,3,3,"{""uci_internal_fixed"": 0.5141457317600596}",descriptive panel t interval; design-conditional
stage_a_uci_v2,tent,all,4,ab,brier,1,0.21414177940910126,,,,3,3,"{""uci_internal_fixed"": 0.21414177940910126}",descriptive panel t interval; design-conditional
stage_a_uci_v2,tent,all,4,ab,ece15,1,0.07899930300355357,,,,3,3,"{""uci_internal_fixed"": 0.07899930300355357}",descriptive panel t interval; design-conditional
stage_a_uci_v2,tent,all,4,ab,seconds,1,0.11020466666862673,,,,3,3,"{""uci_internal_fixed"": 0.11020466666862673}",descriptive panel t interval; design-conditional
stage_a_uci_v2,tent,all,4,ab,updates,1,16.0,,,,3,3,"{""uci_internal_fixed"": 16.0}",descriptive panel t interval; design-conditional
stage_a_uci_v2,tent,all,4,ab,skipped,1,0.0,,,,3,3,"{""uci_internal_fixed"": 0.0}",descriptive panel t interval; design-conditional
stage_a_uci_v2,tent,all,4,ab,recoveries,1,0.0,,,,3,3,"{""uci_internal_fixed"": 0.0}",descriptive panel t interval; design-conditional
stage_a_uci_v2,tent,all,4,ba,accuracy,1,0.8616536458333334,,,,3,3,"{""uci_internal_fixed"": 0.8616536458333334}",descriptive panel t interval; design-conditional
stage_a_uci_v2,tent,all,4,ba,nll,1,0.5141457317600596,,,,3,3,"{""uci_internal_fixed"": 0.5141457317600596}",descriptive panel t interval; design-conditional
stage_a_uci_v2,tent,all,4,ba,brier,1,0.21414177940910126,,,,3,3,"{""uci_internal_fixed"": 0.21414177940910126}",descriptive panel t interval; design-conditional
stage_a_uci_v2,tent,all,4,ba,ece15,1,0.07899930300355357,,,,3,3,"{""uci_internal_fixed"": 0.07899930300355357}",descriptive panel t interval; design-conditional
stage_a_uci_v2,tent,all,4,ba,seconds,1,0.10637166666613966,,,,3,3,"{""uci_internal_fixed"": 0.10637166666613966}",descriptive panel t interval; design-conditional
stage_a_uci_v2,tent,all,4,ba,updates,1,16.0,,,,3,3,"{""uci_internal_fixed"": 16.0}",descriptive panel t interval; design-conditional
stage_a_uci_v2,tent,all,4,ba,skipped,1,0.0,,,,3,3,"{""uci_internal_fixed"": 0.0}",descriptive panel t interval; design-conditional
stage_a_uci_v2,tent,all,4,ba,recoveries,1,0.0,,,,3,3,"{""uci_internal_fixed"": 0.0}",descriptive panel t interval; design-conditional
stage_a_uci_v2,tent,aux,0,ab,accuracy,1,0.8619791666666666,,,,3,3,"{""uci_internal_fixed"": 0.8619791666666666}",descriptive panel t interval; design-conditional
stage_a_uci_v2,tent,aux,0,ab,nll,1,0.513930715797977,,,,3,3,"{""uci_internal_fixed"": 0.513930715797977}",descriptive panel t interval; design-conditional
stage_a_uci_v2,tent,aux,0,ab,brier,1,0.21406790651952343,,,,3,3,"{""uci_internal_fixed"": 0.21406790651952343}",descriptive panel t interval; design-conditional
stage_a_uci_v2,tent,aux,0,ab,ece15,1,0.07934603479537093,,,,3,3,"{""uci_internal_fixed"": 0.07934603479537093}",descriptive panel t interval; design-conditional
stage_a_uci_v2,tent,aux,0,ab,seconds,1,0.13263548333391856,,,,3,3,"{""uci_internal_fixed"": 0.13263548333391856}",descriptive panel t interval; design-conditional
stage_a_uci_v2,tent,aux,0,ab,updates,1,16.0,,,,3,3,"{""uci_internal_fixed"": 16.0}",descriptive panel t interval; design-conditional
stage_a_uci_v2,tent,aux,0,ab,skipped,1,0.0,,,,3,3,"{""uci_internal_fixed"": 0.0}",descriptive panel t interval; design-conditional
stage_a_uci_v2,tent,aux,0,ab,recoveries,1,0.0,,,,3,3,"{""uci_internal_fixed"": 0.0}",descriptive panel t interval; design-conditional
stage_a_uci_v2,tent,aux,0,ba,accuracy,1,0.8616536458333334,,,,3,3,"{""uci_internal_fixed"": 0.8616536458333334}",descriptive panel t interval; design-conditional
stage_a_uci_v2,tent,aux,0,ba,nll,1,0.5139045547439033,,,,3,3,"{""uci_internal_fixed"": 0.5139045547439033}",descriptive panel t interval; design-conditional
stage_a_uci_v2,tent,aux,0,ba,brier,1,0.2140656711041514,,,,3,3,"{""uci_internal_fixed"": 0.2140656711041514}",descriptive panel t interval; design-conditional
stage_a_uci_v2,tent,aux,0,ba,ece15,1,0.07949729254838155,,,,3,3,"{""uci_internal_fixed"": 0.07949729254838155}",descriptive panel t interval; design-conditional
stage_a_uci_v2,tent,aux,0,ba,seconds,1,0.1266945499955909,,,,3,3,"{""uci_internal_fixed"": 0.1266945499955909}",descriptive panel t interval; design-conditional
stage_a_uci_v2,tent,aux,0,ba,updates,1,16.0,,,,3,3,"{""uci_internal_fixed"": 16.0}",descriptive panel t interval; design-conditional
stage_a_uci_v2,tent,aux,0,ba,skipped,1,0.0,,,,3,3,"{""uci_internal_fixed"": 0.0}",descriptive panel t interval; design-conditional
stage_a_uci_v2,tent,aux,0,ba,recoveries,1,0.0,,,,3,3,"{""uci_internal_fixed"": 0.0}",descriptive panel t interval; design-conditional
stage_a_uci_v2,tent,aux,4,ab,accuracy,1,0.8623046875,,,,3,3,"{""uci_internal_fixed"": 0.8623046875}",descriptive panel t interval; design-conditional
stage_a_uci_v2,tent,aux,4,ab,nll,1,0.5144152186027519,,,,3,3,"{""uci_internal_fixed"": 0.5144152186027519}",descriptive panel t interval; design-conditional
stage_a_uci_v2,tent,aux,4,ab,brier,1,0.21412238750003545,,,,3,3,"{""uci_internal_fixed"": 0.21412238750003545}",descriptive panel t interval; design-conditional
stage_a_uci_v2,tent,aux,4,ab,ece15,1,0.0791961374745065,,,,3,3,"{""uci_internal_fixed"": 0.0791961374745065}",descriptive panel t interval; design-conditional
stage_a_uci_v2,tent,aux,4,ab,seconds,1,0.11485696666447132,,,,3,3,"{""uci_internal_fixed"": 0.11485696666447132}",descriptive panel t interval; design-conditional
stage_a_uci_v2,tent,aux,4,ab,updates,1,16.0,,,,3,3,"{""uci_internal_fixed"": 16.0}",descriptive panel t interval; design-conditional
stage_a_uci_v2,tent,aux,4,ab,skipped,1,0.0,,,,3,3,"{""uci_internal_fixed"": 0.0}",descriptive panel t interval; design-conditional
stage_a_uci_v2,tent,aux,4,ab,recoveries,1,0.0,,,,3,3,"{""uci_internal_fixed"": 0.0}",descriptive panel t interval; design-conditional
stage_a_uci_v2,tent,aux,4,ba,accuracy,1,0.8623046875,,,,3,3,"{""uci_internal_fixed"": 0.8623046875}",descriptive panel t interval; design-conditional
stage_a_uci_v2,tent,aux,4,ba,nll,1,0.5143979326361886,,,,3,3,"{""uci_internal_fixed"": 0.5143979326361886}",descriptive panel t interval; design-conditional
stage_a_uci_v2,tent,aux,4,ba,brier,1,0.2141207995192341,,,,3,3,"{""uci_internal_fixed"": 0.2141207995192341}",descriptive panel t interval; design-conditional
stage_a_uci_v2,tent,aux,4,ba,ece15,1,0.0791877265102701,,,,3,3,"{""uci_internal_fixed"": 0.0791877265102701}",descriptive panel t interval; design-conditional
stage_a_uci_v2,tent,aux,4,ba,seconds,1,0.11163350000182005,,,,3,3,"{""uci_internal_fixed"": 0.11163350000182005}",descriptive panel t interval; design-conditional
stage_a_uci_v2,tent,aux,4,ba,updates,1,16.0,,,,3,3,"{""uci_internal_fixed"": 16.0}",descriptive panel t interval; design-conditional
stage_a_uci_v2,tent,aux,4,ba,skipped,1,0.0,,,,3,3,"{""uci_internal_fixed"": 0.0}",descriptive panel t interval; design-conditional
stage_a_uci_v2,tent,aux,4,ba,recoveries,1,0.0,,,,3,3,"{""uci_internal_fixed"": 0.0}",descriptive panel t interval; design-conditional
stage_a_uci_v2,tent,none,0,ab,accuracy,1,0.8619791666666666,,,,3,3,"{""uci_internal_fixed"": 0.8619791666666666}",descriptive panel t interval; design-conditional
stage_a_uci_v2,tent,none,0,ab,nll,1,0.513930715797977,,,,3,3,"{""uci_internal_fixed"": 0.513930715797977}",descriptive panel t interval; design-conditional
stage_a_uci_v2,tent,none,0,ab,brier,1,0.21406790651952343,,,,3,3,"{""uci_internal_fixed"": 0.21406790651952343}",descriptive panel t interval; design-conditional
stage_a_uci_v2,tent,none,0,ab,ece15,1,0.07934603479537093,,,,3,3,"{""uci_internal_fixed"": 0.07934603479537093}",descriptive panel t interval; design-conditional
stage_a_uci_v2,tent,none,0,ab,seconds,1,0.14750526666466607,,,,3,3,"{""uci_internal_fixed"": 0.14750526666466607}",descriptive panel t interval; design-conditional
stage_a_uci_v2,tent,none,0,ab,updates,1,16.0,,,,3,3,"{""uci_internal_fixed"": 16.0}",descriptive panel t interval; design-conditional
stage_a_uci_v2,tent,none,0,ab,skipped,1,0.0,,,,3,3,"{""uci_internal_fixed"": 0.0}",descriptive panel t interval; design-conditional
stage_a_uci_v2,tent,none,0,ab,recoveries,1,0.0,,,,3,3,"{""uci_internal_fixed"": 0.0}",descriptive panel t interval; design-conditional
stage_a_uci_v2,tent,none,0,ba,accuracy,1,0.8616536458333334,,,,3,3,"{""uci_internal_fixed"": 0.8616536458333334}",descriptive panel t interval; design-conditional
stage_a_uci_v2,tent,none,0,ba,nll,1,0.5139045547439033,,,,3,3,"{""uci_internal_fixed"": 0.5139045547439033}",descriptive panel t interval; design-conditional
stage_a_uci_v2,tent,none,0,ba,brier,1,0.2140656711041514,,,,3,3,"{""uci_internal_fixed"": 0.2140656711041514}",descriptive panel t interval; design-conditional
stage_a_uci_v2,tent,none,0,ba,ece15,1,0.07949729254838155,,,,3,3,"{""uci_internal_fixed"": 0.07949729254838155}",descriptive panel t interval; design-conditional
stage_a_uci_v2,tent,none,0,ba,seconds,1,0.12534088333389562,,,,3,3,"{""uci_internal_fixed"": 0.12534088333389562}",descriptive panel t interval; design-conditional
stage_a_uci_v2,tent,none,0,ba,updates,1,16.0,,,,3,3,"{""uci_internal_fixed"": 16.0}",descriptive panel t interval; design-conditional
stage_a_uci_v2,tent,none,0,ba,skipped,1,0.0,,,,3,3,"{""uci_internal_fixed"": 0.0}",descriptive panel t interval; design-conditional
stage_a_uci_v2,tent,none,0,ba,recoveries,1,0.0,,,,3,3,"{""uci_internal_fixed"": 0.0}",descriptive panel t interval; design-conditional
stage_a_uci_v2,tent,none,4,ab,accuracy,1,0.8623046875,,,,3,3,"{""uci_internal_fixed"": 0.8623046875}",descriptive panel t interval; design-conditional
stage_a_uci_v2,tent,none,4,ab,nll,1,0.5144152186027519,,,,3,3,"{""uci_internal_fixed"": 0.5144152186027519}",descriptive panel t interval; design-conditional
stage_a_uci_v2,tent,none,4,ab,brier,1,0.21412238750003545,,,,3,3,"{""uci_internal_fixed"": 0.21412238750003545}",descriptive panel t interval; design-conditional
stage_a_uci_v2,tent,none,4,ab,ece15,1,0.0791961374745065,,,,3,3,"{""uci_internal_fixed"": 0.0791961374745065}",descriptive panel t interval; design-conditional
stage_a_uci_v2,tent,none,4,ab,seconds,1,0.12479485000221753,,,,3,3,"{""uci_internal_fixed"": 0.12479485000221753}",descriptive panel t interval; design-conditional
stage_a_uci_v2,tent,none,4,ab,updates,1,16.0,,,,3,3,"{""uci_internal_fixed"": 16.0}",descriptive panel t interval; design-conditional
stage_a_uci_v2,tent,none,4,ab,skipped,1,0.0,,,,3,3,"{""uci_internal_fixed"": 0.0}",descriptive panel t interval; design-conditional
stage_a_uci_v2,tent,none,4,ab,recoveries,1,0.0,,,,3,3,"{""uci_internal_fixed"": 0.0}",descriptive panel t interval; design-conditional
stage_a_uci_v2,tent,none,4,ba,accuracy,1,0.8623046875,,,,3,3,"{""uci_internal_fixed"": 0.8623046875}",descriptive panel t interval; design-conditional
stage_a_uci_v2,tent,none,4,ba,nll,1,0.5143979326361886,,,,3,3,"{""uci_internal_fixed"": 0.5143979326361886}",descriptive panel t interval; design-conditional
stage_a_uci_v2,tent,none,4,ba,brier,1,0.2141207995192341,,,,3,3,"{""uci_internal_fixed"": 0.2141207995192341}",descriptive panel t interval; design-conditional
stage_a_uci_v2,tent,none,4,ba,ece15,1,0.0791877265102701,,,,3,3,"{""uci_internal_fixed"": 0.0791877265102701}",descriptive panel t interval; design-conditional
stage_a_uci_v2,tent,none,4,ba,seconds,1,0.14750643333294033,,,,3,3,"{""uci_internal_fixed"": 0.14750643333294033}",descriptive panel t interval; design-conditional
stage_a_uci_v2,tent,none,4,ba,updates,1,16.0,,,,3,3,"{""uci_internal_fixed"": 16.0}",descriptive panel t interval; design-conditional
stage_a_uci_v2,tent,none,4,ba,skipped,1,0.0,,,,3,3,"{""uci_internal_fixed"": 0.0}",descriptive panel t interval; design-conditional
stage_a_uci_v2,tent,none,4,ba,recoveries,1,0.0,,,,3,3,"{""uci_internal_fixed"": 0.0}",descriptive panel t interval; design-conditional
stage_a_uci_v2,tent,optimizer,0,ab,accuracy,1,0.8619791666666666,,,,3,3,"{""uci_internal_fixed"": 0.8619791666666666}",descriptive panel t interval; design-conditional
stage_a_uci_v2,tent,optimizer,0,ab,nll,1,0.5140207636254323,,,,3,3,"{""uci_internal_fixed"": 0.5140207636254323}",descriptive panel t interval; design-conditional
stage_a_uci_v2,tent,optimizer,0,ab,brier,1,0.21408797244272207,,,,3,3,"{""uci_internal_fixed"": 0.21408797244272207}",descriptive panel t interval; design-conditional
stage_a_uci_v2,tent,optimizer,0,ab,ece15,1,0.07911659185227622,,,,3,3,"{""uci_internal_fixed"": 0.07911659185227622}",descriptive panel t interval; design-conditional
stage_a_uci_v2,tent,optimizer,0,ab,seconds,1,0.12787220000366986,,,,3,3,"{""uci_internal_fixed"": 0.12787220000366986}",descriptive panel t interval; design-conditional
stage_a_uci_v2,tent,optimizer,0,ab,updates,1,16.0,,,,3,3,"{""uci_internal_fixed"": 16.0}",descriptive panel t interval; design-conditional
stage_a_uci_v2,tent,optimizer,0,ab,skipped,1,0.0,,,,3,3,"{""uci_internal_fixed"": 0.0}",descriptive panel t interval; design-conditional
stage_a_uci_v2,tent,optimizer,0,ab,recoveries,1,0.0,,,,3,3,"{""uci_internal_fixed"": 0.0}",descriptive panel t interval; design-conditional
stage_a_uci_v2,tent,optimizer,0,ba,accuracy,1,0.8616536458333334,,,,3,3,"{""uci_internal_fixed"": 0.8616536458333334}",descriptive panel t interval; design-conditional
stage_a_uci_v2,tent,optimizer,0,ba,nll,1,0.5139579097725794,,,,3,3,"{""uci_internal_fixed"": 0.5139579097725794}",descriptive panel t interval; design-conditional
stage_a_uci_v2,tent,optimizer,0,ba,brier,1,0.21408338031305515,,,,3,3,"{""uci_internal_fixed"": 0.21408338031305515}",descriptive panel t interval; design-conditional
stage_a_uci_v2,tent,optimizer,0,ba,ece15,1,0.07925634676265982,,,,3,3,"{""uci_internal_fixed"": 0.07925634676265982}",descriptive panel t interval; design-conditional
stage_a_uci_v2,tent,optimizer,0,ba,seconds,1,0.12068738333133895,,,,3,3,"{""uci_internal_fixed"": 0.12068738333133895}",descriptive panel t interval; design-conditional
stage_a_uci_v2,tent,optimizer,0,ba,updates,1,16.0,,,,3,3,"{""uci_internal_fixed"": 16.0}",descriptive panel t interval; design-conditional
stage_a_uci_v2,tent,optimizer,0,ba,skipped,1,0.0,,,,3,3,"{""uci_internal_fixed"": 0.0}",descriptive panel t interval; design-conditional
stage_a_uci_v2,tent,optimizer,0,ba,recoveries,1,0.0,,,,3,3,"{""uci_internal_fixed"": 0.0}",descriptive panel t interval; design-conditional
stage_a_uci_v2,tent,optimizer,4,ab,accuracy,1,0.8623046875,,,,3,3,"{""uci_internal_fixed"": 0.8623046875}",descriptive panel t interval; design-conditional
stage_a_uci_v2,tent,optimizer,4,ab,nll,1,0.5140561009357576,,,,3,3,"{""uci_internal_fixed"": 0.5140561009357576}",descriptive panel t interval; design-conditional
stage_a_uci_v2,tent,optimizer,4,ab,brier,1,0.21407586250579394,,,,3,3,"{""uci_internal_fixed"": 0.21407586250579394}",descriptive panel t interval; design-conditional
stage_a_uci_v2,tent,optimizer,4,ab,ece15,1,0.07898562420616104,,,,3,3,"{""uci_internal_fixed"": 0.07898562420616104}",descriptive panel t interval; design-conditional
stage_a_uci_v2,tent,optimizer,4,ab,seconds,1,0.13404435000120427,,,,3,3,"{""uci_internal_fixed"": 0.13404435000120427}",descriptive panel t interval; design-conditional
stage_a_uci_v2,tent,optimizer,4,ab,updates,1,16.0,,,,3,3,"{""uci_internal_fixed"": 16.0}",descriptive panel t interval; design-conditional
stage_a_uci_v2,tent,optimizer,4,ab,skipped,1,0.0,,,,3,3,"{""uci_internal_fixed"": 0.0}",descriptive panel t interval; design-conditional
stage_a_uci_v2,tent,optimizer,4,ab,recoveries,1,0.0,,,,3,3,"{""uci_internal_fixed"": 0.0}",descriptive panel t interval; design-conditional
stage_a_uci_v2,tent,optimizer,4,ba,accuracy,1,0.8623046875,,,,3,3,"{""uci_internal_fixed"": 0.8623046875}",descriptive panel t interval; design-conditional
stage_a_uci_v2,tent,optimizer,4,ba,nll,1,0.5140143540019452,,,,3,3,"{""uci_internal_fixed"": 0.5140143540019452}",descriptive panel t interval; design-conditional
stage_a_uci_v2,tent,optimizer,4,ba,brier,1,0.21407256170017286,,,,3,3,"{""uci_internal_fixed"": 0.21407256170017286}",descriptive panel t interval; design-conditional
stage_a_uci_v2,tent,optimizer,4,ba,ece15,1,0.07918942193259021,,,,3,3,"{""uci_internal_fixed"": 0.07918942193259021}",descriptive panel t interval; design-conditional
stage_a_uci_v2,tent,optimizer,4,ba,seconds,1,0.12317511666333299,,,,3,3,"{""uci_internal_fixed"": 0.12317511666333299}",descriptive panel t interval; design-conditional
stage_a_uci_v2,tent,optimizer,4,ba,updates,1,16.0,,,,3,3,"{""uci_internal_fixed"": 16.0}",descriptive panel t interval; design-conditional
stage_a_uci_v2,tent,optimizer,4,ba,skipped,1,0.0,,,,3,3,"{""uci_internal_fixed"": 0.0}",descriptive panel t interval; design-conditional
stage_a_uci_v2,tent,optimizer,4,ba,recoveries,1,0.0,,,,3,3,"{""uci_internal_fixed"": 0.0}",descriptive panel t interval; design-conditional
stage_a_uci_v2,tent,optimizer_aux,0,ab,accuracy,1,0.8619791666666666,,,,3,3,"{""uci_internal_fixed"": 0.8619791666666666}",descriptive panel t interval; design-conditional
stage_a_uci_v2,tent,optimizer_aux,0,ab,nll,1,0.5140207636254323,,,,3,3,"{""uci_internal_fixed"": 0.5140207636254323}",descriptive panel t interval; design-conditional
stage_a_uci_v2,tent,optimizer_aux,0,ab,brier,1,0.21408797244272207,,,,3,3,"{""uci_internal_fixed"": 0.21408797244272207}",descriptive panel t interval; design-conditional
stage_a_uci_v2,tent,optimizer_aux,0,ab,ece15,1,0.07911659185227622,,,,3,3,"{""uci_internal_fixed"": 0.07911659185227622}",descriptive panel t interval; design-conditional
stage_a_uci_v2,tent,optimizer_aux,0,ab,seconds,1,0.14724173333282423,,,,3,3,"{""uci_internal_fixed"": 0.14724173333282423}",descriptive panel t interval; design-conditional
stage_a_uci_v2,tent,optimizer_aux,0,ab,updates,1,16.0,,,,3,3,"{""uci_internal_fixed"": 16.0}",descriptive panel t interval; design-conditional
stage_a_uci_v2,tent,optimizer_aux,0,ab,skipped,1,0.0,,,,3,3,"{""uci_internal_fixed"": 0.0}",descriptive panel t interval; design-conditional
stage_a_uci_v2,tent,optimizer_aux,0,ab,recoveries,1,0.0,,,,3,3,"{""uci_internal_fixed"": 0.0}",descriptive panel t interval; design-conditional
stage_a_uci_v2,tent,optimizer_aux,0,ba,accuracy,1,0.8616536458333334,,,,3,3,"{""uci_internal_fixed"": 0.8616536458333334}",descriptive panel t interval; design-conditional
stage_a_uci_v2,tent,optimizer_aux,0,ba,nll,1,0.5139579097725794,,,,3,3,"{""uci_internal_fixed"": 0.5139579097725794}",descriptive panel t interval; design-conditional
stage_a_uci_v2,tent,optimizer_aux,0,ba,brier,1,0.21408338031305515,,,,3,3,"{""uci_internal_fixed"": 0.21408338031305515}",descriptive panel t interval; design-conditional
stage_a_uci_v2,tent,optimizer_aux,0,ba,ece15,1,0.07925634676265982,,,,3,3,"{""uci_internal_fixed"": 0.07925634676265982}",descriptive panel t interval; design-conditional
stage_a_uci_v2,tent,optimizer_aux,0,ba,seconds,1,0.11676235000292456,,,,3,3,"{""uci_internal_fixed"": 0.11676235000292456}",descriptive panel t interval; design-conditional
stage_a_uci_v2,tent,optimizer_aux,0,ba,updates,1,16.0,,,,3,3,"{""uci_internal_fixed"": 16.0}",descriptive panel t interval; design-conditional
stage_a_uci_v2,tent,optimizer_aux,0,ba,skipped,1,0.0,,,,3,3,"{""uci_internal_fixed"": 0.0}",descriptive panel t interval; design-conditional
stage_a_uci_v2,tent,optimizer_aux,0,ba,recoveries,1,0.0,,,,3,3,"{""uci_internal_fixed"": 0.0}",descriptive panel t interval; design-conditional
stage_a_uci_v2,tent,optimizer_aux,4,ab,accuracy,1,0.8623046875,,,,3,3,"{""uci_internal_fixed"": 0.8623046875}",descriptive panel t interval; design-conditional
stage_a_uci_v2,tent,optimizer_aux,4,ab,nll,1,0.5140561009357576,,,,3,3,"{""uci_internal_fixed"": 0.5140561009357576}",descriptive panel t interval; design-conditional
stage_a_uci_v2,tent,optimizer_aux,4,ab,brier,1,0.21407586250579394,,,,3,3,"{""uci_internal_fixed"": 0.21407586250579394}",descriptive panel t interval; design-conditional
stage_a_uci_v2,tent,optimizer_aux,4,ab,ece15,1,0.07898562420616104,,,,3,3,"{""uci_internal_fixed"": 0.07898562420616104}",descriptive panel t interval; design-conditional
stage_a_uci_v2,tent,optimizer_aux,4,ab,seconds,1,0.1095247500003703,,,,3,3,"{""uci_internal_fixed"": 0.1095247500003703}",descriptive panel t interval; design-conditional
stage_a_uci_v2,tent,optimizer_aux,4,ab,updates,1,16.0,,,,3,3,"{""uci_internal_fixed"": 16.0}",descriptive panel t interval; design-conditional
stage_a_uci_v2,tent,optimizer_aux,4,ab,skipped,1,0.0,,,,3,3,"{""uci_internal_fixed"": 0.0}",descriptive panel t interval; design-conditional
stage_a_uci_v2,tent,optimizer_aux,4,ab,recoveries,1,0.0,,,,3,3,"{""uci_internal_fixed"": 0.0}",descriptive panel t interval; design-conditional
stage_a_uci_v2,tent,optimizer_aux,4,ba,accuracy,1,0.8623046875,,,,3,3,"{""uci_internal_fixed"": 0.8623046875}",descriptive panel t interval; design-conditional
stage_a_uci_v2,tent,optimizer_aux,4,ba,nll,1,0.5140143540019452,,,,3,3,"{""uci_internal_fixed"": 0.5140143540019452}",descriptive panel t interval; design-conditional
stage_a_uci_v2,tent,optimizer_aux,4,ba,brier,1,0.21407256170017286,,,,3,3,"{""uci_internal_fixed"": 0.21407256170017286}",descriptive panel t interval; design-conditional
stage_a_uci_v2,tent,optimizer_aux,4,ba,ece15,1,0.07918942193259021,,,,3,3,"{""uci_internal_fixed"": 0.07918942193259021}",descriptive panel t interval; design-conditional
stage_a_uci_v2,tent,optimizer_aux,4,ba,seconds,1,0.10636508333360928,,,,3,3,"{""uci_internal_fixed"": 0.10636508333360928}",descriptive panel t interval; design-conditional
stage_a_uci_v2,tent,optimizer_aux,4,ba,updates,1,16.0,,,,3,3,"{""uci_internal_fixed"": 16.0}",descriptive panel t interval; design-conditional
stage_a_uci_v2,tent,optimizer_aux,4,ba,skipped,1,0.0,,,,3,3,"{""uci_internal_fixed"": 0.0}",descriptive panel t interval; design-conditional
stage_a_uci_v2,tent,optimizer_aux,4,ba,recoveries,1,0.0,,,,3,3,"{""uci_internal_fixed"": 0.0}",descriptive panel t interval; design-conditional
stage_a_uci_v2,tent,parameters,0,ab,accuracy,1,0.8616536458333334,,,,3,3,"{""uci_internal_fixed"": 0.8616536458333334}",descriptive panel t interval; design-conditional
stage_a_uci_v2,tent,parameters,0,ab,nll,1,0.51405495626297,,,,3,3,"{""uci_internal_fixed"": 0.51405495626297}",descriptive panel t interval; design-conditional
stage_a_uci_v2,tent,parameters,0,ab,brier,1,0.2141212596574894,,,,3,3,"{""uci_internal_fixed"": 0.2141212596574894}",descriptive panel t interval; design-conditional
stage_a_uci_v2,tent,parameters,0,ab,ece15,1,0.07901208171909709,,,,3,3,"{""uci_internal_fixed"": 0.07901208171909709}",descriptive panel t interval; design-conditional
stage_a_uci_v2,tent,parameters,0,ab,seconds,1,0.12854586666799148,,,,3,3,"{""uci_internal_fixed"": 0.12854586666799148}",descriptive panel t interval; design-conditional
stage_a_uci_v2,tent,parameters,0,ab,updates,1,16.0,,,,3,3,"{""uci_internal_fixed"": 16.0}",descriptive panel t interval; design-conditional
stage_a_uci_v2,tent,parameters,0,ab,skipped,1,0.0,,,,3,3,"{""uci_internal_fixed"": 0.0}",descriptive panel t interval; design-conditional
stage_a_uci_v2,tent,parameters,0,ab,recoveries,1,0.0,,,,3,3,"{""uci_internal_fixed"": 0.0}",descriptive panel t interval; design-conditional
stage_a_uci_v2,tent,parameters,0,ba,accuracy,1,0.8616536458333334,,,,3,3,"{""uci_internal_fixed"": 0.8616536458333334}",descriptive panel t interval; design-conditional
stage_a_uci_v2,tent,parameters,0,ba,nll,1,0.5140915711297555,,,,3,3,"{""uci_internal_fixed"": 0.5140915711297555}",descriptive panel t interval; design-conditional
stage_a_uci_v2,tent,parameters,0,ba,brier,1,0.21412360523940868,,,,3,3,"{""uci_internal_fixed"": 0.21412360523940868}",descriptive panel t interval; design-conditional
stage_a_uci_v2,tent,parameters,0,ba,ece15,1,0.07902311552166603,,,,3,3,"{""uci_internal_fixed"": 0.07902311552166603}",descriptive panel t interval; design-conditional
stage_a_uci_v2,tent,parameters,0,ba,seconds,1,0.1441115500007678,,,,3,3,"{""uci_internal_fixed"": 0.1441115500007678}",descriptive panel t interval; design-conditional
stage_a_uci_v2,tent,parameters,0,ba,updates,1,16.0,,,,3,3,"{""uci_internal_fixed"": 16.0}",descriptive panel t interval; design-conditional
stage_a_uci_v2,tent,parameters,0,ba,skipped,1,0.0,,,,3,3,"{""uci_internal_fixed"": 0.0}",descriptive panel t interval; design-conditional
stage_a_uci_v2,tent,parameters,0,ba,recoveries,1,0.0,,,,3,3,"{""uci_internal_fixed"": 0.0}",descriptive panel t interval; design-conditional
stage_a_uci_v2,tent,parameters,4,ab,accuracy,1,0.8616536458333334,,,,3,3,"{""uci_internal_fixed"": 0.8616536458333334}",descriptive panel t interval; design-conditional
stage_a_uci_v2,tent,parameters,4,ab,nll,1,0.5145020303060358,,,,3,3,"{""uci_internal_fixed"": 0.5145020303060358}",descriptive panel t interval; design-conditional
stage_a_uci_v2,tent,parameters,4,ab,brier,1,0.21418720471350258,,,,3,3,"{""uci_internal_fixed"": 0.21418720471350258}",descriptive panel t interval; design-conditional
stage_a_uci_v2,tent,parameters,4,ab,ece15,1,0.07905311101615513,,,,3,3,"{""uci_internal_fixed"": 0.07905311101615513}",descriptive panel t interval; design-conditional
stage_a_uci_v2,tent,parameters,4,ab,seconds,1,0.1261260833368093,,,,3,3,"{""uci_internal_fixed"": 0.1261260833368093}",descriptive panel t interval; design-conditional
stage_a_uci_v2,tent,parameters,4,ab,updates,1,16.0,,,,3,3,"{""uci_internal_fixed"": 16.0}",descriptive panel t interval; design-conditional
stage_a_uci_v2,tent,parameters,4,ab,skipped,1,0.0,,,,3,3,"{""uci_internal_fixed"": 0.0}",descriptive panel t interval; design-conditional
stage_a_uci_v2,tent,parameters,4,ab,recoveries,1,0.0,,,,3,3,"{""uci_internal_fixed"": 0.0}",descriptive panel t interval; design-conditional
stage_a_uci_v2,tent,parameters,4,ba,accuracy,1,0.8616536458333334,,,,3,3,"{""uci_internal_fixed"": 0.8616536458333334}",descriptive panel t interval; design-conditional
stage_a_uci_v2,tent,parameters,4,ba,nll,1,0.5145257348698196,,,,3,3,"{""uci_internal_fixed"": 0.5145257348698196}",descriptive panel t interval; design-conditional
stage_a_uci_v2,tent,parameters,4,ba,brier,1,0.2141885849925409,,,,3,3,"{""uci_internal_fixed"": 0.2141885849925409}",descriptive panel t interval; design-conditional
stage_a_uci_v2,tent,parameters,4,ba,ece15,1,0.07888675211553235,,,,3,3,"{""uci_internal_fixed"": 0.07888675211553235}",descriptive panel t interval; design-conditional
stage_a_uci_v2,tent,parameters,4,ba,seconds,1,0.1254844833310926,,,,3,3,"{""uci_internal_fixed"": 0.1254844833310926}",descriptive panel t interval; design-conditional
stage_a_uci_v2,tent,parameters,4,ba,updates,1,16.0,,,,3,3,"{""uci_internal_fixed"": 16.0}",descriptive panel t interval; design-conditional
stage_a_uci_v2,tent,parameters,4,ba,skipped,1,0.0,,,,3,3,"{""uci_internal_fixed"": 0.0}",descriptive panel t interval; design-conditional
stage_a_uci_v2,tent,parameters,4,ba,recoveries,1,0.0,,,,3,3,"{""uci_internal_fixed"": 0.0}",descriptive panel t interval; design-conditional
stage_a_uci_v2,tent,parameters_aux,0,ab,accuracy,1,0.8616536458333334,,,,3,3,"{""uci_internal_fixed"": 0.8616536458333334}",descriptive panel t interval; design-conditional
stage_a_uci_v2,tent,parameters_aux,0,ab,nll,1,0.51405495626297,,,,3,3,"{""uci_internal_fixed"": 0.51405495626297}",descriptive panel t interval; design-conditional
stage_a_uci_v2,tent,parameters_aux,0,ab,brier,1,0.2141212596574894,,,,3,3,"{""uci_internal_fixed"": 0.2141212596574894}",descriptive panel t interval; design-conditional
stage_a_uci_v2,tent,parameters_aux,0,ab,ece15,1,0.07901208171909709,,,,3,3,"{""uci_internal_fixed"": 0.07901208171909709}",descriptive panel t interval; design-conditional
stage_a_uci_v2,tent,parameters_aux,0,ab,seconds,1,0.11817981666293535,,,,3,3,"{""uci_internal_fixed"": 0.11817981666293535}",descriptive panel t interval; design-conditional
stage_a_uci_v2,tent,parameters_aux,0,ab,updates,1,16.0,,,,3,3,"{""uci_internal_fixed"": 16.0}",descriptive panel t interval; design-conditional
stage_a_uci_v2,tent,parameters_aux,0,ab,skipped,1,0.0,,,,3,3,"{""uci_internal_fixed"": 0.0}",descriptive panel t interval; design-conditional
stage_a_uci_v2,tent,parameters_aux,0,ab,recoveries,1,0.0,,,,3,3,"{""uci_internal_fixed"": 0.0}",descriptive panel t interval; design-conditional
stage_a_uci_v2,tent,parameters_aux,0,ba,accuracy,1,0.8616536458333334,,,,3,3,"{""uci_internal_fixed"": 0.8616536458333334}",descriptive panel t interval; design-conditional
stage_a_uci_v2,tent,parameters_aux,0,ba,nll,1,0.5140915711297555,,,,3,3,"{""uci_internal_fixed"": 0.5140915711297555}",descriptive panel t interval; design-conditional
stage_a_uci_v2,tent,parameters_aux,0,ba,brier,1,0.21412360523940868,,,,3,3,"{""uci_internal_fixed"": 0.21412360523940868}",descriptive panel t interval; design-conditional
stage_a_uci_v2,tent,parameters_aux,0,ba,ece15,1,0.07902311552166603,,,,3,3,"{""uci_internal_fixed"": 0.07902311552166603}",descriptive panel t interval; design-conditional
stage_a_uci_v2,tent,parameters_aux,0,ba,seconds,1,0.11397948333372669,,,,3,3,"{""uci_internal_fixed"": 0.11397948333372669}",descriptive panel t interval; design-conditional
stage_a_uci_v2,tent,parameters_aux,0,ba,updates,1,16.0,,,,3,3,"{""uci_internal_fixed"": 16.0}",descriptive panel t interval; design-conditional
stage_a_uci_v2,tent,parameters_aux,0,ba,skipped,1,0.0,,,,3,3,"{""uci_internal_fixed"": 0.0}",descriptive panel t interval; design-conditional
stage_a_uci_v2,tent,parameters_aux,0,ba,recoveries,1,0.0,,,,3,3,"{""uci_internal_fixed"": 0.0}",descriptive panel t interval; design-conditional
stage_a_uci_v2,tent,parameters_aux,4,ab,accuracy,1,0.8616536458333334,,,,3,3,"{""uci_internal_fixed"": 0.8616536458333334}",descriptive panel t interval; design-conditional
stage_a_uci_v2,tent,parameters_aux,4,ab,nll,1,0.5145020303060358,,,,3,3,"{""uci_internal_fixed"": 0.5145020303060358}",descriptive panel t interval; design-conditional
stage_a_uci_v2,tent,parameters_aux,4,ab,brier,1,0.21418720471350258,,,,3,3,"{""uci_internal_fixed"": 0.21418720471350258}",descriptive panel t interval; design-conditional
stage_a_uci_v2,tent,parameters_aux,4,ab,ece15,1,0.07905311101615513,,,,3,3,"{""uci_internal_fixed"": 0.07905311101615513}",descriptive panel t interval; design-conditional
stage_a_uci_v2,tent,parameters_aux,4,ab,seconds,1,0.111116883335247,,,,3,3,"{""uci_internal_fixed"": 0.111116883335247}",descriptive panel t interval; design-conditional
stage_a_uci_v2,tent,parameters_aux,4,ab,updates,1,16.0,,,,3,3,"{""uci_internal_fixed"": 16.0}",descriptive panel t interval; design-conditional
stage_a_uci_v2,tent,parameters_aux,4,ab,skipped,1,0.0,,,,3,3,"{""uci_internal_fixed"": 0.0}",descriptive panel t interval; design-conditional
stage_a_uci_v2,tent,parameters_aux,4,ab,recoveries,1,0.0,,,,3,3,"{""uci_internal_fixed"": 0.0}",descriptive panel t interval; design-conditional
stage_a_uci_v2,tent,parameters_aux,4,ba,accuracy,1,0.8616536458333334,,,,3,3,"{""uci_internal_fixed"": 0.8616536458333334}",descriptive panel t interval; design-conditional
stage_a_uci_v2,tent,parameters_aux,4,ba,nll,1,0.5145257348698196,,,,3,3,"{""uci_internal_fixed"": 0.5145257348698196}",descriptive panel t interval; design-conditional
stage_a_uci_v2,tent,parameters_aux,4,ba,brier,1,0.2141885849925409,,,,3,3,"{""uci_internal_fixed"": 0.2141885849925409}",descriptive panel t interval; design-conditional
stage_a_uci_v2,tent,parameters_aux,4,ba,ece15,1,0.07888675211553235,,,,3,3,"{""uci_internal_fixed"": 0.07888675211553235}",descriptive panel t interval; design-conditional
stage_a_uci_v2,tent,parameters_aux,4,ba,seconds,1,0.1118477333366172,,,,3,3,"{""uci_internal_fixed"": 0.1118477333366172}",descriptive panel t interval; design-conditional
stage_a_uci_v2,tent,parameters_aux,4,ba,updates,1,16.0,,,,3,3,"{""uci_internal_fixed"": 16.0}",descriptive panel t interval; design-conditional
stage_a_uci_v2,tent,parameters_aux,4,ba,skipped,1,0.0,,,,3,3,"{""uci_internal_fixed"": 0.0}",descriptive panel t interval; design-conditional
stage_a_uci_v2,tent,parameters_aux,4,ba,recoveries,1,0.0,,,,3,3,"{""uci_internal_fixed"": 0.0}",descriptive panel t interval; design-conditional
stage_a_uci_v2,tent,parameters_optimizer,0,ab,accuracy,1,0.8616536458333334,,,,3,3,"{""uci_internal_fixed"": 0.8616536458333334}",descriptive panel t interval; design-conditional
stage_a_uci_v2,tent,parameters_optimizer,0,ab,nll,1,0.5141457317600596,,,,3,3,"{""uci_internal_fixed"": 0.5141457317600596}",descriptive panel t interval; design-conditional
stage_a_uci_v2,tent,parameters_optimizer,0,ab,brier,1,0.21414177940910126,,,,3,3,"{""uci_internal_fixed"": 0.21414177940910126}",descriptive panel t interval; design-conditional
stage_a_uci_v2,tent,parameters_optimizer,0,ab,ece15,1,0.07899930300355357,,,,3,3,"{""uci_internal_fixed"": 0.07899930300355357}",descriptive panel t interval; design-conditional
stage_a_uci_v2,tent,parameters_optimizer,0,ab,seconds,1,0.12199816666786013,,,,3,3,"{""uci_internal_fixed"": 0.12199816666786013}",descriptive panel t interval; design-conditional
stage_a_uci_v2,tent,parameters_optimizer,0,ab,updates,1,16.0,,,,3,3,"{""uci_internal_fixed"": 16.0}",descriptive panel t interval; design-conditional
stage_a_uci_v2,tent,parameters_optimizer,0,ab,skipped,1,0.0,,,,3,3,"{""uci_internal_fixed"": 0.0}",descriptive panel t interval; design-conditional
stage_a_uci_v2,tent,parameters_optimizer,0,ab,recoveries,1,0.0,,,,3,3,"{""uci_internal_fixed"": 0.0}",descriptive panel t interval; design-conditional
stage_a_uci_v2,tent,parameters_optimizer,0,ba,accuracy,1,0.8616536458333334,,,,3,3,"{""uci_internal_fixed"": 0.8616536458333334}",descriptive panel t interval; design-conditional
stage_a_uci_v2,tent,parameters_optimizer,0,ba,nll,1,0.5141457317600596,,,,3,3,"{""uci_internal_fixed"": 0.5141457317600596}",descriptive panel t interval; design-conditional
stage_a_uci_v2,tent,parameters_optimizer,0,ba,brier,1,0.21414177940910126,,,,3,3,"{""uci_internal_fixed"": 0.21414177940910126}",descriptive panel t interval; design-conditional
stage_a_uci_v2,tent,parameters_optimizer,0,ba,ece15,1,0.07899930300355357,,,,3,3,"{""uci_internal_fixed"": 0.07899930300355357}",descriptive panel t interval; design-conditional
stage_a_uci_v2,tent,parameters_optimizer,0,ba,seconds,1,0.12674271666764977,,,,3,3,"{""uci_internal_fixed"": 0.12674271666764977}",descriptive panel t interval; design-conditional
stage_a_uci_v2,tent,parameters_optimizer,0,ba,updates,1,16.0,,,,3,3,"{""uci_internal_fixed"": 16.0}",descriptive panel t interval; design-conditional
stage_a_uci_v2,tent,parameters_optimizer,0,ba,skipped,1,0.0,,,,3,3,"{""uci_internal_fixed"": 0.0}",descriptive panel t interval; design-conditional
stage_a_uci_v2,tent,parameters_optimizer,0,ba,recoveries,1,0.0,,,,3,3,"{""uci_internal_fixed"": 0.0}",descriptive panel t interval; design-conditional
stage_a_uci_v2,tent,parameters_optimizer,4,ab,accuracy,1,0.8616536458333334,,,,3,3,"{""uci_internal_fixed"": 0.8616536458333334}",descriptive panel t interval; design-conditional
stage_a_uci_v2,tent,parameters_optimizer,4,ab,nll,1,0.5141457317600596,,,,3,3,"{""uci_internal_fixed"": 0.5141457317600596}",descriptive panel t interval; design-conditional
stage_a_uci_v2,tent,parameters_optimizer,4,ab,brier,1,0.21414177940910126,,,,3,3,"{""uci_internal_fixed"": 0.21414177940910126}",descriptive panel t interval; design-conditional
stage_a_uci_v2,tent,parameters_optimizer,4,ab,ece15,1,0.07899930300355357,,,,3,3,"{""uci_internal_fixed"": 0.07899930300355357}",descriptive panel t interval; design-conditional
stage_a_uci_v2,tent,parameters_optimizer,4,ab,seconds,1,0.12758623333259797,,,,3,3,"{""uci_internal_fixed"": 0.12758623333259797}",descriptive panel t interval; design-conditional
stage_a_uci_v2,tent,parameters_optimizer,4,ab,updates,1,16.0,,,,3,3,"{""uci_internal_fixed"": 16.0}",descriptive panel t interval; design-conditional
stage_a_uci_v2,tent,parameters_optimizer,4,ab,skipped,1,0.0,,,,3,3,"{""uci_internal_fixed"": 0.0}",descriptive panel t interval; design-conditional
stage_a_uci_v2,tent,parameters_optimizer,4,ab,recoveries,1,0.0,,,,3,3,"{""uci_internal_fixed"": 0.0}",descriptive panel t interval; design-conditional
stage_a_uci_v2,tent,parameters_optimizer,4,ba,accuracy,1,0.8616536458333334,,,,3,3,"{""uci_internal_fixed"": 0.8616536458333334}",descriptive panel t interval; design-conditional
stage_a_uci_v2,tent,parameters_optimizer,4,ba,nll,1,0.5141457317600596,,,,3,3,"{""uci_internal_fixed"": 0.5141457317600596}",descriptive panel t interval; design-conditional
stage_a_uci_v2,tent,parameters_optimizer,4,ba,brier,1,0.21414177940910126,,,,3,3,"{""uci_internal_fixed"": 0.21414177940910126}",descriptive panel t interval; design-conditional
stage_a_uci_v2,tent,parameters_optimizer,4,ba,ece15,1,0.07899930300355357,,,,3,3,"{""uci_internal_fixed"": 0.07899930300355357}",descriptive panel t interval; design-conditional
stage_a_uci_v2,tent,parameters_optimizer,4,ba,seconds,1,0.12173470000076725,,,,3,3,"{""uci_internal_fixed"": 0.12173470000076725}",descriptive panel t interval; design-conditional
stage_a_uci_v2,tent,parameters_optimizer,4,ba,updates,1,16.0,,,,3,3,"{""uci_internal_fixed"": 16.0}",descriptive panel t interval; design-conditional
stage_a_uci_v2,tent,parameters_optimizer,4,ba,skipped,1,0.0,,,,3,3,"{""uci_internal_fixed"": 0.0}",descriptive panel t interval; design-conditional
stage_a_uci_v2,tent,parameters_optimizer,4,ba,recoveries,1,0.0,,,,3,3,"{""uci_internal_fixed"": 0.0}",descriptive panel t interval; design-conditional
stage_a_uci_v2,tent,parameters_optimizer_aux,0,ab,accuracy,1,0.8616536458333334,,,,3,3,"{""uci_internal_fixed"": 0.8616536458333334}",descriptive panel t interval; design-conditional
stage_a_uci_v2,tent,parameters_optimizer_aux,0,ab,nll,1,0.5141457317600596,,,,3,3,"{""uci_internal_fixed"": 0.5141457317600596}",descriptive panel t interval; design-conditional
stage_a_uci_v2,tent,parameters_optimizer_aux,0,ab,brier,1,0.21414177940910126,,,,3,3,"{""uci_internal_fixed"": 0.21414177940910126}",descriptive panel t interval; design-conditional
stage_a_uci_v2,tent,parameters_optimizer_aux,0,ab,ece15,1,0.07899930300355357,,,,3,3,"{""uci_internal_fixed"": 0.07899930300355357}",descriptive panel t interval; design-conditional
stage_a_uci_v2,tent,parameters_optimizer_aux,0,ab,seconds,1,0.12352408333633012,,,,3,3,"{""uci_internal_fixed"": 0.12352408333633012}",descriptive panel t interval; design-conditional
stage_a_uci_v2,tent,parameters_optimizer_aux,0,ab,updates,1,16.0,,,,3,3,"{""uci_internal_fixed"": 16.0}",descriptive panel t interval; design-conditional
stage_a_uci_v2,tent,parameters_optimizer_aux,0,ab,skipped,1,0.0,,,,3,3,"{""uci_internal_fixed"": 0.0}",descriptive panel t interval; design-conditional
stage_a_uci_v2,tent,parameters_optimizer_aux,0,ab,recoveries,1,0.0,,,,3,3,"{""uci_internal_fixed"": 0.0}",descriptive panel t interval; design-conditional
stage_a_uci_v2,tent,parameters_optimizer_aux,0,ba,accuracy,1,0.8616536458333334,,,,3,3,"{""uci_internal_fixed"": 0.8616536458333334}",descriptive panel t interval; design-conditional
stage_a_uci_v2,tent,parameters_optimizer_aux,0,ba,nll,1,0.5141457317600596,,,,3,3,"{""uci_internal_fixed"": 0.5141457317600596}",descriptive panel t interval; design-conditional
stage_a_uci_v2,tent,parameters_optimizer_aux,0,ba,brier,1,0.21414177940910126,,,,3,3,"{""uci_internal_fixed"": 0.21414177940910126}",descriptive panel t interval; design-conditional
stage_a_uci_v2,tent,parameters_optimizer_aux,0,ba,ece15,1,0.07899930300355357,,,,3,3,"{""uci_internal_fixed"": 0.07899930300355357}",descriptive panel t interval; design-conditional
stage_a_uci_v2,tent,parameters_optimizer_aux,0,ba,seconds,1,0.13955404999918145,,,,3,3,"{""uci_internal_fixed"": 0.13955404999918145}",descriptive panel t interval; design-conditional
stage_a_uci_v2,tent,parameters_optimizer_aux,0,ba,updates,1,16.0,,,,3,3,"{""uci_internal_fixed"": 16.0}",descriptive panel t interval; design-conditional
stage_a_uci_v2,tent,parameters_optimizer_aux,0,ba,skipped,1,0.0,,,,3,3,"{""uci_internal_fixed"": 0.0}",descriptive panel t interval; design-conditional
stage_a_uci_v2,tent,parameters_optimizer_aux,0,ba,recoveries,1,0.0,,,,3,3,"{""uci_internal_fixed"": 0.0}",descriptive panel t interval; design-conditional
stage_a_uci_v2,tent,parameters_optimizer_aux,4,ab,accuracy,1,0.8616536458333334,,,,3,3,"{""uci_internal_fixed"": 0.8616536458333334}",descriptive panel t interval; design-conditional
stage_a_uci_v2,tent,parameters_optimizer_aux,4,ab,nll,1,0.5141457317600596,,,,3,3,"{""uci_internal_fixed"": 0.5141457317600596}",descriptive panel t interval; design-conditional
stage_a_uci_v2,tent,parameters_optimizer_aux,4,ab,brier,1,0.21414177940910126,,,,3,3,"{""uci_internal_fixed"": 0.21414177940910126}",descriptive panel t interval; design-conditional
stage_a_uci_v2,tent,parameters_optimizer_aux,4,ab,ece15,1,0.07899930300355357,,,,3,3,"{""uci_internal_fixed"": 0.07899930300355357}",descriptive panel t interval; design-conditional
stage_a_uci_v2,tent,parameters_optimizer_aux,4,ab,seconds,1,0.10375738332610727,,,,3,3,"{""uci_internal_fixed"": 0.10375738332610727}",descriptive panel t interval; design-conditional
stage_a_uci_v2,tent,parameters_optimizer_aux,4,ab,updates,1,16.0,,,,3,3,"{""uci_internal_fixed"": 16.0}",descriptive panel t interval; design-conditional
stage_a_uci_v2,tent,parameters_optimizer_aux,4,ab,skipped,1,0.0,,,,3,3,"{""uci_internal_fixed"": 0.0}",descriptive panel t interval; design-conditional
stage_a_uci_v2,tent,parameters_optimizer_aux,4,ab,recoveries,1,0.0,,,,3,3,"{""uci_internal_fixed"": 0.0}",descriptive panel t interval; design-conditional
stage_a_uci_v2,tent,parameters_optimizer_aux,4,ba,accuracy,1,0.8616536458333334,,,,3,3,"{""uci_internal_fixed"": 0.8616536458333334}",descriptive panel t interval; design-conditional
stage_a_uci_v2,tent,parameters_optimizer_aux,4,ba,nll,1,0.5141457317600596,,,,3,3,"{""uci_internal_fixed"": 0.5141457317600596}",descriptive panel t interval; design-conditional
stage_a_uci_v2,tent,parameters_optimizer_aux,4,ba,brier,1,0.21414177940910126,,,,3,3,"{""uci_internal_fixed"": 0.21414177940910126}",descriptive panel t interval; design-conditional
stage_a_uci_v2,tent,parameters_optimizer_aux,4,ba,ece15,1,0.07899930300355357,,,,3,3,"{""uci_internal_fixed"": 0.07899930300355357}",descriptive panel t interval; design-conditional
stage_a_uci_v2,tent,parameters_optimizer_aux,4,ba,seconds,1,0.12107786666456373,,,,3,3,"{""uci_internal_fixed"": 0.12107786666456373}",descriptive panel t interval; design-conditional
stage_a_uci_v2,tent,parameters_optimizer_aux,4,ba,updates,1,16.0,,,,3,3,"{""uci_internal_fixed"": 16.0}",descriptive panel t interval; design-conditional
stage_a_uci_v2,tent,parameters_optimizer_aux,4,ba,skipped,1,0.0,,,,3,3,"{""uci_internal_fixed"": 0.0}",descriptive panel t interval; design-conditional
stage_a_uci_v2,tent,parameters_optimizer_aux,4,ba,recoveries,1,0.0,,,,3,3,"{""uci_internal_fixed"": 0.0}",descriptive panel t interval; design-conditional
