experiment_id,seed,panel_id,scenario,method,intervention,washout_batches,direction,n,accuracy,nll,brier,ece15,seconds,updates,skipped,recoveries,prediction_file
stage_a_uci_v2,17,uci_internal_fixed,noise_brightness_to_blur,source,none,0,ab,512,0.75390625,0.7397834825000255,0.357925374917637,0.07083422811046239,0.0648737000010442,0,0,0,predictions/17_uci_internal_fixed_noise_brightness_to_blur_source_w0_none_ab.npz
stage_a_uci_v2,17,uci_internal_fixed,noise_brightness_to_blur,source,none,0,ba,512,0.75390625,0.7397834825000255,0.357925374917637,0.07083422811046239,0.039864999998826534,0,0,0,predictions/17_uci_internal_fixed_noise_brightness_to_blur_source_w0_none_ba.npz
stage_a_uci_v2,17,uci_internal_fixed,noise_brightness_to_blur,source,all,0,ab,512,0.75390625,0.7397834825000255,0.357925374917637,0.07083422811046239,0.037687599993660115,0,0,0,predictions/17_uci_internal_fixed_noise_brightness_to_blur_source_w0_all_ab.npz
stage_a_uci_v2,17,uci_internal_fixed,noise_brightness_to_blur,source,all,0,ba,512,0.75390625,0.7397834825000255,0.357925374917637,0.07083422811046239,0.03456010000081733,0,0,0,predictions/17_uci_internal_fixed_noise_brightness_to_blur_source_w0_all_ba.npz
stage_a_uci_v2,17,uci_internal_fixed,noise_brightness_to_blur,source,none,4,ab,512,0.75390625,0.7397834825000255,0.357925374917637,0.07083422811046239,0.03811899998981971,0,0,0,predictions/17_uci_internal_fixed_noise_brightness_to_blur_source_w4_none_ab.npz
stage_a_uci_v2,17,uci_internal_fixed,noise_brightness_to_blur,source,none,4,ba,512,0.75390625,0.7397834825000255,0.357925374917637,0.07083422811046239,0.03611590000218712,0,0,0,predictions/17_uci_internal_fixed_noise_brightness_to_blur_source_w4_none_ba.npz
stage_a_uci_v2,17,uci_internal_fixed,noise_brightness_to_blur,source,all,4,ab,512,0.75390625,0.7397834825000255,0.357925374917637,0.07083422811046239,0.04059699999925215,0,0,0,predictions/17_uci_internal_fixed_noise_brightness_to_blur_source_w4_all_ab.npz
stage_a_uci_v2,17,uci_internal_fixed,noise_brightness_to_blur,source,all,4,ba,512,0.75390625,0.7397834825000255,0.357925374917637,0.07083422811046239,0.038729899999452755,0,0,0,predictions/17_uci_internal_fixed_noise_brightness_to_blur_source_w4_all_ba.npz
stage_a_uci_v2,17,uci_internal_fixed,noise_brightness_to_blur,norm,none,0,ab,512,0.734375,0.9610118482059603,0.40689097203931823,0.1526015961933057,0.054132699995534495,0,0,0,predictions/17_uci_internal_fixed_noise_brightness_to_blur_norm_w0_none_ab.npz
stage_a_uci_v2,17,uci_internal_fixed,noise_brightness_to_blur,norm,none,0,ba,512,0.734375,0.9610118482059603,0.40689097203931823,0.1526015961933057,0.050021100003505126,0,0,0,predictions/17_uci_internal_fixed_noise_brightness_to_blur_norm_w0_none_ba.npz
stage_a_uci_v2,17,uci_internal_fixed,noise_brightness_to_blur,norm,all,0,ab,512,0.734375,0.9610118482059603,0.40689097203931823,0.1526015961933057,0.04709039999579545,0,0,0,predictions/17_uci_internal_fixed_noise_brightness_to_blur_norm_w0_all_ab.npz
stage_a_uci_v2,17,uci_internal_fixed,noise_brightness_to_blur,norm,all,0,ba,512,0.734375,0.9610118482059603,0.40689097203931823,0.1526015961933057,0.045366499994997866,0,0,0,predictions/17_uci_internal_fixed_noise_brightness_to_blur_norm_w0_all_ba.npz
stage_a_uci_v2,17,uci_internal_fixed,noise_brightness_to_blur,norm,none,4,ab,512,0.734375,0.9610118482059603,0.40689097203931823,0.1526015961933057,0.051204200004576705,0,0,0,predictions/17_uci_internal_fixed_noise_brightness_to_blur_norm_w4_none_ab.npz
stage_a_uci_v2,17,uci_internal_fixed,noise_brightness_to_blur,norm,none,4,ba,512,0.734375,0.9610118482059603,0.40689097203931823,0.1526015961933057,0.04905099999450613,0,0,0,predictions/17_uci_internal_fixed_noise_brightness_to_blur_norm_w4_none_ba.npz
stage_a_uci_v2,17,uci_internal_fixed,noise_brightness_to_blur,norm,all,4,ab,512,0.734375,0.9610118482059603,0.40689097203931823,0.1526015961933057,0.05933509999886155,0,0,0,predictions/17_uci_internal_fixed_noise_brightness_to_blur_norm_w4_all_ab.npz
stage_a_uci_v2,17,uci_internal_fixed,noise_brightness_to_blur,norm,all,4,ba,512,0.734375,0.9610118482059603,0.40689097203931823,0.1526015961933057,0.0523821999959182,0,0,0,predictions/17_uci_internal_fixed_noise_brightness_to_blur_norm_w4_all_ba.npz
stage_a_uci_v2,17,uci_internal_fixed,noise_brightness_to_blur,tent,none,0,ab,512,0.73828125,0.9594604372027743,0.40631625907895574,0.1499081905128251,0.24683489999733865,16,0,0,predictions/17_uci_internal_fixed_noise_brightness_to_blur_tent_w0_none_ab.npz
stage_a_uci_v2,17,uci_internal_fixed,noise_brightness_to_blur,tent,none,0,ba,512,0.736328125,0.9595101957422999,0.4063467299471312,0.15086200653209658,0.12885710000409745,16,0,0,predictions/17_uci_internal_fixed_noise_brightness_to_blur_tent_w0_none_ba.npz
stage_a_uci_v2,17,uci_internal_fixed,noise_brightness_to_blur,tent,parameters,0,ab,512,0.736328125,0.9603841960017033,0.4066517575381904,0.1507680852010501,0.1092967000004137,16,0,0,predictions/17_uci_internal_fixed_noise_brightness_to_blur_tent_w0_parameters_ab.npz
stage_a_uci_v2,17,uci_internal_fixed,noise_brightness_to_blur,tent,parameters,0,ba,512,0.736328125,0.9603447574432539,0.40662208593575516,0.15079228105678333,0.11241240000526886,16,0,0,predictions/17_uci_internal_fixed_noise_brightness_to_blur_tent_w0_parameters_ba.npz
stage_a_uci_v2,17,uci_internal_fixed,noise_brightness_to_blur,tent,optimizer,0,ab,512,0.73828125,0.9596418976788146,0.40637514797767843,0.14988741361884916,0.10555600000952836,16,0,0,predictions/17_uci_internal_fixed_noise_brightness_to_blur_tent_w0_optimizer_ab.npz
stage_a_uci_v2,17,uci_internal_fixed,noise_brightness_to_blur,tent,optimizer,0,ba,512,0.736328125,0.9597375394739966,0.4064371655078217,0.1508147037638371,0.1129845999967074,16,0,0,predictions/17_uci_internal_fixed_noise_brightness_to_blur_tent_w0_optimizer_ba.npz
stage_a_uci_v2,17,uci_internal_fixed,noise_brightness_to_blur,tent,parameters_optimizer,0,ab,512,0.736328125,0.9605633492946245,0.4067108090991757,0.15074453254865308,0.11086190000060014,16,0,0,predictions/17_uci_internal_fixed_noise_brightness_to_blur_tent_w0_parameters_optimizer_ab.npz
stage_a_uci_v2,17,uci_internal_fixed,noise_brightness_to_blur,tent,parameters_optimizer,0,ba,512,0.736328125,0.9605633492946245,0.4067108090991757,0.15074453254865308,0.10921629999938887,16,0,0,predictions/17_uci_internal_fixed_noise_brightness_to_blur_tent_w0_parameters_optimizer_ba.npz
stage_a_uci_v2,17,uci_internal_fixed,noise_brightness_to_blur,tent,aux,0,ab,512,0.73828125,0.9594604372027743,0.40631625907895574,0.1499081905128251,0.1254625000001397,16,0,0,predictions/17_uci_internal_fixed_noise_brightness_to_blur_tent_w0_aux_ab.npz
stage_a_uci_v2,17,uci_internal_fixed,noise_brightness_to_blur,tent,aux,0,ba,512,0.736328125,0.9595101957422999,0.4063467299471312,0.15086200653209658,0.1157793999882415,16,0,0,predictions/17_uci_internal_fixed_noise_brightness_to_blur_tent_w0_aux_ba.npz
stage_a_uci_v2,17,uci_internal_fixed,noise_brightness_to_blur,tent,parameters_aux,0,ab,512,0.736328125,0.9603841960017033,0.4066517575381904,0.1507680852010501,0.1103681999957189,16,0,0,predictions/17_uci_internal_fixed_noise_brightness_to_blur_tent_w0_parameters_aux_ab.npz
stage_a_uci_v2,17,uci_internal_fixed,noise_brightness_to_blur,tent,parameters_aux,0,ba,512,0.736328125,0.9603447574432539,0.40662208593575516,0.15079228105678333,0.10928380000405014,16,0,0,predictions/17_uci_internal_fixed_noise_brightness_to_blur_tent_w0_parameters_aux_ba.npz
stage_a_uci_v2,17,uci_internal_fixed,noise_brightness_to_blur,tent,optimizer_aux,0,ab,512,0.73828125,0.9596418976788146,0.40637514797767843,0.14988741361884916,0.1817114000004949,16,0,0,predictions/17_uci_internal_fixed_noise_brightness_to_blur_tent_w0_optimizer_aux_ab.npz
stage_a_uci_v2,17,uci_internal_fixed,noise_brightness_to_blur,tent,optimizer_aux,0,ba,512,0.736328125,0.9597375394739966,0.4064371655078217,0.1508147037638371,0.11362190000363626,16,0,0,predictions/17_uci_internal_fixed_noise_brightness_to_blur_tent_w0_optimizer_aux_ba.npz
stage_a_uci_v2,17,uci_internal_fixed,noise_brightness_to_blur,tent,parameters_optimizer_aux,0,ab,512,0.736328125,0.9605633492946245,0.4067108090991757,0.15074453254865308,0.11199010000564158,16,0,0,predictions/17_uci_internal_fixed_noise_brightness_to_blur_tent_w0_parameters_optimizer_aux_ab.npz
stage_a_uci_v2,17,uci_internal_fixed,noise_brightness_to_blur,tent,parameters_optimizer_aux,0,ba,512,0.736328125,0.9605633492946245,0.4067108090991757,0.15074453254865308,0.10701760000665672,16,0,0,predictions/17_uci_internal_fixed_noise_brightness_to_blur_tent_w0_parameters_optimizer_aux_ba.npz
stage_a_uci_v2,17,uci_internal_fixed,noise_brightness_to_blur,tent,all,0,ab,512,0.736328125,0.9605633492946245,0.4067108090991757,0.15074453254865308,0.12337920001300517,16,0,0,predictions/17_uci_internal_fixed_noise_brightness_to_blur_tent_w0_all_ab.npz
stage_a_uci_v2,17,uci_internal_fixed,noise_brightness_to_blur,tent,all,0,ba,512,0.736328125,0.9605633492946245,0.4067108090991757,0.15074453254865308,0.11032500000146683,16,0,0,predictions/17_uci_internal_fixed_noise_brightness_to_blur_tent_w0_all_ba.npz
stage_a_uci_v2,17,uci_internal_fixed,noise_brightness_to_blur,tent,none,4,ab,512,0.740234375,0.9590098242500515,0.40615028215392496,0.151610802434183,0.10362190000887495,16,0,0,predictions/17_uci_internal_fixed_noise_brightness_to_blur_tent_w4_none_ab.npz
stage_a_uci_v2,17,uci_internal_fixed,noise_brightness_to_blur,tent,none,4,ba,512,0.740234375,0.9590460082015724,0.40617105620912064,0.1515987119569554,0.10938539999187924,16,0,0,predictions/17_uci_internal_fixed_noise_brightness_to_blur_tent_w4_none_ba.npz
stage_a_uci_v2,17,uci_internal_fixed,noise_brightness_to_blur,tent,parameters,4,ab,512,0.736328125,0.9602622755506314,0.40659644375220527,0.1508094445948125,0.1100194000027841,16,0,0,predictions/17_uci_internal_fixed_noise_brightness_to_blur_tent_w4_parameters_ab.npz
stage_a_uci_v2,17,uci_internal_fixed,noise_brightness_to_blur,tent,parameters,4,ba,512,0.736328125,0.9602380330627535,0.4065772737932776,0.15082538928994405,0.10877489999984391,16,0,0,predictions/17_uci_internal_fixed_noise_brightness_to_blur_tent_w4_parameters_ba.npz
stage_a_uci_v2,17,uci_internal_fixed,noise_brightness_to_blur,tent,optimizer,4,ab,512,0.740234375,0.9593098016605295,0.40626353023037964,0.15156999243863478,0.11531850000028498,16,0,0,predictions/17_uci_internal_fixed_noise_brightness_to_blur_tent_w4_optimizer_ab.npz
stage_a_uci_v2,17,uci_internal_fixed,noise_brightness_to_blur,tent,optimizer,4,ba,512,0.740234375,0.9593718649893949,0.4063037396874638,0.15154655102487602,0.13631999999051914,16,0,0,predictions/17_uci_internal_fixed_noise_brightness_to_blur_tent_w4_optimizer_ba.npz
stage_a_uci_v2,17,uci_internal_fixed,noise_brightness_to_blur,tent,parameters_optimizer,4,ab,512,0.736328125,0.9605633492946245,0.4067108090991757,0.15074453254865308,0.11762059999455232,16,0,0,predictions/17_uci_internal_fixed_noise_brightness_to_blur_tent_w4_parameters_optimizer_ab.npz
stage_a_uci_v2,17,uci_internal_fixed,noise_brightness_to_blur,tent,parameters_optimizer,4,ba,512,0.736328125,0.9605633492946245,0.4067108090991757,0.15074453254865308,0.11704640000243671,16,0,0,predictions/17_uci_internal_fixed_noise_brightness_to_blur_tent_w4_parameters_optimizer_ba.npz
stage_a_uci_v2,17,uci_internal_fixed,noise_brightness_to_blur,tent,aux,4,ab,512,0.740234375,0.9590098242500515,0.40615028215392496,0.151610802434183,0.10798359999898821,16,0,0,predictions/17_uci_internal_fixed_noise_brightness_to_blur_tent_w4_aux_ab.npz
stage_a_uci_v2,17,uci_internal_fixed,noise_brightness_to_blur,tent,aux,4,ba,512,0.740234375,0.9590460082015724,0.40617105620912064,0.1515987119569554,0.10932999999204185,16,0,0,predictions/17_uci_internal_fixed_noise_brightness_to_blur_tent_w4_aux_ba.npz
stage_a_uci_v2,17,uci_internal_fixed,noise_brightness_to_blur,tent,parameters_aux,4,ab,512,0.736328125,0.9602622755506314,0.40659644375220527,0.1508094445948125,0.10802240000339225,16,0,0,predictions/17_uci_internal_fixed_noise_brightness_to_blur_tent_w4_parameters_aux_ab.npz
stage_a_uci_v2,17,uci_internal_fixed,noise_brightness_to_blur,tent,parameters_aux,4,ba,512,0.736328125,0.9602380330627535,0.4065772737932776,0.15082538928994405,0.10056620000978,16,0,0,predictions/17_uci_internal_fixed_noise_brightness_to_blur_tent_w4_parameters_aux_ba.npz
stage_a_uci_v2,17,uci_internal_fixed,noise_brightness_to_blur,tent,optimizer_aux,4,ab,512,0.740234375,0.9593098016605295,0.40626353023037964,0.15156999243863478,0.10010399999737274,16,0,0,predictions/17_uci_internal_fixed_noise_brightness_to_blur_tent_w4_optimizer_aux_ab.npz
stage_a_uci_v2,17,uci_internal_fixed,noise_brightness_to_blur,tent,optimizer_aux,4,ba,512,0.740234375,0.9593718649893949,0.4063037396874638,0.15154655102487602,0.10144249998847954,16,0,0,predictions/17_uci_internal_fixed_noise_brightness_to_blur_tent_w4_optimizer_aux_ba.npz
stage_a_uci_v2,17,uci_internal_fixed,noise_brightness_to_blur,tent,parameters_optimizer_aux,4,ab,512,0.736328125,0.9605633492946245,0.4067108090991757,0.15074453254865308,0.11755660000198986,16,0,0,predictions/17_uci_internal_fixed_noise_brightness_to_blur_tent_w4_parameters_optimizer_aux_ab.npz
stage_a_uci_v2,17,uci_internal_fixed,noise_brightness_to_blur,tent,parameters_optimizer_aux,4,ba,512,0.736328125,0.9605633492946245,0.4067108090991757,0.15074453254865308,0.1877624999906402,16,0,0,predictions/17_uci_internal_fixed_noise_brightness_to_blur_tent_w4_parameters_optimizer_aux_ba.npz
stage_a_uci_v2,17,uci_internal_fixed,noise_brightness_to_blur,tent,all,4,ab,512,0.736328125,0.9605633492946245,0.4067108090991757,0.15074453254865308,0.11438850000558887,16,0,0,predictions/17_uci_internal_fixed_noise_brightness_to_blur_tent_w4_all_ab.npz
stage_a_uci_v2,17,uci_internal_fixed,noise_brightness_to_blur,tent,all,4,ba,512,0.736328125,0.9605633492946245,0.4067108090991757,0.15074453254865308,0.11002039999584667,16,0,0,predictions/17_uci_internal_fixed_noise_brightness_to_blur_tent_w4_all_ba.npz
stage_a_uci_v2,17,uci_internal_fixed,noise_brightness_to_blur,sar_complete,none,0,ab,512,0.734375,0.9613360030555298,0.40695210075995086,0.15260972183631985,0.19589689999702387,16,0,8,predictions/17_uci_internal_fixed_noise_brightness_to_blur_sar_complete_w0_none_ab.npz
stage_a_uci_v2,17,uci_internal_fixed,noise_brightness_to_blur,sar_complete,none,0,ba,512,0.734375,0.961019777068937,0.4068709520632842,0.1526150608388271,0.17511989999911748,16,0,7,predictions/17_uci_internal_fixed_noise_brightness_to_blur_sar_complete_w0_none_ba.npz
stage_a_uci_v2,17,uci_internal_fixed,noise_brightness_to_blur,sar_complete,parameters,0,ab,512,0.734375,0.9613360030555298,0.40695210075995086,0.15260972183631985,0.19243619999906514,16,0,8,predictions/17_uci_internal_fixed_noise_brightness_to_blur_sar_complete_w0_parameters_ab.npz
stage_a_uci_v2,17,uci_internal_fixed,noise_brightness_to_blur,sar_complete,parameters,0,ba,512,0.734375,0.961019777068937,0.4068709520632842,0.1526150608388271,0.18589939999219496,16,0,7,predictions/17_uci_internal_fixed_noise_brightness_to_blur_sar_complete_w0_parameters_ba.npz
stage_a_uci_v2,17,uci_internal_fixed,noise_brightness_to_blur,sar_complete,optimizer,0,ab,512,0.734375,0.9613360030555298,0.40695210075995086,0.15260972183631985,0.205145400002948,16,0,8,predictions/17_uci_internal_fixed_noise_brightness_to_blur_sar_complete_w0_optimizer_ab.npz
stage_a_uci_v2,17,uci_internal_fixed,noise_brightness_to_blur,sar_complete,optimizer,0,ba,512,0.734375,0.961019777068937,0.4068709520632842,0.1526150608388271,0.2005154000071343,16,0,7,predictions/17_uci_internal_fixed_noise_brightness_to_blur_sar_complete_w0_optimizer_ba.npz
stage_a_uci_v2,17,uci_internal_fixed,noise_brightness_to_blur,sar_complete,parameters_optimizer,0,ab,512,0.734375,0.9613360030555298,0.40695210075995086,0.15260972183631985,0.19309840000641998,16,0,8,predictions/17_uci_internal_fixed_noise_brightness_to_blur_sar_complete_w0_parameters_optimizer_ab.npz
stage_a_uci_v2,17,uci_internal_fixed,noise_brightness_to_blur,sar_complete,parameters_optimizer,0,ba,512,0.734375,0.961019777068937,0.4068709520632842,0.1526150608388271,0.39965160000429023,16,0,7,predictions/17_uci_internal_fixed_noise_brightness_to_blur_sar_complete_w0_parameters_optimizer_ba.npz
stage_a_uci_v2,17,uci_internal_fixed,noise_brightness_to_blur,sar_complete,aux,0,ab,512,0.736328125,0.9603507420088834,0.4066663972076374,0.1507088977169873,0.49396300000080373,16,0,2,predictions/17_uci_internal_fixed_noise_brightness_to_blur_sar_complete_w0_aux_ab.npz
stage_a_uci_v2,17,uci_internal_fixed,noise_brightness_to_blur,sar_complete,aux,0,ba,512,0.736328125,0.9603507420088834,0.4066663972076374,0.1507088977169873,0.27154409998911433,16,0,2,predictions/17_uci_internal_fixed_noise_brightness_to_blur_sar_complete_w0_aux_ba.npz
stage_a_uci_v2,17,uci_internal_fixed,noise_brightness_to_blur,sar_complete,parameters_aux,0,ab,512,0.736328125,0.9603507420088834,0.4066663972076374,0.1507088977169873,0.26080769998952746,16,0,2,predictions/17_uci_internal_fixed_noise_brightness_to_blur_sar_complete_w0_parameters_aux_ab.npz
stage_a_uci_v2,17,uci_internal_fixed,noise_brightness_to_blur,sar_complete,parameters_aux,0,ba,512,0.736328125,0.9603507420088834,0.4066663972076374,0.1507088977169873,0.287909499995294,16,0,2,predictions/17_uci_internal_fixed_noise_brightness_to_blur_sar_complete_w0_parameters_aux_ba.npz
stage_a_uci_v2,17,uci_internal_fixed,noise_brightness_to_blur,sar_complete,optimizer_aux,0,ab,512,0.736328125,0.9603507420088834,0.4066663972076374,0.1507088977169873,0.24094010000408161,16,0,2,predictions/17_uci_internal_fixed_noise_brightness_to_blur_sar_complete_w0_optimizer_aux_ab.npz
stage_a_uci_v2,17,uci_internal_fixed,noise_brightness_to_blur,sar_complete,optimizer_aux,0,ba,512,0.736328125,0.9603507420088834,0.4066663972076374,0.1507088977169873,0.20584410001174547,16,0,2,predictions/17_uci_internal_fixed_noise_brightness_to_blur_sar_complete_w0_optimizer_aux_ba.npz
stage_a_uci_v2,17,uci_internal_fixed,noise_brightness_to_blur,sar_complete,parameters_optimizer_aux,0,ab,512,0.736328125,0.9603507420088834,0.4066663972076374,0.1507088977169873,0.1944093000056455,16,0,2,predictions/17_uci_internal_fixed_noise_brightness_to_blur_sar_complete_w0_parameters_optimizer_aux_ab.npz
stage_a_uci_v2,17,uci_internal_fixed,noise_brightness_to_blur,sar_complete,parameters_optimizer_aux,0,ba,512,0.736328125,0.9603507420088834,0.4066663972076374,0.1507088977169873,0.19803429998864885,16,0,2,predictions/17_uci_internal_fixed_noise_brightness_to_blur_sar_complete_w0_parameters_optimizer_aux_ba.npz
stage_a_uci_v2,17,uci_internal_fixed,noise_brightness_to_blur,sar_complete,all,0,ab,512,0.736328125,0.9603507420088834,0.4066663972076374,0.1507088977169873,0.1844188000104623,16,0,2,predictions/17_uci_internal_fixed_noise_brightness_to_blur_sar_complete_w0_all_ab.npz
stage_a_uci_v2,17,uci_internal_fixed,noise_brightness_to_blur,sar_complete,all,0,ba,512,0.736328125,0.9603507420088834,0.4066663972076374,0.1507088977169873,0.20705469998938497,16,0,2,predictions/17_uci_internal_fixed_noise_brightness_to_blur_sar_complete_w0_all_ba.npz
stage_a_uci_v2,17,uci_internal_fixed,noise_brightness_to_blur,sar_complete,none,4,ab,512,0.734375,0.9604790366360408,0.40673223547515736,0.15263482280623772,0.19890980000491254,16,0,4,predictions/17_uci_internal_fixed_noise_brightness_to_blur_sar_complete_w4_none_ab.npz
stage_a_uci_v2,17,uci_internal_fixed,noise_brightness_to_blur,sar_complete,none,4,ba,512,0.736328125,0.9606542769426936,0.4067619218096379,0.15069375820965408,0.18357619999733288,16,0,3,predictions/17_uci_internal_fixed_noise_brightness_to_blur_sar_complete_w4_none_ba.npz
stage_a_uci_v2,17,uci_internal_fixed,noise_brightness_to_blur,sar_complete,parameters,4,ab,512,0.734375,0.9604790366360408,0.40673223547515736,0.15263482280623772,0.2358092999929795,16,0,4,predictions/17_uci_internal_fixed_noise_brightness_to_blur_sar_complete_w4_parameters_ab.npz
stage_a_uci_v2,17,uci_internal_fixed,noise_brightness_to_blur,sar_complete,parameters,4,ba,512,0.736328125,0.9606542769426936,0.4067619218096379,0.15069375820965408,0.3095155000046361,16,0,3,predictions/17_uci_internal_fixed_noise_brightness_to_blur_sar_complete_w4_parameters_ba.npz
stage_a_uci_v2,17,uci_internal_fixed,noise_brightness_to_blur,sar_complete,optimizer,4,ab,512,0.734375,0.9604790366360408,0.40673223547515736,0.15263482280623772,0.31960800000524614,16,0,4,predictions/17_uci_internal_fixed_noise_brightness_to_blur_sar_complete_w4_optimizer_ab.npz
stage_a_uci_v2,17,uci_internal_fixed,noise_brightness_to_blur,sar_complete,optimizer,4,ba,512,0.736328125,0.9606542769426936,0.4067619218096379,0.15069375820965408,0.211664300004486,16,0,3,predictions/17_uci_internal_fixed_noise_brightness_to_blur_sar_complete_w4_optimizer_ba.npz
stage_a_uci_v2,17,uci_internal_fixed,noise_brightness_to_blur,sar_complete,parameters_optimizer,4,ab,512,0.734375,0.9604790366360408,0.40673223547515736,0.15263482280623772,0.19557460000214633,16,0,4,predictions/17_uci_internal_fixed_noise_brightness_to_blur_sar_complete_w4_parameters_optimizer_ab.npz
stage_a_uci_v2,17,uci_internal_fixed,noise_brightness_to_blur,sar_complete,parameters_optimizer,4,ba,512,0.736328125,0.9606542769426936,0.4067619218096379,0.15069375820965408,0.19303350000700448,16,0,3,predictions/17_uci_internal_fixed_noise_brightness_to_blur_sar_complete_w4_parameters_optimizer_ba.npz
stage_a_uci_v2,17,uci_internal_fixed,noise_brightness_to_blur,sar_complete,aux,4,ab,512,0.736328125,0.9603507420088834,0.4066663972076374,0.1507088977169873,0.19851859999471344,16,0,2,predictions/17_uci_internal_fixed_noise_brightness_to_blur_sar_complete_w4_aux_ab.npz
stage_a_uci_v2,17,uci_internal_fixed,noise_brightness_to_blur,sar_complete,aux,4,ba,512,0.736328125,0.9603507420088834,0.4066663972076374,0.1507088977169873,0.19960659999924246,16,0,2,predictions/17_uci_internal_fixed_noise_brightness_to_blur_sar_complete_w4_aux_ba.npz
stage_a_uci_v2,17,uci_internal_fixed,noise_brightness_to_blur,sar_complete,parameters_aux,4,ab,512,0.736328125,0.9603507420088834,0.4066663972076374,0.1507088977169873,0.1901276999997208,16,0,2,predictions/17_uci_internal_fixed_noise_brightness_to_blur_sar_complete_w4_parameters_aux_ab.npz
stage_a_uci_v2,17,uci_internal_fixed,noise_brightness_to_blur,sar_complete,parameters_aux,4,ba,512,0.736328125,0.9603507420088834,0.4066663972076374,0.1507088977169873,0.18220750000909902,16,0,2,predictions/17_uci_internal_fixed_noise_brightness_to_blur_sar_complete_w4_parameters_aux_ba.npz
stage_a_uci_v2,17,uci_internal_fixed,noise_brightness_to_blur,sar_complete,optimizer_aux,4,ab,512,0.736328125,0.9603507420088834,0.4066663972076374,0.1507088977169873,0.19975710001017433,16,0,2,predictions/17_uci_internal_fixed_noise_brightness_to_blur_sar_complete_w4_optimizer_aux_ab.npz
stage_a_uci_v2,17,uci_internal_fixed,noise_brightness_to_blur,sar_complete,optimizer_aux,4,ba,512,0.736328125,0.9603507420088834,0.4066663972076374,0.1507088977169873,0.1687547000037739,16,0,2,predictions/17_uci_internal_fixed_noise_brightness_to_blur_sar_complete_w4_optimizer_aux_ba.npz
stage_a_uci_v2,17,uci_internal_fixed,noise_brightness_to_blur,sar_complete,parameters_optimizer_aux,4,ab,512,0.736328125,0.9603507420088834,0.4066663972076374,0.1507088977169873,0.20989029998600017,16,0,2,predictions/17_uci_internal_fixed_noise_brightness_to_blur_sar_complete_w4_parameters_optimizer_aux_ab.npz
stage_a_uci_v2,17,uci_internal_fixed,noise_brightness_to_blur,sar_complete,parameters_optimizer_aux,4,ba,512,0.736328125,0.9603507420088834,0.4066663972076374,0.1507088977169873,0.21728320000693202,16,0,2,predictions/17_uci_internal_fixed_noise_brightness_to_blur_sar_complete_w4_parameters_optimizer_aux_ba.npz
stage_a_uci_v2,17,uci_internal_fixed,noise_brightness_to_blur,sar_complete,all,4,ab,512,0.736328125,0.9603507420088834,0.4066663972076374,0.1507088977169873,0.2132731000019703,16,0,2,predictions/17_uci_internal_fixed_noise_brightness_to_blur_sar_complete_w4_all_ab.npz
stage_a_uci_v2,17,uci_internal_fixed,noise_brightness_to_blur,sar_complete,all,4,ba,512,0.736328125,0.9603507420088834,0.4066663972076374,0.1507088977169873,0.20210270000097807,16,0,2,predictions/17_uci_internal_fixed_noise_brightness_to_blur_sar_complete_w4_all_ba.npz
stage_a_uci_v2,17,uci_internal_fixed,blur_noise_to_clean,source,none,0,ab,512,0.982421875,0.047598319850492045,0.02681884945284931,0.011677268181317885,0.08943910000380129,0,0,0,predictions/17_uci_internal_fixed_blur_noise_to_clean_source_w0_none_ab.npz
stage_a_uci_v2,17,uci_internal_fixed,blur_noise_to_clean,source,none,0,ba,512,0.982421875,0.047598319850492045,0.02681884945284931,0.011677268181317885,0.059077700003399514,0,0,0,predictions/17_uci_internal_fixed_blur_noise_to_clean_source_w0_none_ba.npz
stage_a_uci_v2,17,uci_internal_fixed,blur_noise_to_clean,source,all,0,ab,512,0.982421875,0.047598319850492045,0.02681884945284931,0.011677268181317885,0.060645000005024485,0,0,0,predictions/17_uci_internal_fixed_blur_noise_to_clean_source_w0_all_ab.npz
stage_a_uci_v2,17,uci_internal_fixed,blur_noise_to_clean,source,all,0,ba,512,0.982421875,0.047598319850492045,0.02681884945284931,0.011677268181317885,0.09261999999580439,0,0,0,predictions/17_uci_internal_fixed_blur_noise_to_clean_source_w0_all_ba.npz
stage_a_uci_v2,17,uci_internal_fixed,blur_noise_to_clean,source,none,4,ab,512,0.982421875,0.047598319850492045,0.02681884945284931,0.011677268181317885,0.06254070000431966,0,0,0,predictions/17_uci_internal_fixed_blur_noise_to_clean_source_w4_none_ab.npz
stage_a_uci_v2,17,uci_internal_fixed,blur_noise_to_clean,source,none,4,ba,512,0.982421875,0.047598319850492045,0.02681884945284931,0.011677268181317885,0.060776799989980645,0,0,0,predictions/17_uci_internal_fixed_blur_noise_to_clean_source_w4_none_ba.npz
stage_a_uci_v2,17,uci_internal_fixed,blur_noise_to_clean,source,all,4,ab,512,0.982421875,0.047598319850492045,0.02681884945284931,0.011677268181317885,0.05869649999658577,0,0,0,predictions/17_uci_internal_fixed_blur_noise_to_clean_source_w4_all_ab.npz
stage_a_uci_v2,17,uci_internal_fixed,blur_noise_to_clean,source,all,4,ba,512,0.982421875,0.047598319850492045,0.02681884945284931,0.011677268181317885,0.05527159999473952,0,0,0,predictions/17_uci_internal_fixed_blur_noise_to_clean_source_w4_all_ba.npz
stage_a_uci_v2,17,uci_internal_fixed,blur_noise_to_clean,norm,none,0,ab,512,0.982421875,0.04704926062471622,0.026422348183274824,0.010442534385854442,0.05653449999226723,0,0,0,predictions/17_uci_internal_fixed_blur_noise_to_clean_norm_w0_none_ab.npz
stage_a_uci_v2,17,uci_internal_fixed,blur_noise_to_clean,norm,none,0,ba,512,0.982421875,0.04704926062471622,0.026422348183274824,0.010442534385854442,0.06017959999735467,0,0,0,predictions/17_uci_internal_fixed_blur_noise_to_clean_norm_w0_none_ba.npz
stage_a_uci_v2,17,uci_internal_fixed,blur_noise_to_clean,norm,all,0,ab,512,0.982421875,0.04704926062471622,0.026422348183274824,0.010442534385854442,0.058966600001440383,0,0,0,predictions/17_uci_internal_fixed_blur_noise_to_clean_norm_w0_all_ab.npz
stage_a_uci_v2,17,uci_internal_fixed,blur_noise_to_clean,norm,all,0,ba,512,0.982421875,0.04704926062471622,0.026422348183274824,0.010442534385854442,0.05524590000277385,0,0,0,predictions/17_uci_internal_fixed_blur_noise_to_clean_norm_w0_all_ba.npz
stage_a_uci_v2,17,uci_internal_fixed,blur_noise_to_clean,norm,none,4,ab,512,0.982421875,0.04704926062471622,0.026422348183274824,0.010442534385854442,0.05784720000519883,0,0,0,predictions/17_uci_internal_fixed_blur_noise_to_clean_norm_w4_none_ab.npz
stage_a_uci_v2,17,uci_internal_fixed,blur_noise_to_clean,norm,none,4,ba,512,0.982421875,0.04704926062471622,0.026422348183274824,0.010442534385854442,0.0847893999889493,0,0,0,predictions/17_uci_internal_fixed_blur_noise_to_clean_norm_w4_none_ba.npz
stage_a_uci_v2,17,uci_internal_fixed,blur_noise_to_clean,norm,all,4,ab,512,0.982421875,0.04704926062471622,0.026422348183274824,0.010442534385854442,0.08286569999472704,0,0,0,predictions/17_uci_internal_fixed_blur_noise_to_clean_norm_w4_all_ab.npz
stage_a_uci_v2,17,uci_internal_fixed,blur_noise_to_clean,norm,all,4,ba,512,0.982421875,0.04704926062471622,0.026422348183274824,0.010442534385854442,0.0779290999926161,0,0,0,predictions/17_uci_internal_fixed_blur_noise_to_clean_norm_w4_all_ba.npz
stage_a_uci_v2,17,uci_internal_fixed,blur_noise_to_clean,tent,none,0,ab,512,0.982421875,0.047197624736233436,0.02649655817228355,0.010465692538676987,0.11108960000274237,16,0,0,predictions/17_uci_internal_fixed_blur_noise_to_clean_tent_w0_none_ab.npz
stage_a_uci_v2,17,uci_internal_fixed,blur_noise_to_clean,tent,none,0,ba,512,0.982421875,0.04719376567663619,0.026493965486702263,0.010466304122255691,0.12080350000178441,16,0,0,predictions/17_uci_internal_fixed_blur_noise_to_clean_tent_w0_none_ba.npz
stage_a_uci_v2,17,uci_internal_fixed,blur_noise_to_clean,tent,parameters,0,ab,512,0.982421875,0.0470872400479072,0.026442266867630147,0.010445898404837586,0.10819780000019819,16,0,0,predictions/17_uci_internal_fixed_blur_noise_to_clean_tent_w0_parameters_ab.npz
stage_a_uci_v2,17,uci_internal_fixed,blur_noise_to_clean,tent,parameters,0,ba,512,0.982421875,0.047099708730176645,0.026446054074458387,0.010445952142805482,0.11453839999740012,16,0,0,predictions/17_uci_internal_fixed_blur_noise_to_clean_tent_w0_parameters_ba.npz
stage_a_uci_v2,17,uci_internal_fixed,blur_noise_to_clean,tent,optimizer,0,ab,512,0.982421875,0.047165607925104124,0.02647902882926049,0.010460971830532899,0.10896270000375807,16,0,0,predictions/17_uci_internal_fixed_blur_noise_to_clean_tent_w0_optimizer_ab.npz
stage_a_uci_v2,17,uci_internal_fixed,blur_noise_to_clean,tent,optimizer,0,ba,512,0.982421875,0.0471491026997956,0.026472497784846505,0.010461461235910583,0.11147670001082588,16,0,0,predictions/17_uci_internal_fixed_blur_noise_to_clean_tent_w0_optimizer_ba.npz
stage_a_uci_v2,17,uci_internal_fixed,blur_noise_to_clean,tent,parameters_optimizer,0,ab,512,0.982421875,0.047055488386600966,0.026424613874614505,0.01044073158824804,0.1087755000044126,16,0,0,predictions/17_uci_internal_fixed_blur_noise_to_clean_tent_w0_parameters_optimizer_ab.npz
stage_a_uci_v2,17,uci_internal_fixed,blur_noise_to_clean,tent,parameters_optimizer,0,ba,512,0.982421875,0.047055488386600966,0.026424613874614505,0.01044073158824804,0.1365434000035748,16,0,0,predictions/17_uci_internal_fixed_blur_noise_to_clean_tent_w0_parameters_optimizer_ba.npz
stage_a_uci_v2,17,uci_internal_fixed,blur_noise_to_clean,tent,aux,0,ab,512,0.982421875,0.047197624736233436,0.02649655817228355,0.010465692538676987,0.12817419999919366,16,0,0,predictions/17_uci_internal_fixed_blur_noise_to_clean_tent_w0_aux_ab.npz
stage_a_uci_v2,17,uci_internal_fixed,blur_noise_to_clean,tent,aux,0,ba,512,0.982421875,0.04719376567663619,0.026493965486702263,0.010466304122255691,0.1220745999889914,16,0,0,predictions/17_uci_internal_fixed_blur_noise_to_clean_tent_w0_aux_ba.npz
stage_a_uci_v2,17,uci_internal_fixed,blur_noise_to_clean,tent,parameters_aux,0,ab,512,0.982421875,0.0470872400479072,0.026442266867630147,0.010445898404837586,0.10742649999156129,16,0,0,predictions/17_uci_internal_fixed_blur_noise_to_clean_tent_w0_parameters_aux_ab.npz
stage_a_uci_v2,17,uci_internal_fixed,blur_noise_to_clean,tent,parameters_aux,0,ba,512,0.982421875,0.047099708730176645,0.026446054074458387,0.010445952142805482,0.11238729998876806,16,0,0,predictions/17_uci_internal_fixed_blur_noise_to_clean_tent_w0_parameters_aux_ba.npz
stage_a_uci_v2,17,uci_internal_fixed,blur_noise_to_clean,tent,optimizer_aux,0,ab,512,0.982421875,0.047165607925104124,0.02647902882926049,0.010460971830532899,0.10715359999448992,16,0,0,predictions/17_uci_internal_fixed_blur_noise_to_clean_tent_w0_optimizer_aux_ab.npz
stage_a_uci_v2,17,uci_internal_fixed,blur_noise_to_clean,tent,optimizer_aux,0,ba,512,0.982421875,0.0471491026997956,0.026472497784846505,0.010461461235910583,0.10470549999445211,16,0,0,predictions/17_uci_internal_fixed_blur_noise_to_clean_tent_w0_optimizer_aux_ba.npz
stage_a_uci_v2,17,uci_internal_fixed,blur_noise_to_clean,tent,parameters_optimizer_aux,0,ab,512,0.982421875,0.047055488386600966,0.026424613874614505,0.01044073158824804,0.1361829000088619,16,0,0,predictions/17_uci_internal_fixed_blur_noise_to_clean_tent_w0_parameters_optimizer_aux_ab.npz
stage_a_uci_v2,17,uci_internal_fixed,blur_noise_to_clean,tent,parameters_optimizer_aux,0,ba,512,0.982421875,0.047055488386600966,0.026424613874614505,0.01044073158824804,0.11569199999212287,16,0,0,predictions/17_uci_internal_fixed_blur_noise_to_clean_tent_w0_parameters_optimizer_aux_ba.npz
stage_a_uci_v2,17,uci_internal_fixed,blur_noise_to_clean,tent,all,0,ab,512,0.982421875,0.047055488386600966,0.026424613874614505,0.01044073158824804,0.10587600000144448,16,0,0,predictions/17_uci_internal_fixed_blur_noise_to_clean_tent_w0_all_ab.npz
stage_a_uci_v2,17,uci_internal_fixed,blur_noise_to_clean,tent,all,0,ba,512,0.982421875,0.047055488386600966,0.026424613874614505,0.01044073158824804,0.10571920000074897,16,0,0,predictions/17_uci_internal_fixed_blur_noise_to_clean_tent_w0_all_ba.npz
stage_a_uci_v2,17,uci_internal_fixed,blur_noise_to_clean,tent,none,4,ab,512,0.982421875,0.047210902658496826,0.026502015847540458,0.010473303482428023,0.11886679999588523,16,0,0,predictions/17_uci_internal_fixed_blur_noise_to_clean_tent_w4_none_ab.npz
stage_a_uci_v2,17,uci_internal_fixed,blur_noise_to_clean,tent,none,4,ba,512,0.982421875,0.04720864107759114,0.026500354831148383,0.010473748561039874,0.11034890000883024,16,0,0,predictions/17_uci_internal_fixed_blur_noise_to_clean_tent_w4_none_ba.npz
stage_a_uci_v2,17,uci_internal_fixed,blur_noise_to_clean,tent,parameters,4,ab,512,0.982421875,0.04707520854105769,0.026434888876882015,0.010445705661909171,0.12139460000616964,16,0,0,predictions/17_uci_internal_fixed_blur_noise_to_clean_tent_w4_parameters_ab.npz
stage_a_uci_v2,17,uci_internal_fixed,blur_noise_to_clean,tent,parameters,4,ba,512,0.982421875,0.04708335064908669,0.026437354495529676,0.010445759998045335,0.12989909999305382,16,0,0,predictions/17_uci_internal_fixed_blur_noise_to_clean_tent_w4_parameters_ba.npz
stage_a_uci_v2,17,uci_internal_fixed,blur_noise_to_clean,tent,optimizer,4,ab,512,0.982421875,0.04719110379934268,0.02649190283054539,0.010468633652365328,0.2138204999937443,16,0,0,predictions/17_uci_internal_fixed_blur_noise_to_clean_tent_w4_optimizer_ab.npz
stage_a_uci_v2,17,uci_internal_fixed,blur_noise_to_clean,tent,optimizer,4,ba,512,0.982421875,0.0471806091459863,0.026487704987969644,0.01046901586131616,0.15020450000884011,16,0,0,predictions/17_uci_internal_fixed_blur_noise_to_clean_tent_w4_optimizer_ba.npz
stage_a_uci_v2,17,uci_internal_fixed,blur_noise_to_clean,tent,parameters_optimizer,4,ab,512,0.982421875,0.047055488386600966,0.026424613874614505,0.01044073158824804,0.1463796000025468,16,0,0,predictions/17_uci_internal_fixed_blur_noise_to_clean_tent_w4_parameters_optimizer_ab.npz
stage_a_uci_v2,17,uci_internal_fixed,blur_noise_to_clean,tent,parameters_optimizer,4,ba,512,0.982421875,0.047055488386600966,0.026424613874614505,0.01044073158824804,0.13522839998768177,16,0,0,predictions/17_uci_internal_fixed_blur_noise_to_clean_tent_w4_parameters_optimizer_ba.npz
stage_a_uci_v2,17,uci_internal_fixed,blur_noise_to_clean,tent,aux,4,ab,512,0.982421875,0.047210902658496826,0.026502015847540458,0.010473303482428023,0.14629950000380632,16,0,0,predictions/17_uci_internal_fixed_blur_noise_to_clean_tent_w4_aux_ab.npz
stage_a_uci_v2,17,uci_internal_fixed,blur_noise_to_clean,tent,aux,4,ba,512,0.982421875,0.04720864107759114,0.026500354831148383,0.010473748561039874,0.13201970000227448,16,0,0,predictions/17_uci_internal_fixed_blur_noise_to_clean_tent_w4_aux_ba.npz
stage_a_uci_v2,17,uci_internal_fixed,blur_noise_to_clean,tent,parameters_aux,4,ab,512,0.982421875,0.04707520854105769,0.026434888876882015,0.010445705661909171,0.11860099999466911,16,0,0,predictions/17_uci_internal_fixed_blur_noise_to_clean_tent_w4_parameters_aux_ab.npz
stage_a_uci_v2,17,uci_internal_fixed,blur_noise_to_clean,tent,parameters_aux,4,ba,512,0.982421875,0.04708335064908669,0.026437354495529676,0.010445759998045335,0.12537520000478253,16,0,0,predictions/17_uci_internal_fixed_blur_noise_to_clean_tent_w4_parameters_aux_ba.npz
stage_a_uci_v2,17,uci_internal_fixed,blur_noise_to_clean,tent,optimizer_aux,4,ab,512,0.982421875,0.04719110379934268,0.02649190283054539,0.010468633652365328,0.11450589999731164,16,0,0,predictions/17_uci_internal_fixed_blur_noise_to_clean_tent_w4_optimizer_aux_ab.npz
stage_a_uci_v2,17,uci_internal_fixed,blur_noise_to_clean,tent,optimizer_aux,4,ba,512,0.982421875,0.0471806091459863,0.026487704987969644,0.01046901586131616,0.12448810000205413,16,0,0,predictions/17_uci_internal_fixed_blur_noise_to_clean_tent_w4_optimizer_aux_ba.npz
stage_a_uci_v2,17,uci_internal_fixed,blur_noise_to_clean,tent,parameters_optimizer_aux,4,ab,512,0.982421875,0.047055488386600966,0.026424613874614505,0.01044073158824804,0.11316109998733737,16,0,0,predictions/17_uci_internal_fixed_blur_noise_to_clean_tent_w4_parameters_optimizer_aux_ab.npz
stage_a_uci_v2,17,uci_internal_fixed,blur_noise_to_clean,tent,parameters_optimizer_aux,4,ba,512,0.982421875,0.047055488386600966,0.026424613874614505,0.01044073158824804,0.1151051000051666,16,0,0,predictions/17_uci_internal_fixed_blur_noise_to_clean_tent_w4_parameters_optimizer_aux_ba.npz
stage_a_uci_v2,17,uci_internal_fixed,blur_noise_to_clean,tent,all,4,ab,512,0.982421875,0.047055488386600966,0.026424613874614505,0.01044073158824804,0.10132960000191815,16,0,0,predictions/17_uci_internal_fixed_blur_noise_to_clean_tent_w4_all_ab.npz
stage_a_uci_v2,17,uci_internal_fixed,blur_noise_to_clean,tent,all,4,ba,512,0.982421875,0.047055488386600966,0.026424613874614505,0.01044073158824804,0.10353410000971053,16,0,0,predictions/17_uci_internal_fixed_blur_noise_to_clean_tent_w4_all_ba.npz
stage_a_uci_v2,17,uci_internal_fixed,blur_noise_to_clean,sar_complete,none,0,ab,512,0.982421875,0.04704612325819917,0.026421075002759926,0.010445086300104465,0.19767719999072142,16,0,15,predictions/17_uci_internal_fixed_blur_noise_to_clean_sar_complete_w0_none_ab.npz
stage_a_uci_v2,17,uci_internal_fixed,blur_noise_to_clean,sar_complete,none,0,ba,512,0.982421875,0.04704638163946355,0.026421043545384843,0.010444731048253029,0.22239490000356454,16,0,14,predictions/17_uci_internal_fixed_blur_noise_to_clean_sar_complete_w0_none_ba.npz
stage_a_uci_v2,17,uci_internal_fixed,blur_noise_to_clean,sar_complete,parameters,0,ab,512,0.982421875,0.04704923792864931,0.026422347983665526,0.01044255700979737,0.22424260000116192,16,0,15,predictions/17_uci_internal_fixed_blur_noise_to_clean_sar_complete_w0_parameters_ab.npz
stage_a_uci_v2,17,uci_internal_fixed,blur_noise_to_clean,sar_complete,parameters,0,ba,512,0.982421875,0.04704916267442457,0.026422296080590692,0.010442579732596421,0.2309265000076266,16,0,14,predictions/17_uci_internal_fixed_blur_noise_to_clean_sar_complete_w0_parameters_ba.npz
stage_a_uci_v2,17,uci_internal_fixed,blur_noise_to_clean,sar_complete,optimizer,0,ab,512,0.982421875,0.04704614078051926,0.026421075038124187,0.010445068802823542,0.2525062000058824,16,0,15,predictions/17_uci_internal_fixed_blur_noise_to_clean_sar_complete_w0_optimizer_ab.npz
stage_a_uci_v2,17,uci_internal_fixed,blur_noise_to_clean,sar_complete,optimizer,0,ba,512,0.982421875,0.04704650924050691,0.02642110978805784,0.010444661679271553,0.24266969999007415,16,0,14,predictions/17_uci_internal_fixed_blur_noise_to_clean_sar_complete_w0_optimizer_ba.npz
stage_a_uci_v2,17,uci_internal_fixed,blur_noise_to_clean,sar_complete,parameters_optimizer,0,ab,512,0.982421875,0.047049256935227685,0.026422348058464107,0.010442538040876892,0.23115720000350848,16,0,15,predictions/17_uci_internal_fixed_blur_noise_to_clean_sar_complete_w0_parameters_optimizer_ab.npz
stage_a_uci_v2,17,uci_internal_fixed,blur_noise_to_clean,sar_complete,parameters_optimizer,0,ba,512,0.982421875,0.04704930031723268,0.026422367438881808,0.010442502707606684,0.24412639999354724,16,0,14,predictions/17_uci_internal_fixed_blur_noise_to_clean_sar_complete_w0_parameters_optimizer_ba.npz
stage_a_uci_v2,17,uci_internal_fixed,blur_noise_to_clean,sar_complete,aux,0,ab,512,0.982421875,0.04704635779826678,0.02642107411822498,0.010444851285414397,0.26115619999472983,16,0,16,predictions/17_uci_internal_fixed_blur_noise_to_clean_sar_complete_w0_aux_ab.npz
stage_a_uci_v2,17,uci_internal_fixed,blur_noise_to_clean,sar_complete,aux,0,ba,512,0.982421875,0.04704783561174473,0.026421687600213246,0.010443646574317735,0.24092310000560246,16,0,16,predictions/17_uci_internal_fixed_blur_noise_to_clean_sar_complete_w0_aux_ba.npz
stage_a_uci_v2,17,uci_internal_fixed,blur_noise_to_clean,sar_complete,parameters_aux,0,ab,512,0.982421875,0.04704926062471622,0.026422348183274824,0.010442534385854442,0.22732860001269728,16,0,16,predictions/17_uci_internal_fixed_blur_noise_to_clean_sar_complete_w0_parameters_aux_ab.npz
stage_a_uci_v2,17,uci_internal_fixed,blur_noise_to_clean,sar_complete,parameters_aux,0,ba,512,0.982421875,0.04704926062471622,0.026422348183274824,0.010442534385854442,0.2386207999952603,16,0,16,predictions/17_uci_internal_fixed_blur_noise_to_clean_sar_complete_w0_parameters_aux_ba.npz
stage_a_uci_v2,17,uci_internal_fixed,blur_noise_to_clean,sar_complete,optimizer_aux,0,ab,512,0.982421875,0.04704635779826678,0.02642107411822498,0.010444851285414397,0.22569500000099652,16,0,16,predictions/17_uci_internal_fixed_blur_noise_to_clean_sar_complete_w0_optimizer_aux_ab.npz
stage_a_uci_v2,17,uci_internal_fixed,blur_noise_to_clean,sar_complete,optimizer_aux,0,ba,512,0.982421875,0.04704783561174473,0.026421687600213246,0.010443646574317735,0.2975774999940768,16,0,16,predictions/17_uci_internal_fixed_blur_noise_to_clean_sar_complete_w0_optimizer_aux_ba.npz
stage_a_uci_v2,17,uci_internal_fixed,blur_noise_to_clean,sar_complete,parameters_optimizer_aux,0,ab,512,0.982421875,0.04704926062471622,0.026422348183274824,0.010442534385854442,0.2641287000005832,16,0,16,predictions/17_uci_internal_fixed_blur_noise_to_clean_sar_complete_w0_parameters_optimizer_aux_ab.npz
stage_a_uci_v2,17,uci_internal_fixed,blur_noise_to_clean,sar_complete,parameters_optimizer_aux,0,ba,512,0.982421875,0.04704926062471622,0.026422348183274824,0.010442534385854442,0.24279809999279678,16,0,16,predictions/17_uci_internal_fixed_blur_noise_to_clean_sar_complete_w0_parameters_optimizer_aux_ba.npz
stage_a_uci_v2,17,uci_internal_fixed,blur_noise_to_clean,sar_complete,all,0,ab,512,0.982421875,0.04704926062471622,0.026422348183274824,0.010442534385854442,0.23709529999177903,16,0,16,predictions/17_uci_internal_fixed_blur_noise_to_clean_sar_complete_w0_all_ab.npz
stage_a_uci_v2,17,uci_internal_fixed,blur_noise_to_clean,sar_complete,all,0,ba,512,0.982421875,0.04704926062471622,0.026422348183274824,0.010442534385854442,0.24821720000181813,16,0,16,predictions/17_uci_internal_fixed_blur_noise_to_clean_sar_complete_w0_all_ba.npz
stage_a_uci_v2,17,uci_internal_fixed,blur_noise_to_clean,sar_complete,none,4,ab,512,0.982421875,0.04704926062471622,0.026422348183274824,0.010442534385854442,0.24122599999827798,16,0,16,predictions/17_uci_internal_fixed_blur_noise_to_clean_sar_complete_w4_none_ab.npz
stage_a_uci_v2,17,uci_internal_fixed,blur_noise_to_clean,sar_complete,none,4,ba,512,0.982421875,0.04704926062471622,0.026422348183274824,0.010442534385854442,0.23489770000742283,16,0,16,predictions/17_uci_internal_fixed_blur_noise_to_clean_sar_complete_w4_none_ba.npz
stage_a_uci_v2,17,uci_internal_fixed,blur_noise_to_clean,sar_complete,parameters,4,ab,512,0.982421875,0.04704926062471622,0.026422348183274824,0.010442534385854442,0.344015099995886,16,0,16,predictions/17_uci_internal_fixed_blur_noise_to_clean_sar_complete_w4_parameters_ab.npz
stage_a_uci_v2,17,uci_internal_fixed,blur_noise_to_clean,sar_complete,parameters,4,ba,512,0.982421875,0.04704926062471622,0.026422348183274824,0.010442534385854442,0.24610380000376608,16,0,16,predictions/17_uci_internal_fixed_blur_noise_to_clean_sar_complete_w4_parameters_ba.npz
stage_a_uci_v2,17,uci_internal_fixed,blur_noise_to_clean,sar_complete,optimizer,4,ab,512,0.982421875,0.04704926062471622,0.026422348183274824,0.010442534385854442,0.24269129999447614,16,0,16,predictions/17_uci_internal_fixed_blur_noise_to_clean_sar_complete_w4_optimizer_ab.npz
stage_a_uci_v2,17,uci_internal_fixed,blur_noise_to_clean,sar_complete,optimizer,4,ba,512,0.982421875,0.04704926062471622,0.026422348183274824,0.010442534385854442,0.23699340000166558,16,0,16,predictions/17_uci_internal_fixed_blur_noise_to_clean_sar_complete_w4_optimizer_ba.npz
stage_a_uci_v2,17,uci_internal_fixed,blur_noise_to_clean,sar_complete,parameters_optimizer,4,ab,512,0.982421875,0.04704926062471622,0.026422348183274824,0.010442534385854442,0.2626478999882238,16,0,16,predictions/17_uci_internal_fixed_blur_noise_to_clean_sar_complete_w4_parameters_optimizer_ab.npz
stage_a_uci_v2,17,uci_internal_fixed,blur_noise_to_clean,sar_complete,parameters_optimizer,4,ba,512,0.982421875,0.04704926062471622,0.026422348183274824,0.010442534385854442,0.23175320000154898,16,0,16,predictions/17_uci_internal_fixed_blur_noise_to_clean_sar_complete_w4_parameters_optimizer_ba.npz
stage_a_uci_v2,17,uci_internal_fixed,blur_noise_to_clean,sar_complete,aux,4,ab,512,0.982421875,0.04704926062471622,0.026422348183274824,0.010442534385854442,0.2370404000103008,16,0,16,predictions/17_uci_internal_fixed_blur_noise_to_clean_sar_complete_w4_aux_ab.npz
stage_a_uci_v2,17,uci_internal_fixed,blur_noise_to_clean,sar_complete,aux,4,ba,512,0.982421875,0.04704926062471622,0.026422348183274824,0.010442534385854442,0.26191109999490436,16,0,16,predictions/17_uci_internal_fixed_blur_noise_to_clean_sar_complete_w4_aux_ba.npz
stage_a_uci_v2,17,uci_internal_fixed,blur_noise_to_clean,sar_complete,parameters_aux,4,ab,512,0.982421875,0.04704926062471622,0.026422348183274824,0.010442534385854442,0.25502890000643674,16,0,16,predictions/17_uci_internal_fixed_blur_noise_to_clean_sar_complete_w4_parameters_aux_ab.npz
stage_a_uci_v2,17,uci_internal_fixed,blur_noise_to_clean,sar_complete,parameters_aux,4,ba,512,0.982421875,0.04704926062471622,0.026422348183274824,0.010442534385854442,0.2597911000048043,16,0,16,predictions/17_uci_internal_fixed_blur_noise_to_clean_sar_complete_w4_parameters_aux_ba.npz
stage_a_uci_v2,17,uci_internal_fixed,blur_noise_to_clean,sar_complete,optimizer_aux,4,ab,512,0.982421875,0.04704926062471622,0.026422348183274824,0.010442534385854442,0.2384202999965055,16,0,16,predictions/17_uci_internal_fixed_blur_noise_to_clean_sar_complete_w4_optimizer_aux_ab.npz
stage_a_uci_v2,17,uci_internal_fixed,blur_noise_to_clean,sar_complete,optimizer_aux,4,ba,512,0.982421875,0.04704926062471622,0.026422348183274824,0.010442534385854442,0.22977479999826755,16,0,16,predictions/17_uci_internal_fixed_blur_noise_to_clean_sar_complete_w4_optimizer_aux_ba.npz
stage_a_uci_v2,17,uci_internal_fixed,blur_noise_to_clean,sar_complete,parameters_optimizer_aux,4,ab,512,0.982421875,0.04704926062471622,0.026422348183274824,0.010442534385854442,0.23795129999052733,16,0,16,predictions/17_uci_internal_fixed_blur_noise_to_clean_sar_complete_w4_parameters_optimizer_aux_ab.npz
stage_a_uci_v2,17,uci_internal_fixed,blur_noise_to_clean,sar_complete,parameters_optimizer_aux,4,ba,512,0.982421875,0.04704926062471622,0.026422348183274824,0.010442534385854442,0.2482121999928495,16,0,16,predictions/17_uci_internal_fixed_blur_noise_to_clean_sar_complete_w4_parameters_optimizer_aux_ba.npz
stage_a_uci_v2,17,uci_internal_fixed,blur_noise_to_clean,sar_complete,all,4,ab,512,0.982421875,0.04704926062471622,0.026422348183274824,0.010442534385854442,0.2342967000004137,16,0,16,predictions/17_uci_internal_fixed_blur_noise_to_clean_sar_complete_w4_all_ab.npz
stage_a_uci_v2,17,uci_internal_fixed,blur_noise_to_clean,sar_complete,all,4,ba,512,0.982421875,0.04704926062471622,0.026422348183274824,0.010442534385854442,0.23261320000165142,16,0,16,predictions/17_uci_internal_fixed_blur_noise_to_clean_sar_complete_w4_all_ba.npz
stage_a_uci_v2,29,uci_internal_fixed,noise_brightness_to_blur,source,none,0,ab,512,0.70703125,0.9370656536284072,0.44204351041497936,0.067832174193007,0.10265290000825189,0,0,0,predictions/29_uci_internal_fixed_noise_brightness_to_blur_source_w0_none_ab.npz
stage_a_uci_v2,29,uci_internal_fixed,noise_brightness_to_blur,source,none,0,ba,512,0.70703125,0.9370656536284072,0.44204351041497936,0.067832174193007,0.06293109999387525,0,0,0,predictions/29_uci_internal_fixed_noise_brightness_to_blur_source_w0_none_ba.npz
stage_a_uci_v2,29,uci_internal_fixed,noise_brightness_to_blur,source,all,0,ab,512,0.70703125,0.9370656536284072,0.44204351041497936,0.067832174193007,0.06875669999863021,0,0,0,predictions/29_uci_internal_fixed_noise_brightness_to_blur_source_w0_all_ab.npz
stage_a_uci_v2,29,uci_internal_fixed,noise_brightness_to_blur,source,all,0,ba,512,0.70703125,0.9370656536284072,0.44204351041497936,0.067832174193007,0.06908699999621604,0,0,0,predictions/29_uci_internal_fixed_noise_brightness_to_blur_source_w0_all_ba.npz
stage_a_uci_v2,29,uci_internal_fixed,noise_brightness_to_blur,source,none,4,ab,512,0.70703125,0.9370656536284072,0.44204351041497936,0.067832174193007,0.06677839999611024,0,0,0,predictions/29_uci_internal_fixed_noise_brightness_to_blur_source_w4_none_ab.npz
stage_a_uci_v2,29,uci_internal_fixed,noise_brightness_to_blur,source,none,4,ba,512,0.70703125,0.9370656536284072,0.44204351041497936,0.067832174193007,0.0754369000060251,0,0,0,predictions/29_uci_internal_fixed_noise_brightness_to_blur_source_w4_none_ba.npz
stage_a_uci_v2,29,uci_internal_fixed,noise_brightness_to_blur,source,all,4,ab,512,0.70703125,0.9370656536284072,0.44204351041497936,0.067832174193007,0.08068799998727627,0,0,0,predictions/29_uci_internal_fixed_noise_brightness_to_blur_source_w4_all_ab.npz
stage_a_uci_v2,29,uci_internal_fixed,noise_brightness_to_blur,source,all,4,ba,512,0.70703125,0.9370656536284072,0.44204351041497936,0.067832174193007,0.0763161999930162,0,0,0,predictions/29_uci_internal_fixed_noise_brightness_to_blur_source_w4_all_ba.npz
stage_a_uci_v2,29,uci_internal_fixed,noise_brightness_to_blur,norm,none,0,ab,512,0.708984375,1.1999969637818402,0.4606116633406198,0.17334951078674077,0.08605319999333005,0,0,0,predictions/29_uci_internal_fixed_noise_brightness_to_blur_norm_w0_none_ab.npz
stage_a_uci_v2,29,uci_internal_fixed,noise_brightness_to_blur,norm,none,0,ba,512,0.708984375,1.1999969637818402,0.4606116633406198,0.17334951078674077,0.09107500000391155,0,0,0,predictions/29_uci_internal_fixed_noise_brightness_to_blur_norm_w0_none_ba.npz
stage_a_uci_v2,29,uci_internal_fixed,noise_brightness_to_blur,norm,all,0,ab,512,0.708984375,1.1999969637818402,0.4606116633406198,0.17334951078674077,0.08137739999801852,0,0,0,predictions/29_uci_internal_fixed_noise_brightness_to_blur_norm_w0_all_ab.npz
stage_a_uci_v2,29,uci_internal_fixed,noise_brightness_to_blur,norm,all,0,ba,512,0.708984375,1.1999969637818402,0.4606116633406198,0.17334951078674077,0.08284719999937806,0,0,0,predictions/29_uci_internal_fixed_noise_brightness_to_blur_norm_w0_all_ba.npz
stage_a_uci_v2,29,uci_internal_fixed,noise_brightness_to_blur,norm,none,4,ab,512,0.708984375,1.1999969637818402,0.4606116633406198,0.17334951078674077,0.08220220000657719,0,0,0,predictions/29_uci_internal_fixed_noise_brightness_to_blur_norm_w4_none_ab.npz
stage_a_uci_v2,29,uci_internal_fixed,noise_brightness_to_blur,norm,none,4,ba,512,0.708984375,1.1999969637818402,0.4606116633406198,0.17334951078674077,0.08152779999363702,0,0,0,predictions/29_uci_internal_fixed_noise_brightness_to_blur_norm_w4_none_ba.npz
stage_a_uci_v2,29,uci_internal_fixed,noise_brightness_to_blur,norm,all,4,ab,512,0.708984375,1.1999969637818402,0.4606116633406198,0.17334951078674077,0.0820815000042785,0,0,0,predictions/29_uci_internal_fixed_noise_brightness_to_blur_norm_w4_all_ab.npz
stage_a_uci_v2,29,uci_internal_fixed,noise_brightness_to_blur,norm,all,4,ba,512,0.708984375,1.1999969637818402,0.4606116633406198,0.17334951078674077,0.10845260000496637,0,0,0,predictions/29_uci_internal_fixed_noise_brightness_to_blur_norm_w4_all_ba.npz
stage_a_uci_v2,29,uci_internal_fixed,noise_brightness_to_blur,tent,none,0,ab,512,0.708984375,1.202930896663499,0.4609834815635432,0.17500395746670072,0.20602319999306928,16,0,0,predictions/29_uci_internal_fixed_noise_brightness_to_blur_tent_w0_none_ab.npz
stage_a_uci_v2,29,uci_internal_fixed,noise_brightness_to_blur,tent,none,0,ba,512,0.708984375,1.2028813006770727,0.46099311958318734,0.17498753987958615,0.1951076999976067,16,0,0,predictions/29_uci_internal_fixed_noise_brightness_to_blur_tent_w0_none_ba.npz
stage_a_uci_v2,29,uci_internal_fixed,noise_brightness_to_blur,tent,parameters,0,ab,512,0.708984375,1.2035175940658482,0.46123174421505453,0.17362469553244764,0.18328230000042822,16,0,0,predictions/29_uci_internal_fixed_noise_brightness_to_blur_tent_w0_parameters_ab.npz
stage_a_uci_v2,29,uci_internal_fixed,noise_brightness_to_blur,tent,parameters,0,ba,512,0.708984375,1.203554410549923,0.4612173145432859,0.17363729461919153,0.18907880000188015,16,0,0,predictions/29_uci_internal_fixed_noise_brightness_to_blur_tent_w0_parameters_ba.npz
stage_a_uci_v2,29,uci_internal_fixed,noise_brightness_to_blur,tent,optimizer,0,ab,512,0.708984375,1.2035049471433652,0.4611294485208236,0.17499109298308063,0.17964080000820104,16,0,0,predictions/29_uci_internal_fixed_noise_brightness_to_blur_tent_w0_optimizer_ab.npz
stage_a_uci_v2,29,uci_internal_fixed,noise_brightness_to_blur,tent,optimizer,0,ba,512,0.708984375,1.2034144790172354,0.4611527611933795,0.1736600698135642,0.18265839999367017,16,0,0,predictions/29_uci_internal_fixed_noise_brightness_to_blur_tent_w0_optimizer_ba.npz
stage_a_uci_v2,29,uci_internal_fixed,noise_brightness_to_blur,tent,parameters_optimizer,0,ab,512,0.708984375,1.2040946946338045,0.4613787224605811,0.17361187584852472,0.18609339999966323,16,0,0,predictions/29_uci_internal_fixed_noise_brightness_to_blur_tent_w0_parameters_optimizer_ab.npz
stage_a_uci_v2,29,uci_internal_fixed,noise_brightness_to_blur,tent,parameters_optimizer,0,ba,512,0.708984375,1.2040946946338045,0.4613787224605811,0.17361187584852472,0.20502989999658894,16,0,0,predictions/29_uci_internal_fixed_noise_brightness_to_blur_tent_w0_parameters_optimizer_ba.npz
stage_a_uci_v2,29,uci_internal_fixed,noise_brightness_to_blur,tent,aux,0,ab,512,0.708984375,1.202930896663499,0.4609834815635432,0.17500395746670072,0.2152020000066841,16,0,0,predictions/29_uci_internal_fixed_noise_brightness_to_blur_tent_w0_aux_ab.npz
stage_a_uci_v2,29,uci_internal_fixed,noise_brightness_to_blur,tent,aux,0,ba,512,0.708984375,1.2028813006770727,0.46099311958318734,0.17498753987958615,0.19521049999457318,16,0,0,predictions/29_uci_internal_fixed_noise_brightness_to_blur_tent_w0_aux_ba.npz
stage_a_uci_v2,29,uci_internal_fixed,noise_brightness_to_blur,tent,parameters_aux,0,ab,512,0.708984375,1.2035175940658482,0.46123174421505453,0.17362469553244764,0.17211529999622144,16,0,0,predictions/29_uci_internal_fixed_noise_brightness_to_blur_tent_w0_parameters_aux_ab.npz
stage_a_uci_v2,29,uci_internal_fixed,noise_brightness_to_blur,tent,parameters_aux,0,ba,512,0.708984375,1.203554410549923,0.4612173145432859,0.17363729461919153,0.14551100000971928,16,0,0,predictions/29_uci_internal_fixed_noise_brightness_to_blur_tent_w0_parameters_aux_ba.npz
stage_a_uci_v2,29,uci_internal_fixed,noise_brightness_to_blur,tent,optimizer_aux,0,ab,512,0.708984375,1.2035049471433652,0.4611294485208236,0.17499109298308063,0.14138780000212137,16,0,0,predictions/29_uci_internal_fixed_noise_brightness_to_blur_tent_w0_optimizer_aux_ab.npz
stage_a_uci_v2,29,uci_internal_fixed,noise_brightness_to_blur,tent,optimizer_aux,0,ba,512,0.708984375,1.2034144790172354,0.4611527611933795,0.1736600698135642,0.15824910000083037,16,0,0,predictions/29_uci_internal_fixed_noise_brightness_to_blur_tent_w0_optimizer_aux_ba.npz
stage_a_uci_v2,29,uci_internal_fixed,noise_brightness_to_blur,tent,parameters_optimizer_aux,0,ab,512,0.708984375,1.2040946946338045,0.4613787224605811,0.17361187584852472,0.16454780001367908,16,0,0,predictions/29_uci_internal_fixed_noise_brightness_to_blur_tent_w0_parameters_optimizer_aux_ab.npz
stage_a_uci_v2,29,uci_internal_fixed,noise_brightness_to_blur,tent,parameters_optimizer_aux,0,ba,512,0.708984375,1.2040946946338045,0.4613787224605811,0.17361187584852472,0.25347100000362843,16,0,0,predictions/29_uci_internal_fixed_noise_brightness_to_blur_tent_w0_parameters_optimizer_aux_ba.npz
stage_a_uci_v2,29,uci_internal_fixed,noise_brightness_to_blur,tent,all,0,ab,512,0.708984375,1.2040946946338045,0.4613787224605811,0.17361187584852472,0.1597452000132762,16,0,0,predictions/29_uci_internal_fixed_noise_brightness_to_blur_tent_w0_all_ab.npz
stage_a_uci_v2,29,uci_internal_fixed,noise_brightness_to_blur,tent,all,0,ba,512,0.708984375,1.2040946946338045,0.4613787224605811,0.17361187584852472,0.1478406999958679,16,0,0,predictions/29_uci_internal_fixed_noise_brightness_to_blur_tent_w0_all_ba.npz
stage_a_uci_v2,29,uci_internal_fixed,noise_brightness_to_blur,tent,none,4,ab,512,0.708984375,1.2080050289859743,0.46205668091689855,0.17230015501338194,0.17567840000265278,16,0,0,predictions/29_uci_internal_fixed_noise_brightness_to_blur_tent_w4_none_ab.npz
stage_a_uci_v2,29,uci_internal_fixed,noise_brightness_to_blur,tent,none,4,ba,512,0.708984375,1.2079667699294894,0.4620610266276196,0.1722813209794671,0.14654679999512155,16,0,0,predictions/29_uci_internal_fixed_noise_brightness_to_blur_tent_w4_none_ba.npz
stage_a_uci_v2,29,uci_internal_fixed,noise_brightness_to_blur,tent,parameters,4,ab,512,0.708984375,1.20747233504584,0.4620831133462958,0.17378840858482753,0.15282719999959227,16,0,0,predictions/29_uci_internal_fixed_noise_brightness_to_blur_tent_w4_parameters_ab.npz
stage_a_uci_v2,29,uci_internal_fixed,noise_brightness_to_blur,tent,parameters,4,ba,512,0.708984375,1.2074906210929057,0.4620715812869922,0.1727548841273107,0.14532159999362193,16,0,0,predictions/29_uci_internal_fixed_noise_brightness_to_blur_tent_w4_parameters_ba.npz
stage_a_uci_v2,29,uci_internal_fixed,noise_brightness_to_blur,tent,optimizer,4,ab,512,0.708984375,1.2046196969428116,0.4613501239866879,0.1724600232401815,0.13566050000372343,16,0,0,predictions/29_uci_internal_fixed_noise_brightness_to_blur_tent_w4_optimizer_ab.npz
stage_a_uci_v2,29,uci_internal_fixed,noise_brightness_to_blur,tent,optimizer,4,ba,512,0.708984375,1.2045593431186115,0.46136481235001087,0.17244229823249613,0.13775759999407455,16,0,0,predictions/29_uci_internal_fixed_noise_brightness_to_blur_tent_w4_optimizer_ba.npz
stage_a_uci_v2,29,uci_internal_fixed,noise_brightness_to_blur,tent,parameters_optimizer,4,ab,512,0.708984375,1.2040946946338045,0.4613787224605811,0.17361187584852472,0.1520070999977179,16,0,0,predictions/29_uci_internal_fixed_noise_brightness_to_blur_tent_w4_parameters_optimizer_ab.npz
stage_a_uci_v2,29,uci_internal_fixed,noise_brightness_to_blur,tent,parameters_optimizer,4,ba,512,0.708984375,1.2040946946338045,0.4613787224605811,0.17361187584852472,0.1543285000079777,16,0,0,predictions/29_uci_internal_fixed_noise_brightness_to_blur_tent_w4_parameters_optimizer_ba.npz
stage_a_uci_v2,29,uci_internal_fixed,noise_brightness_to_blur,tent,aux,4,ab,512,0.708984375,1.2080050289859743,0.46205668091689855,0.17230015501338194,0.12691139998787548,16,0,0,predictions/29_uci_internal_fixed_noise_brightness_to_blur_tent_w4_aux_ab.npz
stage_a_uci_v2,29,uci_internal_fixed,noise_brightness_to_blur,tent,aux,4,ba,512,0.708984375,1.2079667699294894,0.4620610266276196,0.1722813209794671,0.11885440000332892,16,0,0,predictions/29_uci_internal_fixed_noise_brightness_to_blur_tent_w4_aux_ba.npz
stage_a_uci_v2,29,uci_internal_fixed,noise_brightness_to_blur,tent,parameters_aux,4,ab,512,0.708984375,1.20747233504584,0.4620831133462958,0.17378840858482753,0.1202082999952836,16,0,0,predictions/29_uci_internal_fixed_noise_brightness_to_blur_tent_w4_parameters_aux_ab.npz
stage_a_uci_v2,29,uci_internal_fixed,noise_brightness_to_blur,tent,parameters_aux,4,ba,512,0.708984375,1.2074906210929057,0.4620715812869922,0.1727548841273107,0.12030690000392497,16,0,0,predictions/29_uci_internal_fixed_noise_brightness_to_blur_tent_w4_parameters_aux_ba.npz
stage_a_uci_v2,29,uci_internal_fixed,noise_brightness_to_blur,tent,optimizer_aux,4,ab,512,0.708984375,1.2046196969428116,0.4613501239866879,0.1724600232401815,0.12062460000743158,16,0,0,predictions/29_uci_internal_fixed_noise_brightness_to_blur_tent_w4_optimizer_aux_ab.npz
stage_a_uci_v2,29,uci_internal_fixed,noise_brightness_to_blur,tent,optimizer_aux,4,ba,512,0.708984375,1.2045593431186115,0.46136481235001087,0.17244229823249613,0.1219890999927884,16,0,0,predictions/29_uci_internal_fixed_noise_brightness_to_blur_tent_w4_optimizer_aux_ba.npz
stage_a_uci_v2,29,uci_internal_fixed,noise_brightness_to_blur,tent,parameters_optimizer_aux,4,ab,512,0.708984375,1.2040946946338045,0.4613787224605811,0.17361187584852472,0.11514289998740423,16,0,0,predictions/29_uci_internal_fixed_noise_brightness_to_blur_tent_w4_parameters_optimizer_aux_ab.npz
stage_a_uci_v2,29,uci_internal_fixed,noise_brightness_to_blur,tent,parameters_optimizer_aux,4,ba,512,0.708984375,1.2040946946338045,0.4613787224605811,0.17361187584852472,0.15259129999321885,16,0,0,predictions/29_uci_internal_fixed_noise_brightness_to_blur_tent_w4_parameters_optimizer_aux_ba.npz
stage_a_uci_v2,29,uci_internal_fixed,noise_brightness_to_blur,tent,all,4,ab,512,0.708984375,1.2040946946338045,0.4613787224605811,0.17361187584852472,0.15141370000492316,16,0,0,predictions/29_uci_internal_fixed_noise_brightness_to_blur_tent_w4_all_ab.npz
stage_a_uci_v2,29,uci_internal_fixed,noise_brightness_to_blur,tent,all,4,ba,512,0.708984375,1.2040946946338045,0.4613787224605811,0.17361187584852472,0.14992439998604823,16,0,0,predictions/29_uci_internal_fixed_noise_brightness_to_blur_tent_w4_all_ba.npz
stage_a_uci_v2,29,uci_internal_fixed,noise_brightness_to_blur,sar_complete,none,0,ab,512,0.708984375,1.2002385006995853,0.46064107572514723,0.17336725891553684,0.27666609999141656,16,0,11,predictions/29_uci_internal_fixed_noise_brightness_to_blur_sar_complete_w0_none_ab.npz
stage_a_uci_v2,29,uci_internal_fixed,noise_brightness_to_blur,sar_complete,none,0,ba,512,0.708984375,1.2002483879288006,0.4606431467620914,0.17336640033787068,0.26843909999297466,16,0,10,predictions/29_uci_internal_fixed_noise_brightness_to_blur_sar_complete_w0_none_ba.npz
stage_a_uci_v2,29,uci_internal_fixed,noise_brightness_to_blur,sar_complete,parameters,0,ab,512,0.708984375,1.2002385006995853,0.46064107572514723,0.17336725891553684,0.2839336000033654,16,0,11,predictions/29_uci_internal_fixed_noise_brightness_to_blur_sar_complete_w0_parameters_ab.npz
stage_a_uci_v2,29,uci_internal_fixed,noise_brightness_to_blur,sar_complete,parameters,0,ba,512,0.708984375,1.2002483879288006,0.4606431467620914,0.17336640033787068,0.3014270999992732,16,0,10,predictions/29_uci_internal_fixed_noise_brightness_to_blur_sar_complete_w0_parameters_ba.npz
stage_a_uci_v2,29,uci_internal_fixed,noise_brightness_to_blur,sar_complete,optimizer,0,ab,512,0.708984375,1.2002385006995853,0.46064107572514723,0.17336725891553684,0.2825507999950787,16,0,11,predictions/29_uci_internal_fixed_noise_brightness_to_blur_sar_complete_w0_optimizer_ab.npz
stage_a_uci_v2,29,uci_internal_fixed,noise_brightness_to_blur,sar_complete,optimizer,0,ba,512,0.708984375,1.2002483879288006,0.4606431467620914,0.17336640033787068,0.29022039999836124,16,0,10,predictions/29_uci_internal_fixed_noise_brightness_to_blur_sar_complete_w0_optimizer_ba.npz
stage_a_uci_v2,29,uci_internal_fixed,noise_brightness_to_blur,sar_complete,parameters_optimizer,0,ab,512,0.708984375,1.2002385006995853,0.46064107572514723,0.17336725891553684,0.2985891999996966,16,0,11,predictions/29_uci_internal_fixed_noise_brightness_to_blur_sar_complete_w0_parameters_optimizer_ab.npz
stage_a_uci_v2,29,uci_internal_fixed,noise_brightness_to_blur,sar_complete,parameters_optimizer,0,ba,512,0.708984375,1.2002483879288006,0.4606431467620914,0.17336640033787068,0.31319269999221433,16,0,10,predictions/29_uci_internal_fixed_noise_brightness_to_blur_sar_complete_w0_parameters_optimizer_ba.npz
stage_a_uci_v2,29,uci_internal_fixed,noise_brightness_to_blur,sar_complete,aux,0,ab,512,0.708984375,1.2018451376150765,0.46087562768386264,0.1735352998280438,0.31420510000316426,16,0,1,predictions/29_uci_internal_fixed_noise_brightness_to_blur_sar_complete_w0_aux_ab.npz
stage_a_uci_v2,29,uci_internal_fixed,noise_brightness_to_blur,sar_complete,aux,0,ba,512,0.708984375,1.2018451376150765,0.46087562768386264,0.1735352998280438,0.24695970000175294,16,0,1,predictions/29_uci_internal_fixed_noise_brightness_to_blur_sar_complete_w0_aux_ba.npz
stage_a_uci_v2,29,uci_internal_fixed,noise_brightness_to_blur,sar_complete,parameters_aux,0,ab,512,0.708984375,1.2018451376150765,0.46087562768386264,0.1735352998280438,0.21909419998701196,16,0,1,predictions/29_uci_internal_fixed_noise_brightness_to_blur_sar_complete_w0_parameters_aux_ab.npz
stage_a_uci_v2,29,uci_internal_fixed,noise_brightness_to_blur,sar_complete,parameters_aux,0,ba,512,0.708984375,1.2018451376150765,0.46087562768386264,0.1735352998280438,0.24100649998581503,16,0,1,predictions/29_uci_internal_fixed_noise_brightness_to_blur_sar_complete_w0_parameters_aux_ba.npz
stage_a_uci_v2,29,uci_internal_fixed,noise_brightness_to_blur,sar_complete,optimizer_aux,0,ab,512,0.708984375,1.2018451376150765,0.46087562768386264,0.1735352998280438,0.2111904999910621,16,0,1,predictions/29_uci_internal_fixed_noise_brightness_to_blur_sar_complete_w0_optimizer_aux_ab.npz
stage_a_uci_v2,29,uci_internal_fixed,noise_brightness_to_blur,sar_complete,optimizer_aux,0,ba,512,0.708984375,1.2018451376150765,0.46087562768386264,0.1735352998280438,0.21300170000176877,16,0,1,predictions/29_uci_internal_fixed_noise_brightness_to_blur_sar_complete_w0_optimizer_aux_ba.npz
stage_a_uci_v2,29,uci_internal_fixed,noise_brightness_to_blur,sar_complete,parameters_optimizer_aux,0,ab,512,0.708984375,1.2018451376150765,0.46087562768386264,0.1735352998280438,0.20466499999747612,16,0,1,predictions/29_uci_internal_fixed_noise_brightness_to_blur_sar_complete_w0_parameters_optimizer_aux_ab.npz
stage_a_uci_v2,29,uci_internal_fixed,noise_brightness_to_blur,sar_complete,parameters_optimizer_aux,0,ba,512,0.708984375,1.2018451376150765,0.46087562768386264,0.1735352998280438,0.20154290000209585,16,0,1,predictions/29_uci_internal_fixed_noise_brightness_to_blur_sar_complete_w0_parameters_optimizer_aux_ba.npz
stage_a_uci_v2,29,uci_internal_fixed,noise_brightness_to_blur,sar_complete,all,0,ab,512,0.708984375,1.2018451376150765,0.46087562768386264,0.1735352998280438,0.2731486999982735,16,0,1,predictions/29_uci_internal_fixed_noise_brightness_to_blur_sar_complete_w0_all_ab.npz
stage_a_uci_v2,29,uci_internal_fixed,noise_brightness_to_blur,sar_complete,all,0,ba,512,0.708984375,1.2018451376150765,0.46087562768386264,0.1735352998280438,0.17978360000415705,16,0,1,predictions/29_uci_internal_fixed_noise_brightness_to_blur_sar_complete_w0_all_ba.npz
stage_a_uci_v2,29,uci_internal_fixed,noise_brightness_to_blur,sar_complete,none,4,ab,512,0.708984375,1.202247873749452,0.4609862516626618,0.17354161078928068,0.15549580000515562,16,0,2,predictions/29_uci_internal_fixed_noise_brightness_to_blur_sar_complete_w4_none_ab.npz
stage_a_uci_v2,29,uci_internal_fixed,noise_brightness_to_blur,sar_complete,none,4,ba,512,0.708984375,1.202247873749452,0.4609862516626618,0.17354161078928068,0.1705940000101691,16,0,2,predictions/29_uci_internal_fixed_noise_brightness_to_blur_sar_complete_w4_none_ba.npz
stage_a_uci_v2,29,uci_internal_fixed,noise_brightness_to_blur,sar_complete,parameters,4,ab,512,0.708984375,1.202247873749452,0.4609862516626618,0.17354161078928068,0.19058799999766052,16,0,2,predictions/29_uci_internal_fixed_noise_brightness_to_blur_sar_complete_w4_parameters_ab.npz
stage_a_uci_v2,29,uci_internal_fixed,noise_brightness_to_blur,sar_complete,parameters,4,ba,512,0.708984375,1.202247873749452,0.4609862516626618,0.17354161078928068,0.17242890001216438,16,0,2,predictions/29_uci_internal_fixed_noise_brightness_to_blur_sar_complete_w4_parameters_ba.npz
stage_a_uci_v2,29,uci_internal_fixed,noise_brightness_to_blur,sar_complete,optimizer,4,ab,512,0.708984375,1.202247873749452,0.4609862516626618,0.17354161078928068,0.16122120000363793,16,0,2,predictions/29_uci_internal_fixed_noise_brightness_to_blur_sar_complete_w4_optimizer_ab.npz
stage_a_uci_v2,29,uci_internal_fixed,noise_brightness_to_blur,sar_complete,optimizer,4,ba,512,0.708984375,1.202247873749452,0.4609862516626618,0.17354161078928068,0.16072269999131095,16,0,2,predictions/29_uci_internal_fixed_noise_brightness_to_blur_sar_complete_w4_optimizer_ba.npz
stage_a_uci_v2,29,uci_internal_fixed,noise_brightness_to_blur,sar_complete,parameters_optimizer,4,ab,512,0.708984375,1.202247873749452,0.4609862516626618,0.17354161078928068,0.15208680000796448,16,0,2,predictions/29_uci_internal_fixed_noise_brightness_to_blur_sar_complete_w4_parameters_optimizer_ab.npz
stage_a_uci_v2,29,uci_internal_fixed,noise_brightness_to_blur,sar_complete,parameters_optimizer,4,ba,512,0.708984375,1.202247873749452,0.4609862516626618,0.17354161078928068,0.15398290001030546,16,0,2,predictions/29_uci_internal_fixed_noise_brightness_to_blur_sar_complete_w4_parameters_optimizer_ba.npz
stage_a_uci_v2,29,uci_internal_fixed,noise_brightness_to_blur,sar_complete,aux,4,ab,512,0.708984375,1.2018451376150765,0.46087562768386264,0.1735352998280438,0.17467210000904743,16,0,1,predictions/29_uci_internal_fixed_noise_brightness_to_blur_sar_complete_w4_aux_ab.npz
stage_a_uci_v2,29,uci_internal_fixed,noise_brightness_to_blur,sar_complete,aux,4,ba,512,0.708984375,1.2018451376150765,0.46087562768386264,0.1735352998280438,0.1534444999997504,16,0,1,predictions/29_uci_internal_fixed_noise_brightness_to_blur_sar_complete_w4_aux_ba.npz
stage_a_uci_v2,29,uci_internal_fixed,noise_brightness_to_blur,sar_complete,parameters_aux,4,ab,512,0.708984375,1.2018451376150765,0.46087562768386264,0.1735352998280438,0.16920140000001993,16,0,1,predictions/29_uci_internal_fixed_noise_brightness_to_blur_sar_complete_w4_parameters_aux_ab.npz
stage_a_uci_v2,29,uci_internal_fixed,noise_brightness_to_blur,sar_complete,parameters_aux,4,ba,512,0.708984375,1.2018451376150765,0.46087562768386264,0.1735352998280438,0.1620474999945145,16,0,1,predictions/29_uci_internal_fixed_noise_brightness_to_blur_sar_complete_w4_parameters_aux_ba.npz
stage_a_uci_v2,29,uci_internal_fixed,noise_brightness_to_blur,sar_complete,optimizer_aux,4,ab,512,0.708984375,1.2018451376150765,0.46087562768386264,0.1735352998280438,0.16686930001014844,16,0,1,predictions/29_uci_internal_fixed_noise_brightness_to_blur_sar_complete_w4_optimizer_aux_ab.npz
stage_a_uci_v2,29,uci_internal_fixed,noise_brightness_to_blur,sar_complete,optimizer_aux,4,ba,512,0.708984375,1.2018451376150765,0.46087562768386264,0.1735352998280438,0.1557048999966355,16,0,1,predictions/29_uci_internal_fixed_noise_brightness_to_blur_sar_complete_w4_optimizer_aux_ba.npz
stage_a_uci_v2,29,uci_internal_fixed,noise_brightness_to_blur,sar_complete,parameters_optimizer_aux,4,ab,512,0.708984375,1.2018451376150765,0.46087562768386264,0.1735352998280438,0.17730440000013914,16,0,1,predictions/29_uci_internal_fixed_noise_brightness_to_blur_sar_complete_w4_parameters_optimizer_aux_ab.npz
stage_a_uci_v2,29,uci_internal_fixed,noise_brightness_to_blur,sar_complete,parameters_optimizer_aux,4,ba,512,0.708984375,1.2018451376150765,0.46087562768386264,0.1735352998280438,0.16306239999539685,16,0,1,predictions/29_uci_internal_fixed_noise_brightness_to_blur_sar_complete_w4_parameters_optimizer_aux_ba.npz
stage_a_uci_v2,29,uci_internal_fixed,noise_brightness_to_blur,sar_complete,all,4,ab,512,0.708984375,1.2018451376150765,0.46087562768386264,0.1735352998280438,0.16138810000848025,16,0,1,predictions/29_uci_internal_fixed_noise_brightness_to_blur_sar_complete_w4_all_ab.npz
stage_a_uci_v2,29,uci_internal_fixed,noise_brightness_to_blur,sar_complete,all,4,ba,512,0.708984375,1.2018451376150765,0.46087562768386264,0.1735352998280438,0.19144399999640882,16,0,1,predictions/29_uci_internal_fixed_noise_brightness_to_blur_sar_complete_w4_all_ba.npz
stage_a_uci_v2,29,uci_internal_fixed,blur_noise_to_clean,source,none,0,ab,512,0.98046875,0.062244817978721105,0.030343409620623794,0.011360374280226552,0.057935100005124696,0,0,0,predictions/29_uci_internal_fixed_blur_noise_to_clean_source_w0_none_ab.npz
stage_a_uci_v2,29,uci_internal_fixed,blur_noise_to_clean,source,none,0,ba,512,0.98046875,0.062244817978721105,0.030343409620623794,0.011360374280226552,0.04484269999375101,0,0,0,predictions/29_uci_internal_fixed_blur_noise_to_clean_source_w0_none_ba.npz
stage_a_uci_v2,29,uci_internal_fixed,blur_noise_to_clean,source,all,0,ab,512,0.98046875,0.062244817978721105,0.030343409620623794,0.011360374280226552,0.05543200000829529,0,0,0,predictions/29_uci_internal_fixed_blur_noise_to_clean_source_w0_all_ab.npz
stage_a_uci_v2,29,uci_internal_fixed,blur_noise_to_clean,source,all,0,ba,512,0.98046875,0.062244817978721105,0.030343409620623794,0.011360374280226552,0.0555954000010388,0,0,0,predictions/29_uci_internal_fixed_blur_noise_to_clean_source_w0_all_ba.npz
stage_a_uci_v2,29,uci_internal_fixed,blur_noise_to_clean,source,none,4,ab,512,0.98046875,0.062244817978721105,0.030343409620623794,0.011360374280226552,0.059566399999312125,0,0,0,predictions/29_uci_internal_fixed_blur_noise_to_clean_source_w4_none_ab.npz
stage_a_uci_v2,29,uci_internal_fixed,blur_noise_to_clean,source,none,4,ba,512,0.98046875,0.062244817978721105,0.030343409620623794,0.011360374280226552,0.06593379999685567,0,0,0,predictions/29_uci_internal_fixed_blur_noise_to_clean_source_w4_none_ba.npz
stage_a_uci_v2,29,uci_internal_fixed,blur_noise_to_clean,source,all,4,ab,512,0.98046875,0.062244817978721105,0.030343409620623794,0.011360374280226552,0.08499360000132583,0,0,0,predictions/29_uci_internal_fixed_blur_noise_to_clean_source_w4_all_ab.npz
stage_a_uci_v2,29,uci_internal_fixed,blur_noise_to_clean,source,all,4,ba,512,0.98046875,0.062244817978721105,0.030343409620623794,0.011360374280226552,0.06924179999623448,0,0,0,predictions/29_uci_internal_fixed_blur_noise_to_clean_source_w4_all_ba.npz
stage_a_uci_v2,29,uci_internal_fixed,blur_noise_to_clean,norm,none,0,ab,512,0.98046875,0.061841622606431015,0.02962886907066929,0.013449294468806012,0.06615709999459796,0,0,0,predictions/29_uci_internal_fixed_blur_noise_to_clean_norm_w0_none_ab.npz
stage_a_uci_v2,29,uci_internal_fixed,blur_noise_to_clean,norm,none,0,ba,512,0.98046875,0.061841622606431015,0.02962886907066929,0.013449294468806012,0.06319210000219755,0,0,0,predictions/29_uci_internal_fixed_blur_noise_to_clean_norm_w0_none_ba.npz
stage_a_uci_v2,29,uci_internal_fixed,blur_noise_to_clean,norm,all,0,ab,512,0.98046875,0.061841622606431015,0.02962886907066929,0.013449294468806012,0.07088159999693744,0,0,0,predictions/29_uci_internal_fixed_blur_noise_to_clean_norm_w0_all_ab.npz
stage_a_uci_v2,29,uci_internal_fixed,blur_noise_to_clean,norm,all,0,ba,512,0.98046875,0.061841622606431015,0.02962886907066929,0.013449294468806012,0.06804730001022108,0,0,0,predictions/29_uci_internal_fixed_blur_noise_to_clean_norm_w0_all_ba.npz
stage_a_uci_v2,29,uci_internal_fixed,blur_noise_to_clean,norm,none,4,ab,512,0.98046875,0.061841622606431015,0.02962886907066929,0.013449294468806012,0.06169939998653717,0,0,0,predictions/29_uci_internal_fixed_blur_noise_to_clean_norm_w4_none_ab.npz
stage_a_uci_v2,29,uci_internal_fixed,blur_noise_to_clean,norm,none,4,ba,512,0.98046875,0.061841622606431015,0.02962886907066929,0.013449294468806012,0.05799329999717884,0,0,0,predictions/29_uci_internal_fixed_blur_noise_to_clean_norm_w4_none_ba.npz
stage_a_uci_v2,29,uci_internal_fixed,blur_noise_to_clean,norm,all,4,ab,512,0.98046875,0.061841622606431015,0.02962886907066929,0.013449294468806012,0.05788089999987278,0,0,0,predictions/29_uci_internal_fixed_blur_noise_to_clean_norm_w4_all_ab.npz
stage_a_uci_v2,29,uci_internal_fixed,blur_noise_to_clean,norm,all,4,ba,512,0.98046875,0.061841622606431015,0.02962886907066929,0.013449294468806012,0.0631102000043029,0,0,0,predictions/29_uci_internal_fixed_blur_noise_to_clean_norm_w4_all_ba.npz
stage_a_uci_v2,29,uci_internal_fixed,blur_noise_to_clean,tent,none,0,ab,512,0.98046875,0.06194087985953373,0.029750305089118148,0.013426996973776702,0.12093610000738408,16,0,0,predictions/29_uci_internal_fixed_blur_noise_to_clean_tent_w0_none_ab.npz
stage_a_uci_v2,29,uci_internal_fixed,blur_noise_to_clean,tent,none,0,ba,512,0.98046875,0.06195487647199764,0.029745933525557756,0.013433847931043769,0.12226790000568144,16,0,0,predictions/29_uci_internal_fixed_blur_noise_to_clean_tent_w0_none_ba.npz
stage_a_uci_v2,29,uci_internal_fixed,blur_noise_to_clean,tent,parameters,0,ab,512,0.98046875,0.06188957280461913,0.029669582767378414,0.013445718846828648,0.1563044000067748,16,0,0,predictions/29_uci_internal_fixed_blur_noise_to_clean_tent_w0_parameters_ab.npz
stage_a_uci_v2,29,uci_internal_fixed,blur_noise_to_clean,tent,parameters,0,ba,512,0.98046875,0.0618846440639383,0.0296811992734863,0.013439158760436975,0.2509053999965545,16,0,0,predictions/29_uci_internal_fixed_blur_noise_to_clean_tent_w0_parameters_ba.npz
stage_a_uci_v2,29,uci_internal_fixed,blur_noise_to_clean,tent,optimizer,0,ab,512,0.98046875,0.06190573884251914,0.029716630292141288,0.013430932286499712,0.1728385000023991,16,0,0,predictions/29_uci_internal_fixed_blur_noise_to_clean_tent_w0_optimizer_ab.npz
stage_a_uci_v2,29,uci_internal_fixed,blur_noise_to_clean,tent,optimizer,0,ba,512,0.98046875,0.06192470069901173,0.02970063973243265,0.013444309331774491,0.12418349999643397,16,0,0,predictions/29_uci_internal_fixed_blur_noise_to_clean_tent_w0_optimizer_ba.npz
stage_a_uci_v2,29,uci_internal_fixed,blur_noise_to_clean,tent,parameters_optimizer,0,ab,512,0.98046875,0.06185581993571382,0.02963677895613805,0.013449396582008472,0.12711190000118222,16,0,0,predictions/29_uci_internal_fixed_blur_noise_to_clean_tent_w0_parameters_optimizer_ab.npz
stage_a_uci_v2,29,uci_internal_fixed,blur_noise_to_clean,tent,parameters_optimizer,0,ba,512,0.98046875,0.06185581993571382,0.02963677895613805,0.013449396582008472,0.12168199999723583,16,0,0,predictions/29_uci_internal_fixed_blur_noise_to_clean_tent_w0_parameters_optimizer_ba.npz
stage_a_uci_v2,29,uci_internal_fixed,blur_noise_to_clean,tent,aux,0,ab,512,0.98046875,0.06194087985953373,0.029750305089118148,0.013426996973776702,0.13240959998802282,16,0,0,predictions/29_uci_internal_fixed_blur_noise_to_clean_tent_w0_aux_ab.npz
stage_a_uci_v2,29,uci_internal_fixed,blur_noise_to_clean,tent,aux,0,ba,512,0.98046875,0.06195487647199764,0.029745933525557756,0.013433847931043769,0.1531401999964146,16,0,0,predictions/29_uci_internal_fixed_blur_noise_to_clean_tent_w0_aux_ba.npz
stage_a_uci_v2,29,uci_internal_fixed,blur_noise_to_clean,tent,parameters_aux,0,ab,512,0.98046875,0.06188957280461913,0.029669582767378414,0.013445718846828648,0.1392377000011038,16,0,0,predictions/29_uci_internal_fixed_blur_noise_to_clean_tent_w0_parameters_aux_ab.npz
stage_a_uci_v2,29,uci_internal_fixed,blur_noise_to_clean,tent,parameters_aux,0,ba,512,0.98046875,0.0618846440639383,0.0296811992734863,0.013439158760436975,0.12257089999911841,16,0,0,predictions/29_uci_internal_fixed_blur_noise_to_clean_tent_w0_parameters_aux_ba.npz
stage_a_uci_v2,29,uci_internal_fixed,blur_noise_to_clean,tent,optimizer_aux,0,ab,512,0.98046875,0.06190573884251914,0.029716630292141288,0.013430932286499712,0.23538539999572095,16,0,0,predictions/29_uci_internal_fixed_blur_noise_to_clean_tent_w0_optimizer_aux_ab.npz
stage_a_uci_v2,29,uci_internal_fixed,blur_noise_to_clean,tent,optimizer_aux,0,ba,512,0.98046875,0.06192470069901173,0.02970063973243265,0.013444309331774491,0.13263540000480134,16,0,0,predictions/29_uci_internal_fixed_blur_noise_to_clean_tent_w0_optimizer_aux_ba.npz
stage_a_uci_v2,29,uci_internal_fixed,blur_noise_to_clean,tent,parameters_optimizer_aux,0,ab,512,0.98046875,0.06185581993571382,0.02963677895613805,0.013449396582008472,0.12143189999915194,16,0,0,predictions/29_uci_internal_fixed_blur_noise_to_clean_tent_w0_parameters_optimizer_aux_ab.npz
stage_a_uci_v2,29,uci_internal_fixed,blur_noise_to_clean,tent,parameters_optimizer_aux,0,ba,512,0.98046875,0.06185581993571382,0.02963677895613805,0.013449396582008472,0.13465290000021923,16,0,0,predictions/29_uci_internal_fixed_blur_noise_to_clean_tent_w0_parameters_optimizer_aux_ba.npz
stage_a_uci_v2,29,uci_internal_fixed,blur_noise_to_clean,tent,all,0,ab,512,0.98046875,0.06185581993571382,0.02963677895613805,0.013449396582008472,0.1641416000056779,16,0,0,predictions/29_uci_internal_fixed_blur_noise_to_clean_tent_w0_all_ab.npz
stage_a_uci_v2,29,uci_internal_fixed,blur_noise_to_clean,tent,all,0,ba,512,0.98046875,0.06185581993571382,0.02963677895613805,0.013449396582008472,0.14115189999574795,16,0,0,predictions/29_uci_internal_fixed_blur_noise_to_clean_tent_w0_all_ba.npz
stage_a_uci_v2,29,uci_internal_fixed,blur_noise_to_clean,tent,none,4,ab,512,0.98046875,0.061954648002288365,0.029759511918498273,0.01342711764511581,0.12317049999546725,16,0,0,predictions/29_uci_internal_fixed_blur_noise_to_clean_tent_w4_none_ab.npz
stage_a_uci_v2,29,uci_internal_fixed,blur_noise_to_clean,tent,none,4,ba,512,0.98046875,0.061963856276186204,0.0297564909574555,0.01343163848128363,0.13410520000616089,16,0,0,predictions/29_uci_internal_fixed_blur_noise_to_clean_tent_w4_none_ba.npz
stage_a_uci_v2,29,uci_internal_fixed,blur_noise_to_clean,tent,parameters,4,ab,512,0.98046875,0.061879752401230094,0.029657511139408288,0.013447614343269475,0.13123890000861138,16,0,0,predictions/29_uci_internal_fixed_blur_noise_to_clean_tent_w4_parameters_ab.npz
stage_a_uci_v2,29,uci_internal_fixed,blur_noise_to_clean,tent,parameters,4,ba,512,0.98046875,0.06187633192602183,0.029665047044000206,0.013443328481051595,0.16024280000419822,16,0,0,predictions/29_uci_internal_fixed_blur_noise_to_clean_tent_w4_parameters_ba.npz
stage_a_uci_v2,29,uci_internal_fixed,blur_noise_to_clean,tent,optimizer,4,ab,512,0.98046875,0.06192972093925028,0.02973805714587322,0.013429062243716029,0.1356899000093108,16,0,0,predictions/29_uci_internal_fixed_blur_noise_to_clean_tent_w4_optimizer_ab.npz
stage_a_uci_v2,29,uci_internal_fixed,blur_noise_to_clean,tent,optimizer,4,ba,512,0.98046875,0.061942121082520896,0.02972737737953219,0.013437932498636996,0.12393539999902714,16,0,0,predictions/29_uci_internal_fixed_blur_noise_to_clean_tent_w4_optimizer_ba.npz
stage_a_uci_v2,29,uci_internal_fixed,blur_noise_to_clean,tent,parameters_optimizer,4,ab,512,0.98046875,0.06185581993571382,0.02963677895613805,0.013449396582008472,0.13653570000315085,16,0,0,predictions/29_uci_internal_fixed_blur_noise_to_clean_tent_w4_parameters_optimizer_ab.npz
stage_a_uci_v2,29,uci_internal_fixed,blur_noise_to_clean,tent,parameters_optimizer,4,ba,512,0.98046875,0.06185581993571382,0.02963677895613805,0.013449396582008472,0.11590140000043903,16,0,0,predictions/29_uci_internal_fixed_blur_noise_to_clean_tent_w4_parameters_optimizer_ba.npz
stage_a_uci_v2,29,uci_internal_fixed,blur_noise_to_clean,tent,aux,4,ab,512,0.98046875,0.061954648002288365,0.029759511918498273,0.01342711764511581,0.11193869999260642,16,0,0,predictions/29_uci_internal_fixed_blur_noise_to_clean_tent_w4_aux_ab.npz
stage_a_uci_v2,29,uci_internal_fixed,blur_noise_to_clean,tent,aux,4,ba,512,0.98046875,0.061963856276186204,0.0297564909574555,0.01343163848128363,0.11423700000159442,16,0,0,predictions/29_uci_internal_fixed_blur_noise_to_clean_tent_w4_aux_ba.npz
stage_a_uci_v2,29,uci_internal_fixed,blur_noise_to_clean,tent,parameters_aux,4,ab,512,0.98046875,0.061879752401230094,0.029657511139408288,0.013447614343269475,0.1234145000053104,16,0,0,predictions/29_uci_internal_fixed_blur_noise_to_clean_tent_w4_parameters_aux_ab.npz
stage_a_uci_v2,29,uci_internal_fixed,blur_noise_to_clean,tent,parameters_aux,4,ba,512,0.98046875,0.06187633192602183,0.029665047044000206,0.013443328481051595,0.12084579998918343,16,0,0,predictions/29_uci_internal_fixed_blur_noise_to_clean_tent_w4_parameters_aux_ba.npz
stage_a_uci_v2,29,uci_internal_fixed,blur_noise_to_clean,tent,optimizer_aux,4,ab,512,0.98046875,0.06192972093925028,0.02973805714587322,0.013429062243716029,0.10709109999879729,16,0,0,predictions/29_uci_internal_fixed_blur_noise_to_clean_tent_w4_optimizer_aux_ab.npz
stage_a_uci_v2,29,uci_internal_fixed,blur_noise_to_clean,tent,optimizer_aux,4,ba,512,0.98046875,0.061942121082520896,0.02972737737953219,0.013437932498636996,0.10229840000101831,16,0,0,predictions/29_uci_internal_fixed_blur_noise_to_clean_tent_w4_optimizer_aux_ba.npz
stage_a_uci_v2,29,uci_internal_fixed,blur_noise_to_clean,tent,parameters_optimizer_aux,4,ab,512,0.98046875,0.06185581993571382,0.02963677895613805,0.013449396582008472,0.10062399999878835,16,0,0,predictions/29_uci_internal_fixed_blur_noise_to_clean_tent_w4_parameters_optimizer_aux_ab.npz
stage_a_uci_v2,29,uci_internal_fixed,blur_noise_to_clean,tent,parameters_optimizer_aux,4,ba,512,0.98046875,0.06185581993571382,0.02963677895613805,0.013449396582008472,0.09119970000756439,16,0,0,predictions/29_uci_internal_fixed_blur_noise_to_clean_tent_w4_parameters_optimizer_aux_ba.npz
stage_a_uci_v2,29,uci_internal_fixed,blur_noise_to_clean,tent,all,4,ab,512,0.98046875,0.06185581993571382,0.02963677895613805,0.013449396582008472,0.09923300000082236,16,0,0,predictions/29_uci_internal_fixed_blur_noise_to_clean_tent_w4_all_ab.npz
stage_a_uci_v2,29,uci_internal_fixed,blur_noise_to_clean,tent,all,4,ba,512,0.98046875,0.06185581993571382,0.02963677895613805,0.013449396582008472,0.08528820000356063,16,0,0,predictions/29_uci_internal_fixed_blur_noise_to_clean_tent_w4_all_ba.npz
stage_a_uci_v2,29,uci_internal_fixed,blur_noise_to_clean,sar_complete,none,0,ab,512,0.98046875,0.06184189171563411,0.02962907835153757,0.013449224958816291,0.1995119000057457,16,0,16,predictions/29_uci_internal_fixed_blur_noise_to_clean_sar_complete_w0_none_ab.npz
stage_a_uci_v2,29,uci_internal_fixed,blur_noise_to_clean,sar_complete,none,0,ba,512,0.98046875,0.06184166414187828,0.029628907531975213,0.013449195218744357,0.2232574000081513,16,0,16,predictions/29_uci_internal_fixed_blur_noise_to_clean_sar_complete_w0_none_ba.npz
stage_a_uci_v2,29,uci_internal_fixed,blur_noise_to_clean,sar_complete,parameters,0,ab,512,0.98046875,0.061841622606431015,0.02962886907066929,0.013449294468806012,0.2118173999915598,16,0,16,predictions/29_uci_internal_fixed_blur_noise_to_clean_sar_complete_w0_parameters_ab.npz
stage_a_uci_v2,29,uci_internal_fixed,blur_noise_to_clean,sar_complete,parameters,0,ba,512,0.98046875,0.061841622606431015,0.02962886907066929,0.013449294468806012,0.19707070000004023,16,0,16,predictions/29_uci_internal_fixed_blur_noise_to_clean_sar_complete_w0_parameters_ba.npz
stage_a_uci_v2,29,uci_internal_fixed,blur_noise_to_clean,sar_complete,optimizer,0,ab,512,0.98046875,0.06184189171563411,0.02962907835153757,0.013449224958816291,0.2505266000080155,16,0,16,predictions/29_uci_internal_fixed_blur_noise_to_clean_sar_complete_w0_optimizer_ab.npz
stage_a_uci_v2,29,uci_internal_fixed,blur_noise_to_clean,sar_complete,optimizer,0,ba,512,0.98046875,0.06184166414187828,0.029628907531975213,0.013449195218744357,0.22386340000957716,16,0,16,predictions/29_uci_internal_fixed_blur_noise_to_clean_sar_complete_w0_optimizer_ba.npz
stage_a_uci_v2,29,uci_internal_fixed,blur_noise_to_clean,sar_complete,parameters_optimizer,0,ab,512,0.98046875,0.061841622606431015,0.02962886907066929,0.013449294468806012,0.18148780000046827,16,0,16,predictions/29_uci_internal_fixed_blur_noise_to_clean_sar_complete_w0_parameters_optimizer_ab.npz
stage_a_uci_v2,29,uci_internal_fixed,blur_noise_to_clean,sar_complete,parameters_optimizer,0,ba,512,0.98046875,0.061841622606431015,0.02962886907066929,0.013449294468806012,0.1899818999954732,16,0,16,predictions/29_uci_internal_fixed_blur_noise_to_clean_sar_complete_w0_parameters_optimizer_ba.npz
stage_a_uci_v2,29,uci_internal_fixed,blur_noise_to_clean,sar_complete,aux,0,ab,512,0.98046875,0.06184189171563411,0.02962907835153757,0.013449224958816291,0.19469830000889488,16,0,16,predictions/29_uci_internal_fixed_blur_noise_to_clean_sar_complete_w0_aux_ab.npz
stage_a_uci_v2,29,uci_internal_fixed,blur_noise_to_clean,sar_complete,aux,0,ba,512,0.98046875,0.06184166414187828,0.029628907531975213,0.013449195218744357,0.19680249999510124,16,0,16,predictions/29_uci_internal_fixed_blur_noise_to_clean_sar_complete_w0_aux_ba.npz
stage_a_uci_v2,29,uci_internal_fixed,blur_noise_to_clean,sar_complete,parameters_aux,0,ab,512,0.98046875,0.061841622606431015,0.02962886907066929,0.013449294468806012,0.17281780000485014,16,0,16,predictions/29_uci_internal_fixed_blur_noise_to_clean_sar_complete_w0_parameters_aux_ab.npz
stage_a_uci_v2,29,uci_internal_fixed,blur_noise_to_clean,sar_complete,parameters_aux,0,ba,512,0.98046875,0.061841622606431015,0.02962886907066929,0.013449294468806012,0.15321980000589974,16,0,16,predictions/29_uci_internal_fixed_blur_noise_to_clean_sar_complete_w0_parameters_aux_ba.npz
stage_a_uci_v2,29,uci_internal_fixed,blur_noise_to_clean,sar_complete,optimizer_aux,0,ab,512,0.98046875,0.06184189171563411,0.02962907835153757,0.013449224958816291,0.1550738999940222,16,0,16,predictions/29_uci_internal_fixed_blur_noise_to_clean_sar_complete_w0_optimizer_aux_ab.npz
stage_a_uci_v2,29,uci_internal_fixed,blur_noise_to_clean,sar_complete,optimizer_aux,0,ba,512,0.98046875,0.06184166414187828,0.029628907531975213,0.013449195218744357,0.1652122999948915,16,0,16,predictions/29_uci_internal_fixed_blur_noise_to_clean_sar_complete_w0_optimizer_aux_ba.npz
stage_a_uci_v2,29,uci_internal_fixed,blur_noise_to_clean,sar_complete,parameters_optimizer_aux,0,ab,512,0.98046875,0.061841622606431015,0.02962886907066929,0.013449294468806012,0.20860240000183694,16,0,16,predictions/29_uci_internal_fixed_blur_noise_to_clean_sar_complete_w0_parameters_optimizer_aux_ab.npz
stage_a_uci_v2,29,uci_internal_fixed,blur_noise_to_clean,sar_complete,parameters_optimizer_aux,0,ba,512,0.98046875,0.061841622606431015,0.02962886907066929,0.013449294468806012,0.21047720000206027,16,0,16,predictions/29_uci_internal_fixed_blur_noise_to_clean_sar_complete_w0_parameters_optimizer_aux_ba.npz
stage_a_uci_v2,29,uci_internal_fixed,blur_noise_to_clean,sar_complete,all,0,ab,512,0.98046875,0.061841622606431015,0.02962886907066929,0.013449294468806012,0.19835600000806153,16,0,16,predictions/29_uci_internal_fixed_blur_noise_to_clean_sar_complete_w0_all_ab.npz
stage_a_uci_v2,29,uci_internal_fixed,blur_noise_to_clean,sar_complete,all,0,ba,512,0.98046875,0.061841622606431015,0.02962886907066929,0.013449294468806012,0.2234364000032656,16,0,16,predictions/29_uci_internal_fixed_blur_noise_to_clean_sar_complete_w0_all_ba.npz
stage_a_uci_v2,29,uci_internal_fixed,blur_noise_to_clean,sar_complete,none,4,ab,512,0.98046875,0.061841622606431015,0.02962886907066929,0.013449294468806012,0.24318469999707304,16,0,16,predictions/29_uci_internal_fixed_blur_noise_to_clean_sar_complete_w4_none_ab.npz
stage_a_uci_v2,29,uci_internal_fixed,blur_noise_to_clean,sar_complete,none,4,ba,512,0.98046875,0.061841622606431015,0.02962886907066929,0.013449294468806012,0.23176939999393653,16,0,16,predictions/29_uci_internal_fixed_blur_noise_to_clean_sar_complete_w4_none_ba.npz
stage_a_uci_v2,29,uci_internal_fixed,blur_noise_to_clean,sar_complete,parameters,4,ab,512,0.98046875,0.061841622606431015,0.02962886907066929,0.013449294468806012,0.21796189999440685,16,0,16,predictions/29_uci_internal_fixed_blur_noise_to_clean_sar_complete_w4_parameters_ab.npz
stage_a_uci_v2,29,uci_internal_fixed,blur_noise_to_clean,sar_complete,parameters,4,ba,512,0.98046875,0.061841622606431015,0.02962886907066929,0.013449294468806012,0.23313000000780448,16,0,16,predictions/29_uci_internal_fixed_blur_noise_to_clean_sar_complete_w4_parameters_ba.npz
stage_a_uci_v2,29,uci_internal_fixed,blur_noise_to_clean,sar_complete,optimizer,4,ab,512,0.98046875,0.061841622606431015,0.02962886907066929,0.013449294468806012,0.22733370000787545,16,0,16,predictions/29_uci_internal_fixed_blur_noise_to_clean_sar_complete_w4_optimizer_ab.npz
stage_a_uci_v2,29,uci_internal_fixed,blur_noise_to_clean,sar_complete,optimizer,4,ba,512,0.98046875,0.061841622606431015,0.02962886907066929,0.013449294468806012,0.2317406999936793,16,0,16,predictions/29_uci_internal_fixed_blur_noise_to_clean_sar_complete_w4_optimizer_ba.npz
stage_a_uci_v2,29,uci_internal_fixed,blur_noise_to_clean,sar_complete,parameters_optimizer,4,ab,512,0.98046875,0.061841622606431015,0.02962886907066929,0.013449294468806012,0.20893079999950714,16,0,16,predictions/29_uci_internal_fixed_blur_noise_to_clean_sar_complete_w4_parameters_optimizer_ab.npz
stage_a_uci_v2,29,uci_internal_fixed,blur_noise_to_clean,sar_complete,parameters_optimizer,4,ba,512,0.98046875,0.061841622606431015,0.02962886907066929,0.013449294468806012,0.21055200000409968,16,0,16,predictions/29_uci_internal_fixed_blur_noise_to_clean_sar_complete_w4_parameters_optimizer_ba.npz
stage_a_uci_v2,29,uci_internal_fixed,blur_noise_to_clean,sar_complete,aux,4,ab,512,0.98046875,0.061841622606431015,0.02962886907066929,0.013449294468806012,0.2058485000015935,16,0,16,predictions/29_uci_internal_fixed_blur_noise_to_clean_sar_complete_w4_aux_ab.npz
stage_a_uci_v2,29,uci_internal_fixed,blur_noise_to_clean,sar_complete,aux,4,ba,512,0.98046875,0.061841622606431015,0.02962886907066929,0.013449294468806012,0.21001830000022892,16,0,16,predictions/29_uci_internal_fixed_blur_noise_to_clean_sar_complete_w4_aux_ba.npz
stage_a_uci_v2,29,uci_internal_fixed,blur_noise_to_clean,sar_complete,parameters_aux,4,ab,512,0.98046875,0.061841622606431015,0.02962886907066929,0.013449294468806012,0.38480020000133663,16,0,16,predictions/29_uci_internal_fixed_blur_noise_to_clean_sar_complete_w4_parameters_aux_ab.npz
stage_a_uci_v2,29,uci_internal_fixed,blur_noise_to_clean,sar_complete,parameters_aux,4,ba,512,0.98046875,0.061841622606431015,0.02962886907066929,0.013449294468806012,0.36766579998948146,16,0,16,predictions/29_uci_internal_fixed_blur_noise_to_clean_sar_complete_w4_parameters_aux_ba.npz
stage_a_uci_v2,29,uci_internal_fixed,blur_noise_to_clean,sar_complete,optimizer_aux,4,ab,512,0.98046875,0.061841622606431015,0.02962886907066929,0.013449294468806012,0.43663009999727365,16,0,16,predictions/29_uci_internal_fixed_blur_noise_to_clean_sar_complete_w4_optimizer_aux_ab.npz
stage_a_uci_v2,29,uci_internal_fixed,blur_noise_to_clean,sar_complete,optimizer_aux,4,ba,512,0.98046875,0.061841622606431015,0.02962886907066929,0.013449294468806012,0.2610539000015706,16,0,16,predictions/29_uci_internal_fixed_blur_noise_to_clean_sar_complete_w4_optimizer_aux_ba.npz
stage_a_uci_v2,29,uci_internal_fixed,blur_noise_to_clean,sar_complete,parameters_optimizer_aux,4,ab,512,0.98046875,0.061841622606431015,0.02962886907066929,0.013449294468806012,0.22459789999993518,16,0,16,predictions/29_uci_internal_fixed_blur_noise_to_clean_sar_complete_w4_parameters_optimizer_aux_ab.npz
stage_a_uci_v2,29,uci_internal_fixed,blur_noise_to_clean,sar_complete,parameters_optimizer_aux,4,ba,512,0.98046875,0.061841622606431015,0.02962886907066929,0.013449294468806012,0.20336430000315886,16,0,16,predictions/29_uci_internal_fixed_blur_noise_to_clean_sar_complete_w4_parameters_optimizer_aux_ba.npz
stage_a_uci_v2,29,uci_internal_fixed,blur_noise_to_clean,sar_complete,all,4,ab,512,0.98046875,0.061841622606431015,0.02962886907066929,0.013449294468806012,0.20817929999611806,16,0,16,predictions/29_uci_internal_fixed_blur_noise_to_clean_sar_complete_w4_all_ab.npz
stage_a_uci_v2,29,uci_internal_fixed,blur_noise_to_clean,sar_complete,all,4,ba,512,0.98046875,0.061841622606431015,0.02962886907066929,0.013449294468806012,0.23318880000442732,16,0,16,predictions/29_uci_internal_fixed_blur_noise_to_clean_sar_complete_w4_all_ba.npz
stage_a_uci_v2,43,uci_internal_fixed,noise_brightness_to_blur,source,none,0,ab,512,0.4765625,1.468689168766372,0.7526744435275183,0.28832046473562956,0.07308659999398515,0,0,0,predictions/43_uci_internal_fixed_noise_brightness_to_blur_source_w0_none_ab.npz
stage_a_uci_v2,43,uci_internal_fixed,noise_brightness_to_blur,source,none,0,ba,512,0.4765625,1.468689168766372,0.7526744435275183,0.28832046473562956,0.05468210000253748,0,0,0,predictions/43_uci_internal_fixed_noise_brightness_to_blur_source_w0_none_ba.npz
stage_a_uci_v2,43,uci_internal_fixed,noise_brightness_to_blur,source,all,0,ab,512,0.4765625,1.468689168766372,0.7526744435275183,0.28832046473562956,0.049279799990472384,0,0,0,predictions/43_uci_internal_fixed_noise_brightness_to_blur_source_w0_all_ab.npz
stage_a_uci_v2,43,uci_internal_fixed,noise_brightness_to_blur,source,all,0,ba,512,0.4765625,1.468689168766372,0.7526744435275183,0.28832046473562956,0.04861399999936111,0,0,0,predictions/43_uci_internal_fixed_noise_brightness_to_blur_source_w0_all_ba.npz
stage_a_uci_v2,43,uci_internal_fixed,noise_brightness_to_blur,source,none,4,ab,512,0.4765625,1.468689168766372,0.7526744435275183,0.28832046473562956,0.11140550000709482,0,0,0,predictions/43_uci_internal_fixed_noise_brightness_to_blur_source_w4_none_ab.npz
stage_a_uci_v2,43,uci_internal_fixed,noise_brightness_to_blur,source,none,4,ba,512,0.4765625,1.468689168766372,0.7526744435275183,0.28832046473562956,0.052860099996905774,0,0,0,predictions/43_uci_internal_fixed_noise_brightness_to_blur_source_w4_none_ba.npz
stage_a_uci_v2,43,uci_internal_fixed,noise_brightness_to_blur,source,all,4,ab,512,0.4765625,1.468689168766372,0.7526744435275183,0.28832046473562956,0.05275380000239238,0,0,0,predictions/43_uci_internal_fixed_noise_brightness_to_blur_source_w4_all_ab.npz
stage_a_uci_v2,43,uci_internal_fixed,noise_brightness_to_blur,source,all,4,ba,512,0.4765625,1.468689168766372,0.7526744435275183,0.28832046473562956,0.053071900008944795,0,0,0,predictions/43_uci_internal_fixed_noise_brightness_to_blur_source_w4_all_ba.npz
stage_a_uci_v2,43,uci_internal_fixed,noise_brightness_to_blur,norm,none,0,ab,512,0.77734375,0.7562436362144684,0.3335623218259094,0.11552461653985491,0.060036099996068515,0,0,0,predictions/43_uci_internal_fixed_noise_brightness_to_blur_norm_w0_none_ab.npz
stage_a_uci_v2,43,uci_internal_fixed,noise_brightness_to_blur,norm,none,0,ba,512,0.77734375,0.7562436362144684,0.3335623218259094,0.11552461653985491,0.052181999999447726,0,0,0,predictions/43_uci_internal_fixed_noise_brightness_to_blur_norm_w0_none_ba.npz
stage_a_uci_v2,43,uci_internal_fixed,noise_brightness_to_blur,norm,all,0,ab,512,0.77734375,0.7562436362144684,0.3335623218259094,0.11552461653985491,0.05093129999295343,0,0,0,predictions/43_uci_internal_fixed_noise_brightness_to_blur_norm_w0_all_ab.npz
stage_a_uci_v2,43,uci_internal_fixed,noise_brightness_to_blur,norm,all,0,ba,512,0.77734375,0.7562436362144684,0.3335623218259094,0.11552461653985491,0.05347230000188574,0,0,0,predictions/43_uci_internal_fixed_noise_brightness_to_blur_norm_w0_all_ba.npz
stage_a_uci_v2,43,uci_internal_fixed,noise_brightness_to_blur,norm,none,4,ab,512,0.77734375,0.7562436362144684,0.3335623218259094,0.11552461653985491,0.057913800003007054,0,0,0,predictions/43_uci_internal_fixed_noise_brightness_to_blur_norm_w4_none_ab.npz
stage_a_uci_v2,43,uci_internal_fixed,noise_brightness_to_blur,norm,none,4,ba,512,0.77734375,0.7562436362144684,0.3335623218259094,0.11552461653985491,0.05243559999507852,0,0,0,predictions/43_uci_internal_fixed_noise_brightness_to_blur_norm_w4_none_ba.npz
stage_a_uci_v2,43,uci_internal_fixed,noise_brightness_to_blur,norm,all,4,ab,512,0.77734375,0.7562436362144684,0.3335623218259094,0.11552461653985491,0.0584932000056142,0,0,0,predictions/43_uci_internal_fixed_noise_brightness_to_blur_norm_w4_all_ab.npz
stage_a_uci_v2,43,uci_internal_fixed,noise_brightness_to_blur,norm,all,4,ba,512,0.77734375,0.7562436362144684,0.3335623218259094,0.11552461653985491,0.051242700006696396,0,0,0,predictions/43_uci_internal_fixed_noise_brightness_to_blur_norm_w4_all_ba.npz
stage_a_uci_v2,43,uci_internal_fixed,noise_brightness_to_blur,tent,none,0,ab,512,0.77734375,0.7553841243330894,0.3331505257989489,0.11584217607186911,0.10317399998893961,16,0,0,predictions/43_uci_internal_fixed_noise_brightness_to_blur_tent_w0_none_ab.npz
stage_a_uci_v2,43,uci_internal_fixed,noise_brightness_to_blur,tent,none,0,ba,512,0.77734375,0.7552157239919786,0.3331037570321169,0.11580494656187768,0.09408719999191817,16,0,0,predictions/43_uci_internal_fixed_noise_brightness_to_blur_tent_w0_none_ba.npz
stage_a_uci_v2,43,uci_internal_fixed,noise_brightness_to_blur,tent,parameters,0,ab,512,0.77734375,0.7548095779581389,0.3330484577333475,0.11566816382192205,0.13389130000723526,16,0,0,predictions/43_uci_internal_fixed_noise_brightness_to_blur_tent_w0_parameters_ab.npz
stage_a_uci_v2,43,uci_internal_fixed,noise_brightness_to_blur,tent,parameters,0,ba,512,0.77734375,0.7550380350887904,0.3331021105805304,0.11570320006725335,0.10626030000275932,16,0,0,predictions/43_uci_internal_fixed_noise_brightness_to_blur_tent_w0_parameters_ba.npz
stage_a_uci_v2,43,uci_internal_fixed,noise_brightness_to_blur,tent,optimizer,0,ab,512,0.77734375,0.7552593627230442,0.33313533055182987,0.11580659777505083,0.10384959999646526,16,0,0,predictions/43_uci_internal_fixed_noise_brightness_to_blur_tent_w0_optimizer_ab.npz
stage_a_uci_v2,43,uci_internal_fixed,noise_brightness_to_blur,tent,optimizer,0,ba,512,0.77734375,0.754859772726574,0.33303399387711885,0.11573421185704799,0.10329359999741428,16,0,0,predictions/43_uci_internal_fixed_noise_brightness_to_blur_tent_w0_optimizer_ba.npz
stage_a_uci_v2,43,uci_internal_fixed,noise_brightness_to_blur,tent,parameters_optimizer,0,ab,512,0.77734375,0.754686714556546,0.3330340044560777,0.11563242170494148,0.10658500000135973,16,0,0,predictions/43_uci_internal_fixed_noise_brightness_to_blur_tent_w0_parameters_optimizer_ab.npz
stage_a_uci_v2,43,uci_internal_fixed,noise_brightness_to_blur,tent,parameters_optimizer,0,ba,512,0.77734375,0.754686714556546,0.3330340044560777,0.11563242170494148,0.09827719999884721,16,0,0,predictions/43_uci_internal_fixed_noise_brightness_to_blur_tent_w0_parameters_optimizer_ba.npz
stage_a_uci_v2,43,uci_internal_fixed,noise_brightness_to_blur,tent,aux,0,ab,512,0.77734375,0.7553841243330894,0.3331505257989489,0.11584217607186911,0.10877190000610426,16,0,0,predictions/43_uci_internal_fixed_noise_brightness_to_blur_tent_w0_aux_ab.npz
stage_a_uci_v2,43,uci_internal_fixed,noise_brightness_to_blur,tent,aux,0,ba,512,0.77734375,0.7552157239919786,0.3331037570321169,0.11580494656187768,0.09131380000326317,16,0,0,predictions/43_uci_internal_fixed_noise_brightness_to_blur_tent_w0_aux_ba.npz
stage_a_uci_v2,43,uci_internal_fixed,noise_brightness_to_blur,tent,parameters_aux,0,ab,512,0.77734375,0.7548095779581389,0.3330484577333475,0.11566816382192205,0.09909509999852162,16,0,0,predictions/43_uci_internal_fixed_noise_brightness_to_blur_tent_w0_parameters_aux_ab.npz
stage_a_uci_v2,43,uci_internal_fixed,noise_brightness_to_blur,tent,parameters_aux,0,ba,512,0.77734375,0.7550380350887904,0.3331021105805304,0.11570320006725335,0.11168590000306722,16,0,0,predictions/43_uci_internal_fixed_noise_brightness_to_blur_tent_w0_parameters_aux_ba.npz
stage_a_uci_v2,43,uci_internal_fixed,noise_brightness_to_blur,tent,optimizer_aux,0,ab,512,0.77734375,0.7552593627230442,0.33313533055182987,0.11580659777505083,0.10924530000193045,16,0,0,predictions/43_uci_internal_fixed_noise_brightness_to_blur_tent_w0_optimizer_aux_ab.npz
stage_a_uci_v2,43,uci_internal_fixed,noise_brightness_to_blur,tent,optimizer_aux,0,ba,512,0.77734375,0.754859772726574,0.33303399387711885,0.11573421185704799,0.09450010000728071,16,0,0,predictions/43_uci_internal_fixed_noise_brightness_to_blur_tent_w0_optimizer_aux_ba.npz
stage_a_uci_v2,43,uci_internal_fixed,noise_brightness_to_blur,tent,parameters_optimizer_aux,0,ab,512,0.77734375,0.754686714556546,0.3330340044560777,0.11563242170494148,0.10256639998988248,16,0,0,predictions/43_uci_internal_fixed_noise_brightness_to_blur_tent_w0_parameters_optimizer_aux_ab.npz
stage_a_uci_v2,43,uci_internal_fixed,noise_brightness_to_blur,tent,parameters_optimizer_aux,0,ba,512,0.77734375,0.754686714556546,0.3330340044560777,0.11563242170494148,0.11440039999433793,16,0,0,predictions/43_uci_internal_fixed_noise_brightness_to_blur_tent_w0_parameters_optimizer_aux_ba.npz
stage_a_uci_v2,43,uci_internal_fixed,noise_brightness_to_blur,tent,all,0,ab,512,0.77734375,0.754686714556546,0.3330340044560777,0.11563242170494148,0.10585370000626426,16,0,0,predictions/43_uci_internal_fixed_noise_brightness_to_blur_tent_w0_all_ab.npz
stage_a_uci_v2,43,uci_internal_fixed,noise_brightness_to_blur,tent,all,0,ba,512,0.77734375,0.754686714556546,0.3330340044560777,0.11563242170494148,0.10023870000441093,16,0,0,predictions/43_uci_internal_fixed_noise_brightness_to_blur_tent_w0_all_ba.npz
stage_a_uci_v2,43,uci_internal_fixed,noise_brightness_to_blur,tent,none,4,ab,512,0.77734375,0.7536536060760055,0.33256003915684906,0.11594090163126627,0.11157490000186954,16,0,0,predictions/43_uci_internal_fixed_noise_brightness_to_blur_tent_w4_none_ab.npz
stage_a_uci_v2,43,uci_internal_fixed,noise_brightness_to_blur,tent,none,4,ba,512,0.77734375,0.7535443221554343,0.3325300279790102,0.11591642154243068,0.11877689999528229,16,0,0,predictions/43_uci_internal_fixed_noise_brightness_to_blur_tent_w4_none_ba.npz
stage_a_uci_v2,43,uci_internal_fixed,noise_brightness_to_blur,tent,parameters,4,ab,512,0.77734375,0.7537022748208251,0.33267981334520075,0.11571072621344923,0.09986580000258982,16,0,0,predictions/43_uci_internal_fixed_noise_brightness_to_blur_tent_w4_parameters_ab.npz
stage_a_uci_v2,43,uci_internal_fixed,noise_brightness_to_blur,tent,parameters,4,ba,512,0.77734375,0.7538547023645753,0.3327159129955049,0.11573380880025849,0.0933839000063017,16,0,0,predictions/43_uci_internal_fixed_noise_brightness_to_blur_tent_w4_parameters_ba.npz
stage_a_uci_v2,43,uci_internal_fixed,noise_brightness_to_blur,tent,optimizer,4,ab,512,0.77734375,0.7546309010141614,0.3329113633865587,0.11586357659495708,0.10386240000661928,16,0,0,predictions/43_uci_internal_fixed_noise_brightness_to_blur_tent_w4_optimizer_ab.npz
stage_a_uci_v2,43,uci_internal_fixed,noise_brightness_to_blur,tent,optimizer,4,ba,512,0.77734375,0.7543670888302085,0.3328444042399963,0.11581619719054972,0.10165979999874253,16,0,0,predictions/43_uci_internal_fixed_noise_brightness_to_blur_tent_w4_optimizer_ba.npz
stage_a_uci_v2,43,uci_internal_fixed,noise_brightness_to_blur,tent,parameters_optimizer,4,ab,512,0.77734375,0.754686714556546,0.3330340044560777,0.11563242170494148,0.1023468000057619,16,0,0,predictions/43_uci_internal_fixed_noise_brightness_to_blur_tent_w4_parameters_optimizer_ab.npz
stage_a_uci_v2,43,uci_internal_fixed,noise_brightness_to_blur,tent,parameters_optimizer,4,ba,512,0.77734375,0.754686714556546,0.3330340044560777,0.11563242170494148,0.09725170000456274,16,0,0,predictions/43_uci_internal_fixed_noise_brightness_to_blur_tent_w4_parameters_optimizer_ba.npz
stage_a_uci_v2,43,uci_internal_fixed,noise_brightness_to_blur,tent,aux,4,ab,512,0.77734375,0.7536536060760055,0.33256003915684906,0.11594090163126627,0.0965009000065038,16,0,0,predictions/43_uci_internal_fixed_noise_brightness_to_blur_tent_w4_aux_ab.npz
stage_a_uci_v2,43,uci_internal_fixed,noise_brightness_to_blur,tent,aux,4,ba,512,0.77734375,0.7535443221554343,0.3325300279790102,0.11591642154243068,0.09633460000623018,16,0,0,predictions/43_uci_internal_fixed_noise_brightness_to_blur_tent_w4_aux_ba.npz
stage_a_uci_v2,43,uci_internal_fixed,noise_brightness_to_blur,tent,parameters_aux,4,ab,512,0.77734375,0.7537022748208251,0.33267981334520075,0.11571072621344923,0.1038000000116881,16,0,0,predictions/43_uci_internal_fixed_noise_brightness_to_blur_tent_w4_parameters_aux_ab.npz
stage_a_uci_v2,43,uci_internal_fixed,noise_brightness_to_blur,tent,parameters_aux,4,ba,512,0.77734375,0.7538547023645753,0.3327159129955049,0.11573380880025849,0.11224640000727959,16,0,0,predictions/43_uci_internal_fixed_noise_brightness_to_blur_tent_w4_parameters_aux_ba.npz
stage_a_uci_v2,43,uci_internal_fixed,noise_brightness_to_blur,tent,optimizer_aux,4,ab,512,0.77734375,0.7546309010141614,0.3329113633865587,0.11586357659495708,0.10449630000221077,16,0,0,predictions/43_uci_internal_fixed_noise_brightness_to_blur_tent_w4_optimizer_aux_ab.npz
stage_a_uci_v2,43,uci_internal_fixed,noise_brightness_to_blur,tent,optimizer_aux,4,ba,512,0.77734375,0.7543670888302085,0.3328444042399963,0.11581619719054972,0.09727260000363458,16,0,0,predictions/43_uci_internal_fixed_noise_brightness_to_blur_tent_w4_optimizer_aux_ba.npz
stage_a_uci_v2,43,uci_internal_fixed,noise_brightness_to_blur,tent,parameters_optimizer_aux,4,ab,512,0.77734375,0.754686714556546,0.3330340044560777,0.11563242170494148,0.09100429998943582,16,0,0,predictions/43_uci_internal_fixed_noise_brightness_to_blur_tent_w4_parameters_optimizer_aux_ab.npz
stage_a_uci_v2,43,uci_internal_fixed,noise_brightness_to_blur,tent,parameters_optimizer_aux,4,ba,512,0.77734375,0.754686714556546,0.3330340044560777,0.11563242170494148,0.09601949999341741,16,0,0,predictions/43_uci_internal_fixed_noise_brightness_to_blur_tent_w4_parameters_optimizer_aux_ba.npz
stage_a_uci_v2,43,uci_internal_fixed,noise_brightness_to_blur,tent,all,4,ab,512,0.77734375,0.754686714556546,0.3330340044560777,0.11563242170494148,0.10700740000174847,16,0,0,predictions/43_uci_internal_fixed_noise_brightness_to_blur_tent_w4_all_ab.npz
stage_a_uci_v2,43,uci_internal_fixed,noise_brightness_to_blur,tent,all,4,ba,512,0.77734375,0.754686714556546,0.3330340044560777,0.11563242170494148,0.1008255999913672,16,0,0,predictions/43_uci_internal_fixed_noise_brightness_to_blur_tent_w4_all_ba.npz
stage_a_uci_v2,43,uci_internal_fixed,noise_brightness_to_blur,sar_complete,none,0,ab,512,0.77734375,0.7562410801316872,0.3335572935938803,0.11552472683627182,0.17342080001253635,16,0,11,predictions/43_uci_internal_fixed_noise_brightness_to_blur_sar_complete_w0_none_ab.npz
stage_a_uci_v2,43,uci_internal_fixed,noise_brightness_to_blur,sar_complete,none,0,ba,512,0.77734375,0.7562410801316872,0.3335572935938803,0.11552472683627182,0.1780750000034459,16,0,11,predictions/43_uci_internal_fixed_noise_brightness_to_blur_sar_complete_w0_none_ba.npz
stage_a_uci_v2,43,uci_internal_fixed,noise_brightness_to_blur,sar_complete,parameters,0,ab,512,0.77734375,0.7562410801316872,0.3335572935938803,0.11552472683627182,0.1884966999932658,16,0,11,predictions/43_uci_internal_fixed_noise_brightness_to_blur_sar_complete_w0_parameters_ab.npz
stage_a_uci_v2,43,uci_internal_fixed,noise_brightness_to_blur,sar_complete,parameters,0,ba,512,0.77734375,0.7562410801316872,0.3335572935938803,0.11552472683627182,0.17212950000248384,16,0,11,predictions/43_uci_internal_fixed_noise_brightness_to_blur_sar_complete_w0_parameters_ba.npz
stage_a_uci_v2,43,uci_internal_fixed,noise_brightness_to_blur,sar_complete,optimizer,0,ab,512,0.77734375,0.7562410801316872,0.3335572935938803,0.11552472683627182,0.15412170000490732,16,0,11,predictions/43_uci_internal_fixed_noise_brightness_to_blur_sar_complete_w0_optimizer_ab.npz
stage_a_uci_v2,43,uci_internal_fixed,noise_brightness_to_blur,sar_complete,optimizer,0,ba,512,0.77734375,0.7562410801316872,0.3335572935938803,0.11552472683627182,0.1760844999953406,16,0,11,predictions/43_uci_internal_fixed_noise_brightness_to_blur_sar_complete_w0_optimizer_ba.npz
stage_a_uci_v2,43,uci_internal_fixed,noise_brightness_to_blur,sar_complete,parameters_optimizer,0,ab,512,0.77734375,0.7562410801316872,0.3335572935938803,0.11552472683627182,0.16635759999917354,16,0,11,predictions/43_uci_internal_fixed_noise_brightness_to_blur_sar_complete_w0_parameters_optimizer_ab.npz
stage_a_uci_v2,43,uci_internal_fixed,noise_brightness_to_blur,sar_complete,parameters_optimizer,0,ba,512,0.77734375,0.7562410801316872,0.3335572935938803,0.11552472683627182,0.15407970000524074,16,0,11,predictions/43_uci_internal_fixed_noise_brightness_to_blur_sar_complete_w0_parameters_optimizer_ba.npz
stage_a_uci_v2,43,uci_internal_fixed,noise_brightness_to_blur,sar_complete,aux,0,ab,512,0.77734375,0.7544481808589543,0.33296911154327874,0.11563559420642022,0.14189639998949133,16,0,0,predictions/43_uci_internal_fixed_noise_brightness_to_blur_sar_complete_w0_aux_ab.npz
stage_a_uci_v2,43,uci_internal_fixed,noise_brightness_to_blur,sar_complete,aux,0,ba,512,0.77734375,0.7544481808589543,0.33296911154327874,0.11563559420642022,0.14001059999282006,16,0,0,predictions/43_uci_internal_fixed_noise_brightness_to_blur_sar_complete_w0_aux_ba.npz
stage_a_uci_v2,43,uci_internal_fixed,noise_brightness_to_blur,sar_complete,parameters_aux,0,ab,512,0.77734375,0.7544481808589543,0.33296911154327874,0.11563559420642022,0.13834430000861175,16,0,0,predictions/43_uci_internal_fixed_noise_brightness_to_blur_sar_complete_w0_parameters_aux_ab.npz
stage_a_uci_v2,43,uci_internal_fixed,noise_brightness_to_blur,sar_complete,parameters_aux,0,ba,512,0.77734375,0.7544481808589543,0.33296911154327874,0.11563559420642022,0.18040870000550058,16,0,0,predictions/43_uci_internal_fixed_noise_brightness_to_blur_sar_complete_w0_parameters_aux_ba.npz
stage_a_uci_v2,43,uci_internal_fixed,noise_brightness_to_blur,sar_complete,optimizer_aux,0,ab,512,0.77734375,0.7544481808589543,0.33296911154327874,0.11563559420642022,0.2287843999947654,16,0,0,predictions/43_uci_internal_fixed_noise_brightness_to_blur_sar_complete_w0_optimizer_aux_ab.npz
stage_a_uci_v2,43,uci_internal_fixed,noise_brightness_to_blur,sar_complete,optimizer_aux,0,ba,512,0.77734375,0.7544481808589543,0.33296911154327874,0.11563559420642022,0.23924900000565685,16,0,0,predictions/43_uci_internal_fixed_noise_brightness_to_blur_sar_complete_w0_optimizer_aux_ba.npz
stage_a_uci_v2,43,uci_internal_fixed,noise_brightness_to_blur,sar_complete,parameters_optimizer_aux,0,ab,512,0.77734375,0.7544481808589543,0.33296911154327874,0.11563559420642022,0.16475029999855906,16,0,0,predictions/43_uci_internal_fixed_noise_brightness_to_blur_sar_complete_w0_parameters_optimizer_aux_ab.npz
stage_a_uci_v2,43,uci_internal_fixed,noise_brightness_to_blur,sar_complete,parameters_optimizer_aux,0,ba,512,0.77734375,0.7544481808589543,0.33296911154327874,0.11563559420642022,0.17551080000703223,16,0,0,predictions/43_uci_internal_fixed_noise_brightness_to_blur_sar_complete_w0_parameters_optimizer_aux_ba.npz
stage_a_uci_v2,43,uci_internal_fixed,noise_brightness_to_blur,sar_complete,all,0,ab,512,0.77734375,0.7544481808589543,0.33296911154327874,0.11563559420642022,0.22623149999708403,16,0,0,predictions/43_uci_internal_fixed_noise_brightness_to_blur_sar_complete_w0_all_ab.npz
stage_a_uci_v2,43,uci_internal_fixed,noise_brightness_to_blur,sar_complete,all,0,ba,512,0.77734375,0.7544481808589543,0.33296911154327874,0.11563559420642022,0.16349279999849387,16,0,0,predictions/43_uci_internal_fixed_noise_brightness_to_blur_sar_complete_w0_all_ba.npz
stage_a_uci_v2,43,uci_internal_fixed,noise_brightness_to_blur,sar_complete,none,4,ab,512,0.77734375,0.7563990438972216,0.3335953894539006,0.11553450933287092,0.17277580000518356,16,0,7,predictions/43_uci_internal_fixed_noise_brightness_to_blur_sar_complete_w4_none_ab.npz
stage_a_uci_v2,43,uci_internal_fixed,noise_brightness_to_blur,sar_complete,none,4,ba,512,0.77734375,0.7563990438972216,0.3335953894539006,0.11553450933287092,0.17001669999444857,16,0,7,predictions/43_uci_internal_fixed_noise_brightness_to_blur_sar_complete_w4_none_ba.npz
stage_a_uci_v2,43,uci_internal_fixed,noise_brightness_to_blur,sar_complete,parameters,4,ab,512,0.77734375,0.7563990438972216,0.3335953894539006,0.11553450933287092,0.1699030000017956,16,0,7,predictions/43_uci_internal_fixed_noise_brightness_to_blur_sar_complete_w4_parameters_ab.npz
stage_a_uci_v2,43,uci_internal_fixed,noise_brightness_to_blur,sar_complete,parameters,4,ba,512,0.77734375,0.7563990438972216,0.3335953894539006,0.11553450933287092,0.2943347999971593,16,0,7,predictions/43_uci_internal_fixed_noise_brightness_to_blur_sar_complete_w4_parameters_ba.npz
stage_a_uci_v2,43,uci_internal_fixed,noise_brightness_to_blur,sar_complete,optimizer,4,ab,512,0.77734375,0.7563990438972216,0.3335953894539006,0.11553450933287092,0.17745629999262746,16,0,7,predictions/43_uci_internal_fixed_noise_brightness_to_blur_sar_complete_w4_optimizer_ab.npz
stage_a_uci_v2,43,uci_internal_fixed,noise_brightness_to_blur,sar_complete,optimizer,4,ba,512,0.77734375,0.7563990438972216,0.3335953894539006,0.11553450933287092,0.16347420000238344,16,0,7,predictions/43_uci_internal_fixed_noise_brightness_to_blur_sar_complete_w4_optimizer_ba.npz
stage_a_uci_v2,43,uci_internal_fixed,noise_brightness_to_blur,sar_complete,parameters_optimizer,4,ab,512,0.77734375,0.7563990438972216,0.3335953894539006,0.11553450933287092,0.2365014999959385,16,0,7,predictions/43_uci_internal_fixed_noise_brightness_to_blur_sar_complete_w4_parameters_optimizer_ab.npz
stage_a_uci_v2,43,uci_internal_fixed,noise_brightness_to_blur,sar_complete,parameters_optimizer,4,ba,512,0.77734375,0.7563990438972216,0.3335953894539006,0.11553450933287092,0.16534149998915382,16,0,7,predictions/43_uci_internal_fixed_noise_brightness_to_blur_sar_complete_w4_parameters_optimizer_ba.npz
stage_a_uci_v2,43,uci_internal_fixed,noise_brightness_to_blur,sar_complete,aux,4,ab,512,0.77734375,0.7544481808589543,0.33296911154327874,0.11563559420642022,0.17563979999977164,16,0,0,predictions/43_uci_internal_fixed_noise_brightness_to_blur_sar_complete_w4_aux_ab.npz
stage_a_uci_v2,43,uci_internal_fixed,noise_brightness_to_blur,sar_complete,aux,4,ba,512,0.77734375,0.7544481808589543,0.33296911154327874,0.11563559420642022,0.2103854000015417,16,0,0,predictions/43_uci_internal_fixed_noise_brightness_to_blur_sar_complete_w4_aux_ba.npz
stage_a_uci_v2,43,uci_internal_fixed,noise_brightness_to_blur,sar_complete,parameters_aux,4,ab,512,0.77734375,0.7544481808589543,0.33296911154327874,0.11563559420642022,0.1617807000002358,16,0,0,predictions/43_uci_internal_fixed_noise_brightness_to_blur_sar_complete_w4_parameters_aux_ab.npz
stage_a_uci_v2,43,uci_internal_fixed,noise_brightness_to_blur,sar_complete,parameters_aux,4,ba,512,0.77734375,0.7544481808589543,0.33296911154327874,0.11563559420642022,0.17971660000330303,16,0,0,predictions/43_uci_internal_fixed_noise_brightness_to_blur_sar_complete_w4_parameters_aux_ba.npz
stage_a_uci_v2,43,uci_internal_fixed,noise_brightness_to_blur,sar_complete,optimizer_aux,4,ab,512,0.77734375,0.7544481808589543,0.33296911154327874,0.11563559420642022,0.20333439999376424,16,0,0,predictions/43_uci_internal_fixed_noise_brightness_to_blur_sar_complete_w4_optimizer_aux_ab.npz
stage_a_uci_v2,43,uci_internal_fixed,noise_brightness_to_blur,sar_complete,optimizer_aux,4,ba,512,0.77734375,0.7544481808589543,0.33296911154327874,0.11563559420642022,0.1699023999972269,16,0,0,predictions/43_uci_internal_fixed_noise_brightness_to_blur_sar_complete_w4_optimizer_aux_ba.npz
stage_a_uci_v2,43,uci_internal_fixed,noise_brightness_to_blur,sar_complete,parameters_optimizer_aux,4,ab,512,0.77734375,0.7544481808589543,0.33296911154327874,0.11563559420642022,0.1684021999972174,16,0,0,predictions/43_uci_internal_fixed_noise_brightness_to_blur_sar_complete_w4_parameters_optimizer_aux_ab.npz
stage_a_uci_v2,43,uci_internal_fixed,noise_brightness_to_blur,sar_complete,parameters_optimizer_aux,4,ba,512,0.77734375,0.7544481808589543,0.33296911154327874,0.11563559420642022,0.2479170000005979,16,0,0,predictions/43_uci_internal_fixed_noise_brightness_to_blur_sar_complete_w4_parameters_optimizer_aux_ba.npz
stage_a_uci_v2,43,uci_internal_fixed,noise_brightness_to_blur,sar_complete,all,4,ab,512,0.77734375,0.7544481808589543,0.33296911154327874,0.11563559420642022,0.2413698000018485,16,0,0,predictions/43_uci_internal_fixed_noise_brightness_to_blur_sar_complete_w4_all_ab.npz
stage_a_uci_v2,43,uci_internal_fixed,noise_brightness_to_blur,sar_complete,all,4,ba,512,0.77734375,0.7544481808589543,0.33296911154327874,0.11563559420642022,0.18755760000203736,16,0,0,predictions/43_uci_internal_fixed_noise_brightness_to_blur_sar_complete_w4_all_ba.npz
stage_a_uci_v2,43,uci_internal_fixed,blur_noise_to_clean,source,none,0,ab,512,0.984375,0.055891827362228384,0.027316686752561815,0.012423026396667751,0.056902299998910166,0,0,0,predictions/43_uci_internal_fixed_blur_noise_to_clean_source_w0_none_ab.npz
stage_a_uci_v2,43,uci_internal_fixed,blur_noise_to_clean,source,none,0,ba,512,0.984375,0.055891827362228384,0.027316686752561815,0.012423026396667751,0.037197700003162026,0,0,0,predictions/43_uci_internal_fixed_blur_noise_to_clean_source_w0_none_ba.npz
stage_a_uci_v2,43,uci_internal_fixed,blur_noise_to_clean,source,all,0,ab,512,0.984375,0.055891827362228384,0.027316686752561815,0.012423026396667751,0.04243709999718703,0,0,0,predictions/43_uci_internal_fixed_blur_noise_to_clean_source_w0_all_ab.npz
stage_a_uci_v2,43,uci_internal_fixed,blur_noise_to_clean,source,all,0,ba,512,0.984375,0.055891827362228384,0.027316686752561815,0.012423026396667751,0.045088999992003664,0,0,0,predictions/43_uci_internal_fixed_blur_noise_to_clean_source_w0_all_ba.npz
stage_a_uci_v2,43,uci_internal_fixed,blur_noise_to_clean,source,none,4,ab,512,0.984375,0.055891827362228384,0.027316686752561815,0.012423026396667751,0.041596600000048056,0,0,0,predictions/43_uci_internal_fixed_blur_noise_to_clean_source_w4_none_ab.npz
stage_a_uci_v2,43,uci_internal_fixed,blur_noise_to_clean,source,none,4,ba,512,0.984375,0.055891827362228384,0.027316686752561815,0.012423026396667751,0.03967030000058003,0,0,0,predictions/43_uci_internal_fixed_blur_noise_to_clean_source_w4_none_ba.npz
stage_a_uci_v2,43,uci_internal_fixed,blur_noise_to_clean,source,all,4,ab,512,0.984375,0.055891827362228384,0.027316686752561815,0.012423026396667751,0.04264260000491049,0,0,0,predictions/43_uci_internal_fixed_blur_noise_to_clean_source_w4_all_ab.npz
stage_a_uci_v2,43,uci_internal_fixed,blur_noise_to_clean,source,all,4,ba,512,0.984375,0.055891827362228384,0.027316686752561815,0.012423026396667751,0.04021940000529867,0,0,0,predictions/43_uci_internal_fixed_blur_noise_to_clean_source_w4_all_ba.npz
stage_a_uci_v2,43,uci_internal_fixed,blur_noise_to_clean,norm,none,0,ab,512,0.984375,0.05661794189454341,0.02766479686153689,0.01011854509243159,0.042776800008141436,0,0,0,predictions/43_uci_internal_fixed_blur_noise_to_clean_norm_w0_none_ab.npz
stage_a_uci_v2,43,uci_internal_fixed,blur_noise_to_clean,norm,none,0,ba,512,0.984375,0.05661794189454341,0.02766479686153689,0.01011854509243159,0.048057100008009,0,0,0,predictions/43_uci_internal_fixed_blur_noise_to_clean_norm_w0_none_ba.npz
stage_a_uci_v2,43,uci_internal_fixed,blur_noise_to_clean,norm,all,0,ab,512,0.984375,0.05661794189454341,0.02766479686153689,0.01011854509243159,0.04763610000372864,0,0,0,predictions/43_uci_internal_fixed_blur_noise_to_clean_norm_w0_all_ab.npz
stage_a_uci_v2,43,uci_internal_fixed,blur_noise_to_clean,norm,all,0,ba,512,0.984375,0.05661794189454341,0.02766479686153689,0.01011854509243159,0.046643699999549426,0,0,0,predictions/43_uci_internal_fixed_blur_noise_to_clean_norm_w0_all_ba.npz
stage_a_uci_v2,43,uci_internal_fixed,blur_noise_to_clean,norm,none,4,ab,512,0.984375,0.05661794189454341,0.02766479686153689,0.01011854509243159,0.052833099995041266,0,0,0,predictions/43_uci_internal_fixed_blur_noise_to_clean_norm_w4_none_ab.npz
stage_a_uci_v2,43,uci_internal_fixed,blur_noise_to_clean,norm,none,4,ba,512,0.984375,0.05661794189454341,0.02766479686153689,0.01011854509243159,0.04008880000037607,0,0,0,predictions/43_uci_internal_fixed_blur_noise_to_clean_norm_w4_none_ba.npz
stage_a_uci_v2,43,uci_internal_fixed,blur_noise_to_clean,norm,all,4,ab,512,0.984375,0.05661794189454341,0.02766479686153689,0.01011854509243159,0.04134680000424851,0,0,0,predictions/43_uci_internal_fixed_blur_noise_to_clean_norm_w4_all_ab.npz
stage_a_uci_v2,43,uci_internal_fixed,blur_noise_to_clean,norm,all,4,ba,512,0.984375,0.05661794189454341,0.02766479686153689,0.01011854509243159,0.04300340000190772,0,0,0,predictions/43_uci_internal_fixed_blur_noise_to_clean_norm_w4_all_ba.npz
stage_a_uci_v2,43,uci_internal_fixed,blur_noise_to_clean,tent,none,0,ab,512,0.984375,0.056670331992731776,0.027710309414291145,0.011429195208377138,0.09697379999852274,16,0,0,predictions/43_uci_internal_fixed_blur_noise_to_clean_tent_w0_none_ab.npz
stage_a_uci_v2,43,uci_internal_fixed,blur_noise_to_clean,tent,none,0,ba,512,0.984375,0.05667146590343491,0.027710521050213134,0.011429110263429871,0.09092190000228584,16,0,0,predictions/43_uci_internal_fixed_blur_noise_to_clean_tent_w0_none_ba.npz
stage_a_uci_v2,43,uci_internal_fixed,blur_noise_to_clean,tent,parameters,0,ab,512,0.984375,0.05664155669960374,0.027683748823335585,0.010119928507496757,0.08030269999289885,16,0,0,predictions/43_uci_internal_fixed_blur_noise_to_clean_tent_w0_parameters_ab.npz
stage_a_uci_v2,43,uci_internal_fixed,blur_noise_to_clean,tent,parameters,0,ba,512,0.984375,0.056627870902450105,0.02767286702893623,0.01012080648352584,0.09147400000074413,16,0,0,predictions/43_uci_internal_fixed_blur_noise_to_clean_tent_w0_parameters_ba.npz
stage_a_uci_v2,43,uci_internal_fixed,blur_noise_to_clean,tent,optimizer,0,ab,512,0.984375,0.0566470274397468,0.02769224848459902,0.01012254261964449,0.09638560000166763,16,0,0,predictions/43_uci_internal_fixed_blur_noise_to_clean_tent_w0_optimizer_ab.npz
stage_a_uci_v2,43,uci_internal_fixed,blur_noise_to_clean,tent,optimizer,0,ba,512,0.984375,0.05666186401886265,0.02770322378273182,0.011423324573824898,0.08952749999298248,16,0,0,predictions/43_uci_internal_fixed_blur_noise_to_clean_tent_w0_optimizer_ba.npz
stage_a_uci_v2,43,uci_internal_fixed,blur_noise_to_clean,tent,parameters_optimizer,0,ab,512,0.984375,0.05661832375306842,0.02766574760802053,0.01011685974894596,0.092561299999943,16,0,0,predictions/43_uci_internal_fixed_blur_noise_to_clean_tent_w0_parameters_optimizer_ab.npz
stage_a_uci_v2,43,uci_internal_fixed,blur_noise_to_clean,tent,parameters_optimizer,0,ba,512,0.984375,0.05661832375306842,0.02766574760802053,0.01011685974894596,0.08970750001026317,16,0,0,predictions/43_uci_internal_fixed_blur_noise_to_clean_tent_w0_parameters_optimizer_ba.npz
stage_a_uci_v2,43,uci_internal_fixed,blur_noise_to_clean,tent,aux,0,ab,512,0.984375,0.056670331992731776,0.027710309414291145,0.011429195208377138,0.08579270000336692,16,0,0,predictions/43_uci_internal_fixed_blur_noise_to_clean_tent_w0_aux_ab.npz
stage_a_uci_v2,43,uci_internal_fixed,blur_noise_to_clean,tent,aux,0,ba,512,0.984375,0.05667146590343491,0.027710521050213134,0.011429110263429871,0.08264880000206176,16,0,0,predictions/43_uci_internal_fixed_blur_noise_to_clean_tent_w0_aux_ba.npz
stage_a_uci_v2,43,uci_internal_fixed,blur_noise_to_clean,tent,parameters_aux,0,ab,512,0.984375,0.05664155669960374,0.027683748823335585,0.010119928507496757,0.08083609999448527,16,0,0,predictions/43_uci_internal_fixed_blur_noise_to_clean_tent_w0_parameters_aux_ab.npz
stage_a_uci_v2,43,uci_internal_fixed,blur_noise_to_clean,tent,parameters_aux,0,ba,512,0.984375,0.056627870902450105,0.02767286702893623,0.01012080648352584,0.08243799999763723,16,0,0,predictions/43_uci_internal_fixed_blur_noise_to_clean_tent_w0_parameters_aux_ba.npz
stage_a_uci_v2,43,uci_internal_fixed,blur_noise_to_clean,tent,optimizer_aux,0,ab,512,0.984375,0.0566470274397468,0.02769224848459902,0.01012254261964449,0.10856690000218805,16,0,0,predictions/43_uci_internal_fixed_blur_noise_to_clean_tent_w0_optimizer_aux_ab.npz
stage_a_uci_v2,43,uci_internal_fixed,blur_noise_to_clean,tent,optimizer_aux,0,ba,512,0.984375,0.05666186401886265,0.02770322378273182,0.011423324573824898,0.09686210000654683,16,0,0,predictions/43_uci_internal_fixed_blur_noise_to_clean_tent_w0_optimizer_aux_ba.npz
stage_a_uci_v2,43,uci_internal_fixed,blur_noise_to_clean,tent,parameters_optimizer_aux,0,ab,512,0.984375,0.05661832375306842,0.02766574760802053,0.01011685974894596,0.10442540000076406,16,0,0,predictions/43_uci_internal_fixed_blur_noise_to_clean_tent_w0_parameters_optimizer_aux_ab.npz
stage_a_uci_v2,43,uci_internal_fixed,blur_noise_to_clean,tent,parameters_optimizer_aux,0,ba,512,0.984375,0.05661832375306842,0.02766574760802053,0.01011685974894596,0.11209039999812376,16,0,0,predictions/43_uci_internal_fixed_blur_noise_to_clean_tent_w0_parameters_optimizer_aux_ba.npz
stage_a_uci_v2,43,uci_internal_fixed,blur_noise_to_clean,tent,all,0,ab,512,0.984375,0.05661832375306842,0.02766574760802053,0.01011685974894596,0.1003766999929212,16,0,0,predictions/43_uci_internal_fixed_blur_noise_to_clean_tent_w0_all_ab.npz
stage_a_uci_v2,43,uci_internal_fixed,blur_noise_to_clean,tent,all,0,ba,512,0.984375,0.05661832375306842,0.02766574760802053,0.01011685974894596,0.09894440000061877,16,0,0,predictions/43_uci_internal_fixed_blur_noise_to_clean_tent_w0_all_ba.npz
stage_a_uci_v2,43,uci_internal_fixed,blur_noise_to_clean,tent,none,4,ab,512,0.984375,0.05665730164369419,0.02770579500650194,0.01142454464066417,0.11585660000855569,16,0,0,predictions/43_uci_internal_fixed_blur_noise_to_clean_tent_w4_none_ab.npz
stage_a_uci_v2,43,uci_internal_fixed,blur_noise_to_clean,tent,none,4,ba,512,0.984375,0.05665799817685853,0.027705840511050434,0.011424517540444174,0.26587540000036824,16,0,0,predictions/43_uci_internal_fixed_blur_noise_to_clean_tent_w4_none_ba.npz
stage_a_uci_v2,43,uci_internal_fixed,blur_noise_to_clean,tent,parameters,4,ab,512,0.984375,0.056620335476631395,0.027671457821023596,0.010116766698663066,0.14141060000110883,16,0,0,predictions/43_uci_internal_fixed_blur_noise_to_clean_tent_w4_parameters_ab.npz
stage_a_uci_v2,43,uci_internal_fixed,blur_noise_to_clean,tent,parameters,4,ba,512,0.984375,0.05661137012357476,0.027664340339940866,0.01011734199658423,0.11528459998953622,16,0,0,predictions/43_uci_internal_fixed_blur_noise_to_clean_tent_w4_parameters_ba.npz
stage_a_uci_v2,43,uci_internal_fixed,blur_noise_to_clean,tent,optimizer,4,ab,512,0.984375,0.05665538125845043,0.027700197454719064,0.010122457067111783,0.09991429999354295,16,0,0,predictions/43_uci_internal_fixed_blur_noise_to_clean_tent_w4_optimizer_ab.npz
stage_a_uci_v2,43,uci_internal_fixed,blur_noise_to_clean,tent,optimizer,4,ba,512,0.984375,0.05666509684494881,0.027707331556064644,0.011424536787666514,0.0891733999887947,16,0,0,predictions/43_uci_internal_fixed_blur_noise_to_clean_tent_w4_optimizer_ba.npz
stage_a_uci_v2,43,uci_internal_fixed,blur_noise_to_clean,tent,parameters_optimizer,4,ab,512,0.984375,0.05661832375306842,0.02766574760802053,0.01011685974894596,0.110627599991858,16,0,0,predictions/43_uci_internal_fixed_blur_noise_to_clean_tent_w4_parameters_optimizer_ab.npz
stage_a_uci_v2,43,uci_internal_fixed,blur_noise_to_clean,tent,parameters_optimizer,4,ba,512,0.984375,0.05661832375306842,0.02766574760802053,0.01011685974894596,0.11065180000150576,16,0,0,predictions/43_uci_internal_fixed_blur_noise_to_clean_tent_w4_parameters_optimizer_ba.npz
stage_a_uci_v2,43,uci_internal_fixed,blur_noise_to_clean,tent,aux,4,ab,512,0.984375,0.05665730164369419,0.02770579500650194,0.01142454464066417,0.0995076999970479,16,0,0,predictions/43_uci_internal_fixed_blur_noise_to_clean_tent_w4_aux_ab.npz
stage_a_uci_v2,43,uci_internal_fixed,blur_noise_to_clean,tent,aux,4,ba,512,0.984375,0.05665799817685853,0.027705840511050434,0.011424517540444174,0.09902530000545084,16,0,0,predictions/43_uci_internal_fixed_blur_noise_to_clean_tent_w4_aux_ba.npz
stage_a_uci_v2,43,uci_internal_fixed,blur_noise_to_clean,tent,parameters_aux,4,ab,512,0.984375,0.056620335476631395,0.027671457821023596,0.010116766698663066,0.09265510000113863,16,0,0,predictions/43_uci_internal_fixed_blur_noise_to_clean_tent_w4_parameters_aux_ab.npz
stage_a_uci_v2,43,uci_internal_fixed,blur_noise_to_clean,tent,parameters_aux,4,ba,512,0.984375,0.05661137012357476,0.027664340339940866,0.01011734199658423,0.09174590000475291,16,0,0,predictions/43_uci_internal_fixed_blur_noise_to_clean_tent_w4_parameters_aux_ba.npz
stage_a_uci_v2,43,uci_internal_fixed,blur_noise_to_clean,tent,optimizer_aux,4,ab,512,0.984375,0.05665538125845043,0.027700197454719064,0.010122457067111783,0.11032659999909811,16,0,0,predictions/43_uci_internal_fixed_blur_noise_to_clean_tent_w4_optimizer_aux_ab.npz
stage_a_uci_v2,43,uci_internal_fixed,blur_noise_to_clean,tent,optimizer_aux,4,ba,512,0.984375,0.05666509684494881,0.027707331556064644,0.011424536787666514,0.09069980001368094,16,0,0,predictions/43_uci_internal_fixed_blur_noise_to_clean_tent_w4_optimizer_aux_ba.npz
stage_a_uci_v2,43,uci_internal_fixed,blur_noise_to_clean,tent,parameters_optimizer_aux,4,ab,512,0.984375,0.05661832375306842,0.02766574760802053,0.01011685974894596,0.08505539999168832,16,0,0,predictions/43_uci_internal_fixed_blur_noise_to_clean_tent_w4_parameters_optimizer_aux_ab.npz
stage_a_uci_v2,43,uci_internal_fixed,blur_noise_to_clean,tent,parameters_optimizer_aux,4,ba,512,0.984375,0.05661832375306842,0.02766574760802053,0.01011685974894596,0.08378909999737516,16,0,0,predictions/43_uci_internal_fixed_blur_noise_to_clean_tent_w4_parameters_optimizer_aux_ba.npz
stage_a_uci_v2,43,uci_internal_fixed,blur_noise_to_clean,tent,all,4,ab,512,0.984375,0.05661832375306842,0.02766574760802053,0.01011685974894596,0.08785579999675974,16,0,0,predictions/43_uci_internal_fixed_blur_noise_to_clean_tent_w4_all_ab.npz
stage_a_uci_v2,43,uci_internal_fixed,blur_noise_to_clean,tent,all,4,ba,512,0.984375,0.05661832375306842,0.02766574760802053,0.01011685974894596,0.0886373000103049,16,0,0,predictions/43_uci_internal_fixed_blur_noise_to_clean_tent_w4_all_ba.npz
stage_a_uci_v2,43,uci_internal_fixed,blur_noise_to_clean,sar_complete,none,0,ab,512,0.984375,0.05661441535199715,0.027664404100115777,0.010121931272937666,0.1581995000015013,16,0,16,predictions/43_uci_internal_fixed_blur_noise_to_clean_sar_complete_w0_none_ab.npz
stage_a_uci_v2,43,uci_internal_fixed,blur_noise_to_clean,sar_complete,none,0,ba,512,0.984375,0.05661783470525689,0.027664784970815225,0.010118648042112065,0.18474340000830125,16,0,16,predictions/43_uci_internal_fixed_blur_noise_to_clean_sar_complete_w0_none_ba.npz
stage_a_uci_v2,43,uci_internal_fixed,blur_noise_to_clean,sar_complete,parameters,0,ab,512,0.984375,0.05661794189454341,0.02766479686153689,0.01011854509243159,0.20625979999022093,16,0,16,predictions/43_uci_internal_fixed_blur_noise_to_clean_sar_complete_w0_parameters_ab.npz
stage_a_uci_v2,43,uci_internal_fixed,blur_noise_to_clean,sar_complete,parameters,0,ba,512,0.984375,0.05661794189454341,0.02766479686153689,0.01011854509243159,0.20221059999312274,16,0,16,predictions/43_uci_internal_fixed_blur_noise_to_clean_sar_complete_w0_parameters_ba.npz
stage_a_uci_v2,43,uci_internal_fixed,blur_noise_to_clean,sar_complete,optimizer,0,ab,512,0.984375,0.05661441535199715,0.027664404100115777,0.010121931272937666,0.21066569999675266,16,0,16,predictions/43_uci_internal_fixed_blur_noise_to_clean_sar_complete_w0_optimizer_ab.npz
stage_a_uci_v2,43,uci_internal_fixed,blur_noise_to_clean,sar_complete,optimizer,0,ba,512,0.984375,0.05661783470525689,0.027664784970815225,0.010118648042112065,0.2454440000001341,16,0,16,predictions/43_uci_internal_fixed_blur_noise_to_clean_sar_complete_w0_optimizer_ba.npz
stage_a_uci_v2,43,uci_internal_fixed,blur_noise_to_clean,sar_complete,parameters_optimizer,0,ab,512,0.984375,0.05661794189454341,0.02766479686153689,0.01011854509243159,0.26059520000126213,16,0,16,predictions/43_uci_internal_fixed_blur_noise_to_clean_sar_complete_w0_parameters_optimizer_ab.npz
stage_a_uci_v2,43,uci_internal_fixed,blur_noise_to_clean,sar_complete,parameters_optimizer,0,ba,512,0.984375,0.05661794189454341,0.02766479686153689,0.01011854509243159,0.4951768000028096,16,0,16,predictions/43_uci_internal_fixed_blur_noise_to_clean_sar_complete_w0_parameters_optimizer_ba.npz
stage_a_uci_v2,43,uci_internal_fixed,blur_noise_to_clean,sar_complete,aux,0,ab,512,0.984375,0.05661441535199715,0.027664404100115777,0.010121931272937666,0.313198600008036,16,0,16,predictions/43_uci_internal_fixed_blur_noise_to_clean_sar_complete_w0_aux_ab.npz
stage_a_uci_v2,43,uci_internal_fixed,blur_noise_to_clean,sar_complete,aux,0,ba,512,0.984375,0.05661783470525689,0.027664784970815225,0.010118648042112065,0.20161420000658836,16,0,16,predictions/43_uci_internal_fixed_blur_noise_to_clean_sar_complete_w0_aux_ba.npz
stage_a_uci_v2,43,uci_internal_fixed,blur_noise_to_clean,sar_complete,parameters_aux,0,ab,512,0.984375,0.05661794189454341,0.02766479686153689,0.01011854509243159,0.25895370000216644,16,0,16,predictions/43_uci_internal_fixed_blur_noise_to_clean_sar_complete_w0_parameters_aux_ab.npz
stage_a_uci_v2,43,uci_internal_fixed,blur_noise_to_clean,sar_complete,parameters_aux,0,ba,512,0.984375,0.05661794189454341,0.02766479686153689,0.01011854509243159,0.22600389999570325,16,0,16,predictions/43_uci_internal_fixed_blur_noise_to_clean_sar_complete_w0_parameters_aux_ba.npz
stage_a_uci_v2,43,uci_internal_fixed,blur_noise_to_clean,sar_complete,optimizer_aux,0,ab,512,0.984375,0.05661441535199715,0.027664404100115777,0.010121931272937666,0.21247920001042075,16,0,16,predictions/43_uci_internal_fixed_blur_noise_to_clean_sar_complete_w0_optimizer_aux_ab.npz
stage_a_uci_v2,43,uci_internal_fixed,blur_noise_to_clean,sar_complete,optimizer_aux,0,ba,512,0.984375,0.05661783470525689,0.027664784970815225,0.010118648042112065,0.21702270000241697,16,0,16,predictions/43_uci_internal_fixed_blur_noise_to_clean_sar_complete_w0_optimizer_aux_ba.npz
stage_a_uci_v2,43,uci_internal_fixed,blur_noise_to_clean,sar_complete,parameters_optimizer_aux,0,ab,512,0.984375,0.05661794189454341,0.02766479686153689,0.01011854509243159,0.19306390000565443,16,0,16,predictions/43_uci_internal_fixed_blur_noise_to_clean_sar_complete_w0_parameters_optimizer_aux_ab.npz
stage_a_uci_v2,43,uci_internal_fixed,blur_noise_to_clean,sar_complete,parameters_optimizer_aux,0,ba,512,0.984375,0.05661794189454341,0.02766479686153689,0.01011854509243159,0.19459089999145363,16,0,16,predictions/43_uci_internal_fixed_blur_noise_to_clean_sar_complete_w0_parameters_optimizer_aux_ba.npz
stage_a_uci_v2,43,uci_internal_fixed,blur_noise_to_clean,sar_complete,all,0,ab,512,0.984375,0.05661794189454341,0.02766479686153689,0.01011854509243159,0.2117283999978099,16,0,16,predictions/43_uci_internal_fixed_blur_noise_to_clean_sar_complete_w0_all_ab.npz
stage_a_uci_v2,43,uci_internal_fixed,blur_noise_to_clean,sar_complete,all,0,ba,512,0.984375,0.05661794189454341,0.02766479686153689,0.01011854509243159,0.29729909999878146,16,0,16,predictions/43_uci_internal_fixed_blur_noise_to_clean_sar_complete_w0_all_ba.npz
stage_a_uci_v2,43,uci_internal_fixed,blur_noise_to_clean,sar_complete,none,4,ab,512,0.984375,0.05661794189454341,0.02766479686153689,0.01011854509243159,0.22137640000437386,16,0,16,predictions/43_uci_internal_fixed_blur_noise_to_clean_sar_complete_w4_none_ab.npz
stage_a_uci_v2,43,uci_internal_fixed,blur_noise_to_clean,sar_complete,none,4,ba,512,0.984375,0.05661794189454341,0.02766479686153689,0.01011854509243159,0.2402204999962123,16,0,16,predictions/43_uci_internal_fixed_blur_noise_to_clean_sar_complete_w4_none_ba.npz
stage_a_uci_v2,43,uci_internal_fixed,blur_noise_to_clean,sar_complete,parameters,4,ab,512,0.984375,0.05661794189454341,0.02766479686153689,0.01011854509243159,0.19766740000341088,16,0,16,predictions/43_uci_internal_fixed_blur_noise_to_clean_sar_complete_w4_parameters_ab.npz
stage_a_uci_v2,43,uci_internal_fixed,blur_noise_to_clean,sar_complete,parameters,4,ba,512,0.984375,0.05661794189454341,0.02766479686153689,0.01011854509243159,0.2723951000079978,16,0,16,predictions/43_uci_internal_fixed_blur_noise_to_clean_sar_complete_w4_parameters_ba.npz
stage_a_uci_v2,43,uci_internal_fixed,blur_noise_to_clean,sar_complete,optimizer,4,ab,512,0.984375,0.05661794189454341,0.02766479686153689,0.01011854509243159,0.24413560000539292,16,0,16,predictions/43_uci_internal_fixed_blur_noise_to_clean_sar_complete_w4_optimizer_ab.npz
stage_a_uci_v2,43,uci_internal_fixed,blur_noise_to_clean,sar_complete,optimizer,4,ba,512,0.984375,0.05661794189454341,0.02766479686153689,0.01011854509243159,0.30051929999899585,16,0,16,predictions/43_uci_internal_fixed_blur_noise_to_clean_sar_complete_w4_optimizer_ba.npz
stage_a_uci_v2,43,uci_internal_fixed,blur_noise_to_clean,sar_complete,parameters_optimizer,4,ab,512,0.984375,0.05661794189454341,0.02766479686153689,0.01011854509243159,0.3005655000015395,16,0,16,predictions/43_uci_internal_fixed_blur_noise_to_clean_sar_complete_w4_parameters_optimizer_ab.npz
stage_a_uci_v2,43,uci_internal_fixed,blur_noise_to_clean,sar_complete,parameters_optimizer,4,ba,512,0.984375,0.05661794189454341,0.02766479686153689,0.01011854509243159,0.4362449999898672,16,0,16,predictions/43_uci_internal_fixed_blur_noise_to_clean_sar_complete_w4_parameters_optimizer_ba.npz
stage_a_uci_v2,43,uci_internal_fixed,blur_noise_to_clean,sar_complete,aux,4,ab,512,0.984375,0.05661794189454341,0.02766479686153689,0.01011854509243159,0.260965399997076,16,0,16,predictions/43_uci_internal_fixed_blur_noise_to_clean_sar_complete_w4_aux_ab.npz
stage_a_uci_v2,43,uci_internal_fixed,blur_noise_to_clean,sar_complete,aux,4,ba,512,0.984375,0.05661794189454341,0.02766479686153689,0.01011854509243159,0.3550115999969421,16,0,16,predictions/43_uci_internal_fixed_blur_noise_to_clean_sar_complete_w4_aux_ba.npz
stage_a_uci_v2,43,uci_internal_fixed,blur_noise_to_clean,sar_complete,parameters_aux,4,ab,512,0.984375,0.05661794189454341,0.02766479686153689,0.01011854509243159,0.21621649998996872,16,0,16,predictions/43_uci_internal_fixed_blur_noise_to_clean_sar_complete_w4_parameters_aux_ab.npz
stage_a_uci_v2,43,uci_internal_fixed,blur_noise_to_clean,sar_complete,parameters_aux,4,ba,512,0.984375,0.05661794189454341,0.02766479686153689,0.01011854509243159,0.25496550000389107,16,0,16,predictions/43_uci_internal_fixed_blur_noise_to_clean_sar_complete_w4_parameters_aux_ba.npz
stage_a_uci_v2,43,uci_internal_fixed,blur_noise_to_clean,sar_complete,optimizer_aux,4,ab,512,0.984375,0.05661794189454341,0.02766479686153689,0.01011854509243159,0.1988156000006711,16,0,16,predictions/43_uci_internal_fixed_blur_noise_to_clean_sar_complete_w4_optimizer_aux_ab.npz
stage_a_uci_v2,43,uci_internal_fixed,blur_noise_to_clean,sar_complete,optimizer_aux,4,ba,512,0.984375,0.05661794189454341,0.02766479686153689,0.01011854509243159,0.17590410000411794,16,0,16,predictions/43_uci_internal_fixed_blur_noise_to_clean_sar_complete_w4_optimizer_aux_ba.npz
stage_a_uci_v2,43,uci_internal_fixed,blur_noise_to_clean,sar_complete,parameters_optimizer_aux,4,ab,512,0.984375,0.05661794189454341,0.02766479686153689,0.01011854509243159,0.15837800000736024,16,0,16,predictions/43_uci_internal_fixed_blur_noise_to_clean_sar_complete_w4_parameters_optimizer_aux_ab.npz
stage_a_uci_v2,43,uci_internal_fixed,blur_noise_to_clean,sar_complete,parameters_optimizer_aux,4,ba,512,0.984375,0.05661794189454341,0.02766479686153689,0.01011854509243159,0.1928773999970872,16,0,16,predictions/43_uci_internal_fixed_blur_noise_to_clean_sar_complete_w4_parameters_optimizer_aux_ba.npz
stage_a_uci_v2,43,uci_internal_fixed,blur_noise_to_clean,sar_complete,all,4,ab,512,0.984375,0.05661794189454341,0.02766479686153689,0.01011854509243159,0.18577080000250135,16,0,16,predictions/43_uci_internal_fixed_blur_noise_to_clean_sar_complete_w4_all_ab.npz
stage_a_uci_v2,43,uci_internal_fixed,blur_noise_to_clean,sar_complete,all,4,ba,512,0.984375,0.05661794189454341,0.02766479686153689,0.01011854509243159,0.15127440000651404,16,0,16,predictions/43_uci_internal_fixed_blur_noise_to_clean_sar_complete_w4_all_ba.npz
